frame_id,timestamp,px,py,pz,qx,qy,qz,qw
456691,1775274309.419473,1.789027214050293,0.13527625799179077,2.3144147396087646,0.01238133106380701,0.05840500816702843,0.37581223249435425,0.924770712852478
456692,1775274309.430584,1.7890956401824951,0.13531190156936646,2.3144400119781494,0.012644851580262184,0.058455999940633774,0.37560972571372986,0.9248461723327637
456693,1775274309.441695,1.789064884185791,0.13531987369060516,2.314429521560669,0.012878909707069397,0.05849721282720566,0.37513604760169983,0.9250324964523315
456694,1775274309.4528062,1.789150357246399,0.13522383570671082,2.314500570297241,0.012175455689430237,0.05875656381249428,0.375518798828125,0.9248703122138977
456695,1775274309.4639173,1.7891334295272827,0.1352095603942871,2.3144631385803223,0.01211022213101387,0.05876927822828293,0.37545230984687805,0.924897313117981
456696,1775274309.4750285,1.7891000509262085,0.1353049874305725,2.3144288063049316,0.012673385441303253,0.05844608321785927,0.37498998641967773,0.9250978827476501
456697,1775274309.4861395,1.7890983819961548,0.13534057140350342,2.3144328594207764,0.012838157825171947,0.05870794877409935,0.37502336502075195,0.9250653982162476
456698,1775274309.4972506,1.7890174388885498,0.1353806108236313,2.3143696784973145,0.01296356413513422,0.05841980129480362,0.37479308247566223,0.9251753091812134
456699,1775274309.5083618,1.7891969680786133,0.1352842003107071,2.314455032348633,0.012520507909357548,0.058565761893987656,0.3755698800086975,0.9248570799827576
456700,1775274309.5194728,1.789168119430542,0.13531862199306488,2.3144078254699707,0.012494160793721676,0.05856829509139061,0.3752502202987671,0.9249869585037231
456701,1775274309.5305839,1.7891839742660522,0.13535365462303162,2.314413547515869,0.012615637853741646,0.05852727219462395,0.3755197525024414,0.9248785972595215
456702,1775274309.541695,1.7891861200332642,0.1353071630001068,2.3143911361694336,0.01277819462120533,0.05841713771224022,0.3757116198539734,0.9248053431510925
456703,1775274309.5528061,1.7892175912857056,0.13524280488491058,2.3143839836120605,0.01247763354331255,0.05843792110681534,0.37600764632225037,0.9246878027915955
456704,1775274309.5639174,1.7892512083053589,0.13518400490283966,2.3143835067749023,0.012356222607195377,0.05839236453175545,0.376314252614975,0.9245675802230835
456705,1775274309.5750284,1.7892138957977295,0.13528349995613098,2.3143470287323,0.012878668494522572,0.05823561176657677,0.37604302167892456,0.9246807098388672
456706,1775274309.5861394,1.7892404794692993,0.13529428839683533,2.314326524734497,0.013133494183421135,0.058111101388931274,0.3762664794921875,0.9245940446853638
456707,1775274309.5972507,1.7892906665802002,0.1352374106645584,2.3143434524536133,0.012764106504619122,0.05823265761137009,0.37670981884002686,0.9244110584259033
456708,1775274309.6083617,1.7893227338790894,0.13518965244293213,2.314342737197876,0.01275484450161457,0.058267928659915924,0.37700194120407104,0.924289882183075
456709,1775274309.619473,1.7893235683441162,0.13523511588573456,2.314318895339966,0.012757689692080021,0.058227069675922394,0.3768978714942932,0.9243347644805908
456710,1775274309.630584,1.7893414497375488,0.13525767624378204,2.314326763153076,0.013257046230137348,0.0581057108938694,0.3769286572933197,0.9243228435516357
456711,1775274309.641695,1.7893348932266235,0.13528472185134888,2.314302682876587,0.013264616020023823,0.05821247398853302,0.37678253650665283,0.924375593662262
456712,1775274309.6528063,1.7894008159637451,0.13518822193145752,2.314305067062378,0.012757469899952412,0.05836180970072746,0.37719979882240295,0.9242032170295715
456713,1775274309.6639173,1.7894282341003418,0.13520289957523346,2.3142852783203125,0.012610767036676407,0.058368802070617676,0.3771810829639435,0.9242123961448669
456714,1775274309.6750283,1.7894566059112549,0.1352691799402237,2.314307689666748,0.013101288117468357,0.05848417803645134,0.37686488032341003,0.9243272542953491
456715,1775274309.6861396,1.789348840713501,0.13533709943294525,2.3142242431640625,0.01343096885830164,0.058331750333309174,0.37619635462760925,0.9246044754981995
456716,1775274309.6972506,1.7893656492233276,0.1353454738855362,2.314243793487549,0.013290194794535637,0.0587228499352932,0.3761533796787262,0.9245991706848145
456717,1775274309.7083619,1.7893426418304443,0.13535067439079285,2.3142452239990234,0.013141624629497528,0.058842599391937256,0.37588417530059814,0.9247032403945923
456718,1775274309.719473,1.789430856704712,0.13534793257713318,2.314256191253662,0.013024856336414814,0.05901322141289711,0.3758583664894104,0.9247044324874878
456719,1775274309.730584,1.7894662618637085,0.135330930352211,2.3142380714416504,0.013114381581544876,0.05899491161108017,0.3758435845375061,0.9247103333473206
456720,1775274309.7416952,1.7894409894943237,0.13533881306648254,2.314194917678833,0.012905310839414597,0.05926574394106865,0.3757815957069397,0.9247211813926697
456721,1775274309.7528062,1.7895265817642212,0.13523709774017334,2.314180612564087,0.012063556350767612,0.0591840036213398,0.37602055072784424,0.9246406555175781
456722,1775274309.7639172,1.7895829677581787,0.13526830077171326,2.314208507537842,0.012117687612771988,0.05941552668809891,0.3758637309074402,0.9246888756752014
456723,1775274309.7750285,1.789564609527588,0.13530007004737854,2.3141801357269287,0.01244437973946333,0.059483978897333145,0.37569543719291687,0.9247484803199768
456724,1775274309.7861395,1.7894891500473022,0.13537777960300446,2.3141074180603027,0.012475121766328812,0.05966050550341606,0.3753618597984314,0.9248721599578857
456725,1775274309.7972507,1.7895792722702026,0.13522456586360931,2.314154624938965,0.011788003146648407,0.05960708484053612,0.37587061524391174,0.9246779680252075
456726,1775274309.8083618,1.7895877361297607,0.13519622385501862,2.3141582012176514,0.011675751768052578,0.059564847499132156,0.3759004771709442,0.9246699810028076
456727,1775274309.8194728,1.789580225944519,0.13529905676841736,2.3141584396362305,0.012192705646157265,0.059636835008859634,0.3755549490451813,0.9247990250587463
456728,1775274309.830584,1.7895466089248657,0.1354042887687683,2.314114809036255,0.012331821955740452,0.059686411172151566,0.3753390908241272,0.924881637096405
456729,1775274309.841695,1.7896170616149902,0.13528047502040863,2.3141627311706543,0.011730823665857315,0.05967605486512184,0.3757835030555725,0.9247096180915833
456730,1775274309.852806,1.7896610498428345,0.13528236746788025,2.314189910888672,0.011513342149555683,0.059791505336761475,0.37587785720825195,0.9246666431427002
456731,1775274309.8639174,1.7896453142166138,0.13537448644638062,2.3141705989837646,0.01209680549800396,0.05955236032605171,0.3755378723144531,0.9248127341270447
456732,1775274309.8750284,1.7895480394363403,0.13538441061973572,2.314122200012207,0.012505763210356236,0.059483397752046585,0.37533867359161377,0.9248925447463989
456733,1775274309.8861396,1.7894998788833618,0.13539700210094452,2.314077138900757,0.01263436023145914,0.059691790491342545,0.375257283449173,0.9249103665351868
456734,1775274309.8972507,1.789622187614441,0.13525249063968658,2.314138650894165,0.011873186565935612,0.05975044518709183,0.3758540153503418,0.924674391746521
456735,1775274309.9083617,1.7896511554718018,0.1352728009223938,2.314133644104004,0.0118339154869318,0.059716809540987015,0.3757638931274414,0.9247137308120728
456736,1775274309.919473,1.7895768880844116,0.13532587885856628,2.3140945434570312,0.012322520837187767,0.0595630519092083,0.37543535232543945,0.9248506426811218
456737,1775274309.930584,1.7895244359970093,0.13532555103302002,2.314075231552124,0.012467590160667896,0.0596897155046463,0.3755234181880951,0.9248047471046448
456738,1775274309.941695,1.7895984649658203,0.13520893454551697,2.314114570617676,0.011639874428510666,0.05983457714319229,0.3759101331233978,0.9246491193771362
456739,1775274309.9528062,1.7896063327789307,0.13516588509082794,2.314112424850464,0.011567998677492142,0.05980442091822624,0.3760673999786377,0.9245879650115967
456740,1775274309.9639173,1.7895702123641968,0.13527138531208038,2.3140780925750732,0.01201579999178648,0.05977104976773262,0.3755752444267273,0.9247844815254211
456741,1775274309.9750285,1.7895171642303467,0.13529695570468903,2.314042806625366,0.01231283601373434,0.059726398438215256,0.37548577785491943,0.9248197674751282
456742,1775274309.9861395,1.7895623445510864,0.13523328304290771,2.3140671253204346,0.011703654192388058,0.05980351194739342,0.3757932484149933,0.9246978163719177
456743,1775274309.9972506,1.7896169424057007,0.13514074683189392,2.3140687942504883,0.011483597569167614,0.06003875285387039,0.37598544359207153,0.9246072173118591
456744,1775274310.0083618,1.7895519733428955,0.13521917164325714,2.3140809535980225,0.011584863066673279,0.05998086556792259,0.375622034072876,0.9247573614120483
456745,1775274310.0194728,1.7895587682724,0.13534069061279297,2.314051628112793,0.012092797085642815,0.05983860045671463,0.37526652216911316,0.9249044060707092
456746,1775274310.0305839,1.7895488739013672,0.13521115481853485,2.3140058517456055,0.011961112730205059,0.059911392629146576,0.37542855739593506,0.9248356223106384
456747,1775274310.041695,1.789609432220459,0.135191410779953,2.3140413761138916,0.011563681066036224,0.06008510664105415,0.3757016062736511,0.9247184991836548
456748,1775274310.0528061,1.7895832061767578,0.1352328509092331,2.3140218257904053,0.01165118720382452,0.06009150668978691,0.3753022253513336,0.9248791933059692
456749,1775274310.0639174,1.7896047830581665,0.13522940874099731,2.3140687942504883,0.011650419794023037,0.06017965078353882,0.37542399764060974,0.9248239994049072
456750,1775274310.0750284,1.7895842790603638,0.13534031808376312,2.3140382766723633,0.012174993753433228,0.06005540490150452,0.3749408423900604,0.9250213503837585
456751,1775274310.0861394,1.7896291017532349,0.13529226183891296,2.3140687942504883,0.011750242672860622,0.06028097867965698,0.3750593066215515,0.9249641299247742
456752,1775274310.0972507,1.7895668745040894,0.13529525697231293,2.314042329788208,0.011713733896613121,0.06029985100030899,0.37486493587493896,0.9250421524047852
456753,1775274310.1083617,1.7895573377609253,0.13532908260822296,2.3140408992767334,0.011933589354157448,0.06035616621375084,0.37462836503982544,0.9251315593719482
456754,1775274310.119473,1.7895030975341797,0.13536934554576874,2.3140408992767334,0.011690953746438026,0.06030022352933884,0.37472641468048096,0.9250985980033875
456755,1775274310.130584,1.7895258665084839,0.13529042899608612,2.3140320777893066,0.011464820243418217,0.060365911573171616,0.37495025992393494,0.9250063896179199
456756,1775274310.141695,1.7895480394363403,0.13522067666053772,2.313992977142334,0.01149778813123703,0.06042240932583809,0.37511101365089417,0.9249371290206909
456757,1775274310.1528063,1.7895501852035522,0.1351715326309204,2.3139922618865967,0.011443424038589,0.06049594283103943,0.3752502202987671,0.9248765110969543
456758,1775274310.1639173,1.7895407676696777,0.1351180225610733,2.313985824584961,0.011055778712034225,0.060656800866127014,0.37523385882377625,0.9248773455619812
456759,1775274310.1750283,1.789495825767517,0.13516251742839813,2.313925266265869,0.011189496144652367,0.06070498377084732,0.37512052059173584,0.924918532371521
456760,1775274310.1861396,1.7895050048828125,0.13510146737098694,2.313920021057129,0.011109467595815659,0.06084873899817467,0.37521204352378845,0.9248729944229126
456761,1775274310.1972506,1.7894967794418335,0.13509181141853333,2.3138976097106934,0.010860963724553585,0.060988884419202805,0.37532567977905273,0.9248205423355103
456762,1775274310.2083619,1.7894986867904663,0.1351121962070465,2.313889980316162,0.0109943812713027,0.0609363354742527,0.3750734329223633,0.9249247908592224
456763,1775274310.219473,1.7895019054412842,0.13513247668743134,2.3138842582702637,0.010926398448646069,0.06088022515177727,0.37528088688850403,0.9248451590538025
456764,1775274310.230584,1.789509892463684,0.13516660034656525,2.313915729522705,0.01052263006567955,0.061013273894786835,0.3753843903541565,0.9247990250587463
456765,1775274310.2416952,1.7895337343215942,0.13513316214084625,2.3138890266418457,0.010767235420644283,0.0609872080385685,0.37540701031684875,0.924788773059845
456766,1775274310.2528062,1.7895126342773438,0.13517068326473236,2.313937187194824,0.010649967007339,0.06102994829416275,0.3753845989704132,0.9247964024543762
456767,1775274310.2639172,1.7895194292068481,0.13515350222587585,2.31392765045166,0.010958566330373287,0.06097513064742088,0.375352680683136,0.9248093366622925
456768,1775274310.2750285,1.7895660400390625,0.13511872291564941,2.3139243125915527,0.010776337236166,0.060918502509593964,0.3755371868610382,0.9247403144836426
456769,1775274310.2861395,1.7895543575286865,0.13513340055942535,2.3139114379882812,0.010775730013847351,0.06101420149207115,0.37545475363731384,0.9247675538063049
456770,1775274310.2972507,1.7895530462265015,0.13516710698604584,2.3138999938964844,0.01098489761352539,0.06088748574256897,0.3753875494003296,0.9248006939888
456771,1775274310.3083618,1.7895376682281494,0.13524141907691956,2.3139381408691406,0.011097469367086887,0.06087377294898033,0.3753706216812134,0.924807071685791
456772,1775274310.3194728,1.7895753383636475,0.13515423238277435,2.3139281272888184,0.011001909151673317,0.0609612762928009,0.37554576992988586,0.9247313737869263
456773,1775274310.330584,1.789509892463684,0.13517388701438904,2.313948154449463,0.010550717823207378,0.061010293662548065,0.3754189908504486,0.9247848987579346
456774,1775274310.341695,1.789551854133606,0.13513246178627014,2.313917875289917,0.010748450644314289,0.06099369004368782,0.37547197937965393,0.9247621297836304
456775,1775274310.352806,1.7895623445510864,0.135122150182724,2.31392502784729,0.010787945240736008,0.0609985888004303,0.37548089027404785,0.9247577786445618
456776,1775274310.3639174,1.7895522117614746,0.13516171276569366,2.313913106918335,0.011111230589449406,0.06084523722529411,0.37545186281204224,0.9247757792472839
456777,1775274310.3750284,1.7895350456237793,0.1351582258939743,2.313894748687744,0.01114740502089262,0.060820143669843674,0.37548649311065674,0.9247629642486572
456778,1775274310.3861396,1.7895783185958862,0.13507388532161713,2.3139326572418213,0.010638393461704254,0.06096912920475006,0.375664085149765,0.9246870279312134
456779,1775274310.3972507,1.7895703315734863,0.13512416183948517,2.3139278888702393,0.0108491200953722,0.06091337278485298,0.3755474090576172,0.9247356057167053
456780,1775274310.4083617,1.7895431518554688,0.13517440855503082,2.3139326572418213,0.011116592213511467,0.060931093990802765,0.37534865736961365,0.9248120188713074
456781,1775274310.419473,1.7895270586013794,0.13520032167434692,2.3139047622680664,0.01129353977739811,0.060741622000932693,0.37533819675445557,0.9248265624046326
456782,1775274310.430584,1.7895647287368774,0.13519486784934998,2.3139538764953613,0.01078188605606556,0.060797709971666336,0.3755756914615631,0.9247325658798218
456783,1775274310.441695,1.78956139087677,0.1351267397403717,2.3139772415161133,0.010491169057786465,0.0609593503177166,0.3755481541156769,0.9247364401817322
456784,1775274310.4528062,1.7895442247390747,0.1351763904094696,2.3139238357543945,0.011014441028237343,0.060818638652563095,0.3752511143684387,0.9248602390289307
456785,1775274310.4639173,1.78950834274292,0.13521631062030792,2.313892126083374,0.01132078655064106,0.06067269295454025,0.3752124011516571,0.9248818159103394
456786,1775274310.4750285,1.7895399332046509,0.1351618617773056,2.313899517059326,0.011079744435846806,0.06077370047569275,0.3755139112472534,0.9247556924819946
456787,1775274310.4861395,1.789512038230896,0.13515165448188782,2.313900947570801,0.011083065532147884,0.06077868118882179,0.3753599524497986,0.9248179197311401
456788,1775274310.4972506,1.7895549535751343,0.13508404791355133,2.313924551010132,0.010787948034703732,0.060973167419433594,0.3756515085697174,0.9246901869773865
456789,1775274310.5083618,1.7895194292068481,0.13509167730808258,2.3139126300811768,0.010861851274967194,0.06096242368221283,0.37559616565704346,0.9247124791145325
456790,1775274310.5194728,1.7894994020462036,0.13509680330753326,2.3139002323150635,0.01080157607793808,0.06093359738588333,0.3755393326282501,0.9247381687164307
456791,1775274310.5305839,1.7895033359527588,0.1350506842136383,2.31388783454895,0.010554511100053787,0.06097165122628212,0.3758857250213623,0.9245977401733398
456792,1775274310.541695,1.7894731760025024,0.13503122329711914,2.31387996673584,0.010534621775150299,0.0610109344124794,0.3757425844669342,0.9246535897254944
456793,1775274310.5528061,1.7894498109817505,0.13501156866550446,2.3138482570648193,0.010359548963606358,0.06100727990269661,0.3757539689540863,0.9246511459350586
456794,1775274310.5639174,1.7894681692123413,0.1349567472934723,2.3138413429260254,0.010127827525138855,0.06104440614581108,0.37598612904548645,0.9245568513870239
456795,1775274310.5750284,1.7894355058670044,0.13494229316711426,2.3137764930725098,0.010421809740364552,0.060784585773944855,0.3761387765407562,0.9245086908340454
456796,1775274310.5861394,1.7894376516342163,0.1348814219236374,2.3137717247009277,0.010228936560451984,0.06083594262599945,0.3762747049331665,0.9244521260261536
456797,1775274310.5972507,1.7894567251205444,0.1348842978477478,2.3137474060058594,0.010380633175373077,0.06070201098918915,0.37639549374580383,0.9244100451469421
456798,1775274310.6083617,1.7893832921981812,0.13480375707149506,2.313664674758911,0.009997326880693436,0.060959555208683014,0.3762300908565521,0.9244646430015564
456799,1775274310.619473,1.7893480062484741,0.13476791977882385,2.3136801719665527,0.009731481783092022,0.060903195291757584,0.37647363543510437,0.9243720769882202
456800,1775274310.630584,1.7893507480621338,0.13471366465091705,2.313633918762207,0.009477490559220314,0.06108129024505615,0.3764885365962982,0.9243568778038025
456801,1775274310.641695,1.7892818450927734,0.13474538922309875,2.3136019706726074,0.010097806341946125,0.060759905725717545,0.376533180475235,0.924353301525116
456802,1775274310.6528063,1.7892861366271973,0.13471707701683044,2.313586473464966,0.009853963740170002,0.06080321595072746,0.37664514780044556,0.9243074655532837
456803,1775274310.6639173,1.7892680168151855,0.13464747369289398,2.3135509490966797,0.00944544654339552,0.06094830110669136,0.37679922580718994,0.9242393374443054
456804,1775274310.6750283,1.7892208099365234,0.1345738172531128,2.3135154247283936,0.009164035320281982,0.060912422835826874,0.3770478069782257,0.9241432547569275
456805,1775274310.6861396,1.7891676425933838,0.13451850414276123,2.313462018966675,0.00892353430390358,0.060790665447711945,0.37725844979286194,0.9240676164627075
456806,1775274310.6972506,1.789137363433838,0.13450990617275238,2.3133883476257324,0.009158938191831112,0.060698945075273514,0.3772761821746826,0.9240641593933105
456807,1775274310.7083619,1.7890911102294922,0.13443651795387268,2.313361167907715,0.009036771021783352,0.060622502118349075,0.3774612247943878,0.9239947199821472
456808,1775274310.719473,1.7891016006469727,0.1343042105436325,2.313354015350342,0.008381672203540802,0.06082553416490555,0.37785133719444275,0.923828125
456809,1775274310.730584,1.789138674736023,0.13425782322883606,2.3133418560028076,0.008252143859863281,0.06093795225024223,0.3780979812145233,0.9237208962440491
456810,1775274310.7416952,1.7890956401824951,0.13427075743675232,2.313307762145996,0.008654393255710602,0.06082520633935928,0.3778573274612427,0.9238231778144836
456811,1775274310.7528062,1.789054274559021,0.13434351980686188,2.313262939453125,0.008987436071038246,0.0607120618224144,0.37779074907302856,0.9238547086715698
456812,1775274310.7639172,1.7890446186065674,0.13425502181053162,2.3132662773132324,0.008460613898932934,0.06068304553627968,0.377876877784729,0.923826277256012
456813,1775274310.7750285,1.7891249656677246,0.13415855169296265,2.3132803440093994,0.008175158873200417,0.06098911538720131,0.37815430760383606,0.9236952066421509
456814,1775274310.7861395,1.7890708446502686,0.13418062031269073,2.3132622241973877,0.008105992339551449,0.060951828956604004,0.378242552280426,0.9236621260643005
456815,1775274310.7972507,1.789050579071045,0.13421611487865448,2.313237190246582,0.008097870275378227,0.061150308698415756,0.3782888948917389,0.9236301183700562
456816,1775274310.8083618,1.7889763116836548,0.13422828912734985,2.3131866455078125,0.008207747712731361,0.06087600812315941,0.37811341881752014,0.9237191081047058
456817,1775274310.8194728,1.7890584468841553,0.13419686257839203,2.313204765319824,0.008016800507903099,0.06092854589223862,0.3782748579978943,0.9236512184143066
456818,1775274310.830584,1.7891217470169067,0.13416646420955658,2.313246488571167,0.008116642944514751,0.061218589544296265,0.37818604707717896,0.9236674904823303
456819,1775274310.841695,1.7890362739562988,0.13419614732265472,2.313220739364624,0.008047101087868214,0.06100308150053024,0.37823858857154846,0.923660933971405
456820,1775274310.852806,1.7890419960021973,0.13423456251621246,2.313220977783203,0.008092052303254604,0.061170998960733414,0.3781779706478119,0.9236742258071899
456821,1775274310.8639174,1.7890270948410034,0.13424362242221832,2.3132336139678955,0.008022107183933258,0.06121281161904335,0.3781273663043976,0.9236927628517151
456822,1775274310.8750284,1.788970947265625,0.13420243561267853,2.3131978511810303,0.008093087933957577,0.06137976422905922,0.3779643774032593,0.9237477779388428
456823,1775274310.8861396,1.7889989614486694,0.13420040905475616,2.3132119178771973,0.00795987993478775,0.061195697635412216,0.3781018853187561,0.9237048625946045
456824,1775274310.8972507,1.788987159729004,0.13422338664531708,2.3131942749023438,0.007880751974880695,0.061097897589206696,0.37823253870010376,0.923658549785614
456825,1775274310.9083617,1.789042592048645,0.13422255218029022,2.313214063644409,0.00789359025657177,0.061062540858983994,0.3782814145088196,0.923640787601471
456826,1775274310.919473,1.7889763116836548,0.13421526551246643,2.313204288482666,0.007915372960269451,0.06094948947429657,0.37814247608184814,0.9237049221992493
456827,1775274310.930584,1.7890886068344116,0.134177565574646,2.313211441040039,0.008185031823813915,0.06114654988050461,0.3781585991382599,0.9236829876899719
456828,1775274310.941695,1.7890506982803345,0.13419248163700104,2.3131864070892334,0.008048447780311108,0.0610821433365345,0.37822699546813965,0.923660397529602
456829,1775274310.9528062,1.7890268564224243,0.13418780267238617,2.3131730556488037,0.008006090298295021,0.061009373515844345,0.37825462222099304,0.923654317855835
456830,1775274310.9639173,1.7890161275863647,0.13417288661003113,2.3131814002990723,0.007959735579788685,0.0610041506588459,0.3782574236392975,0.9236539006233215
456831,1775274310.9750285,1.7890723943710327,0.13416998088359833,2.3132126331329346,0.008049767464399338,0.06123322620987892,0.37836870551109314,0.9235923886299133
456832,1775274310.9861395,1.7889844179153442,0.13416989147663116,2.3131661415100098,0.008080863393843174,0.061006397008895874,0.3781588673591614,0.923693060874939
456833,1775274310.9972506,1.789026141166687,0.13417401909828186,2.3131659030914307,0.008108548820018768,0.06105007603764534,0.378233939409256,0.9236592054367065
456834,1775274311.0083618,1.7890037298202515,0.13417655229568481,2.3131704330444336,0.0078513128682971,0.061042238026857376,0.3784005641937256,0.9235936999320984
456835,1775274311.0194728,1.7889877557754517,0.1341579109430313,2.3131752014160156,0.007773991674184799,0.06085600331425667,0.3783703148365021,0.9236190319061279
456836,1775274311.0305839,1.78905189037323,0.13416139781475067,2.3131728172302246,0.008033077232539654,0.06113021820783615,0.37828171253204346,0.923634946346283
456837,1775274311.041695,1.789002537727356,0.13417227566242218,2.313148021697998,0.00789951253682375,0.061141237616539,0.37847599387168884,0.9235557317733765
456838,1775274311.0528061,1.7889879941940308,0.1341472715139389,2.3131332397460938,0.0076964679174125195,0.06101329252123833,0.37858501076698303,0.9235212802886963
456839,1775274311.0639174,1.789022445678711,0.13411454856395721,2.3131463527679443,0.0077922954224050045,0.060906536877155304,0.3785339593887329,0.9235484600067139
456840,1775274311.0750284,1.7890405654907227,0.13412971794605255,2.313162088394165,0.007747787982225418,0.06113508716225624,0.37863171100616455,0.9234936237335205
456841,1775274311.0861394,1.7889878749847412,0.13412466645240784,2.3131296634674072,0.007974198088049889,0.06101417914032936,0.37844741344451904,0.9235752820968628
456842,1775274311.0972507,1.7890009880065918,0.13412265479564667,2.313123941421509,0.00781623087823391,0.061119478195905685,0.3786221444606781,0.9234980344772339
456843,1775274311.1083617,1.7889946699142456,0.13411611318588257,2.3131227493286133,0.00772192282602191,0.0610521100461483,0.3786957263946533,0.9234731197357178
456844,1775274311.119473,1.7890007495880127,0.1340843290090561,2.3131449222564697,0.007818684913218021,0.06111200153827667,0.37853261828422546,0.9235352277755737
456845,1775274311.130584,1.7889635562896729,0.13410556316375732,2.3131260871887207,0.007775595877319574,0.061037857085466385,0.3786235451698303,0.9235032200813293
456846,1775274311.141695,1.788947343826294,0.13410872220993042,2.3131017684936523,0.007789149414747953,0.060959480702877045,0.3786778450012207,0.9234859943389893
456847,1775274311.1528063,1.7889188528060913,0.13410961627960205,2.3131027221679688,0.007582659833133221,0.06113384664058685,0.37877365946769714,0.9234368801116943
456848,1775274311.1639173,1.7889173030853271,0.13404522836208344,2.313062906265259,0.007589154411107302,0.06097846105694771,0.3788785934448242,0.9234040975570679
456849,1775274311.1750283,1.788930892944336,0.13399966061115265,2.313030481338501,0.007799497339874506,0.06077461317181587,0.3789043128490448,0.9234051704406738
456850,1775274311.1861396,1.788846731185913,0.13402517139911652,2.313037872314453,0.007802066393196583,0.06091851368546486,0.3787388801574707,0.9234635233879089
456851,1775274311.1972506,1.7888901233673096,0.1340288519859314,2.313025951385498,0.007667997851967812,0.0608474463224411,0.3790583610534668,0.9233382940292358
456852,1775274311.2083619,1.7888774871826172,0.13403604924678802,2.3130605220794678,0.007649162784218788,0.06092008575797081,0.37894025444984436,0.9233821034431458
456853,1775274311.219473,1.7889328002929688,0.13402368128299713,2.3130733966827393,0.00769183412194252,0.060894925147295,0.37902116775512695,0.9233502149581909
456854,1775274311.230584,1.788931965827942,0.13400496542453766,2.313079595565796,0.007846281863749027,0.06098048761487007,0.37905457615852356,0.9233295917510986
456855,1775274311.2416952,1.7888996601104736,0.1340211182832718,2.313044309616089,0.007851063273847103,0.06072087585926056,0.3791930675506592,0.9232897162437439
456856,1775274311.2528062,1.788896918296814,0.1340559870004654,2.3130545616149902,0.007802239153534174,0.06095533072948456,0.3789876699447632,0.9233590364456177
456857,1775274311.2639172,1.7889364957809448,0.1340050846338272,2.3130440711975098,0.007873477414250374,0.06066522374749184,0.37908950448036194,0.9233357906341553
456858,1775274311.2750285,1.7888866662979126,0.13403549790382385,2.3130671977996826,0.007740505039691925,0.060749415308237076,0.37907642126083374,0.9233366847038269
456859,1775274311.2861395,1.7888907194137573,0.1340244710445404,2.3130688667297363,0.007922946475446224,0.06081986054778099,0.3790685832500458,0.9233337640762329
456860,1775274311.2972507,1.7888096570968628,0.1340181529521942,2.31306529045105,0.00809581857174635,0.06110350042581558,0.3788038194179535,0.9234221577644348
456861,1775274311.3083618,1.7889037132263184,0.1340157836675644,2.3130764961242676,0.007907705381512642,0.06091321259737015,0.37912192940711975,0.9233058094978333
456862,1775274311.3194728,1.788922905921936,0.13402104377746582,2.3130993843078613,0.007828384637832642,0.06087755039334297,0.3790246248245239,0.9233487844467163
456863,1775274311.330584,1.788900375366211,0.13404397666454315,2.3130977153778076,0.007929076440632343,0.060878973454236984,0.3789850175380707,0.9233641028404236
456864,1775274311.341695,1.7888944149017334,0.13403823971748352,2.31308650970459,0.007988061755895615,0.060963138937950134,0.3789255917072296,0.9233824014663696
456865,1775274311.352806,1.7888635396957397,0.1340591013431549,2.313089370727539,0.007923751138150692,0.06085606664419174,0.37892982363700867,0.9233883023262024
456866,1775274311.3639174,1.7888985872268677,0.13403534889221191,2.3131165504455566,0.0078656654804945,0.06092359498143196,0.37897637486457825,0.9233652353286743
456867,1775274311.3750284,1.7888493537902832,0.13404826819896698,2.313096284866333,0.00770550686866045,0.06077831983566284,0.3790496587753296,0.9233461618423462
456868,1775274311.3861396,1.7888153791427612,0.13405098021030426,2.313093900680542,0.007681904826313257,0.06086084991693497,0.3789357542991638,0.9233875870704651
456869,1775274311.3972507,1.788788080215454,0.13403542339801788,2.3130736351013184,0.00789410900324583,0.06118789315223694,0.3788621425628662,0.9233944416046143
456870,1775274311.4083617,1.7888044118881226,0.13405026495456696,2.313091516494751,0.007824890315532684,0.0608878955245018,0.37891483306884766,0.923393189907074
456871,1775274311.419473,1.7888351678848267,0.13403134047985077,2.3130972385406494,0.007679444272071123,0.06070316582918167,0.3789588510990143,0.9233885407447815
456872,1775274311.430584,1.7888432741165161,0.13402250409126282,2.313117027282715,0.007685947231948376,0.060864873230457306,0.37893033027648926,0.9233895540237427
456873,1775274311.441695,1.7888522148132324,0.13402098417282104,2.313117027282715,0.007682813331484795,0.060904715210199356,0.37895628809928894,0.9233763217926025
456874,1775274311.4528062,1.788843035697937,0.13399967551231384,2.313103675842285,0.007723991293460131,0.06077655404806137,0.37906357645988464,0.9233403205871582
456875,1775274311.4639173,1.7888097763061523,0.1340097337961197,2.313098907470703,0.00784124992787838,0.06069193407893181,0.3792053461074829,0.9232866764068604
456876,1775274311.4750285,1.7887959480285645,0.1340077966451645,2.313103675842285,0.007752991281449795,0.060700517147779465,0.37911131978034973,0.9233255386352539
456877,1775274311.4861395,1.788841724395752,0.1339903324842453,2.3131155967712402,0.0076636080630123615,0.06078984588384628,0.379085898399353,0.9233307838439941
456878,1775274311.4972506,1.7888802289962769,0.13399486243724823,2.313161849975586,0.007633982691913843,0.060640253126621246,0.3790352940559387,0.9233617186546326
456879,1775274311.5083618,1.7887933254241943,0.1339573711156845,2.3131110668182373,0.007623656652867794,0.060905277729034424,0.37920355796813965,0.9232752323150635
456880,1775274311.5194728,1.7888070344924927,0.13396163284778595,2.3131330013275146,0.007593683432787657,0.06071796640753746,0.3792891800403595,0.9232526421546936
456881,1775274311.5305839,1.7888144254684448,0.1339671015739441,2.313117265701294,0.007555948570370674,0.06070630997419357,0.37915071845054626,0.9233105778694153
456882,1775274311.541695,1.788848876953125,0.13398490846157074,2.3131303787231445,0.007406136021018028,0.06059956178069115,0.3794536888599396,0.9231943488121033
456883,1775274311.5528061,1.7887722253799438,0.13395066559314728,2.313117504119873,0.007475784979760647,0.06054500862956047,0.3793630301952362,0.9232345819473267
456884,1775274311.5639174,1.7887592315673828,0.13390178978443146,2.3131017684936523,0.007474157027900219,0.060868121683597565,0.3794569671154022,0.9231747388839722
456885,1775274311.5750284,1.7887084484100342,0.13390356302261353,2.3130850791931152,0.0074192616157233715,0.060909468680620193,0.37945976853370667,0.92317134141922
456886,1775274311.5861394,1.7887567281723022,0.1339806318283081,2.3131330013275146,0.00731703732162714,0.06061140075325966,0.3793577551841736,0.9232336282730103
456887,1775274311.5972507,1.7887812852859497,0.1339307725429535,2.3130898475646973,0.007383858785033226,0.06042455509305,0.3795921802520752,0.9231489896774292
456888,1775274311.6083617,1.7886388301849365,0.1339678019285202,2.313080310821533,0.0077340267598629,0.06087138131260872,0.37887078523635864,0.923413097858429
456889,1775274311.619473,1.7886344194412231,0.13392356038093567,2.313082456588745,0.007828639820218086,0.06117171421647072,0.3790726065635681,0.9233096837997437
456890,1775274311.630584,1.7886056900024414,0.133917897939682,2.3130528926849365,0.0077647864818573,0.060998547822237015,0.3791753053665161,0.9232794642448425
456891,1775274311.641695,1.7886161804199219,0.1339007318019867,2.31306529045105,0.007880022749304771,0.061122745275497437,0.37916019558906555,0.9232765436172485
456892,1775274311.6528063,1.7886592149734497,0.13392838835716248,2.313084363937378,0.007735983468592167,0.06087794899940491,0.3793112635612488,0.923231840133667
456893,1775274311.6639173,1.7886192798614502,0.13393470644950867,2.313054084777832,0.007687451783567667,0.060844890773296356,0.3790533244609833,0.9233403205871582
456894,1775274311.6750283,1.788586139678955,0.1339413970708847,2.3130640983581543,0.007484381552785635,0.06097041070461273,0.3791967034339905,0.9232748746871948
456895,1775274311.6861396,1.788564682006836,0.13388049602508545,2.3130409717559814,0.007616481278091669,0.06100011616945267,0.37927496433258057,0.9232396483421326
456896,1775274311.6972506,1.7885195016860962,0.13387750089168549,2.3130247592926025,0.007533130701631308,0.06094704195857048,0.379372775554657,0.9232036471366882
456897,1775274311.7083619,1.7885444164276123,0.1338900774717331,2.3130621910095215,0.007289007306098938,0.06078905984759331,0.37931662797927856,0.9232391119003296
456898,1775274311.719473,1.788509726524353,0.13390956819057465,2.3130385875701904,0.007158640306442976,0.06059153750538826,0.379361093044281,0.9232348799705505
456899,1775274311.730584,1.7884562015533447,0.13387838006019592,2.3130269050598145,0.007158899214118719,0.060883473604917526,0.37944111227989197,0.9231827259063721
456900,1775274311.7416952,1.7884554862976074,0.13383913040161133,2.3130288124084473,0.007185780443251133,0.06094253435730934,0.3795257806777954,0.9231438040733337
456901,1775274311.7528062,1.7884125709533691,0.13378292322158813,2.3129827976226807,0.0072357868775725365,0.06088178977370262,0.37956124544143677,0.9231328368186951
456902,1775274311.7639172,1.7884132862091064,0.13378851115703583,2.3130009174346924,0.00697318185120821,0.06088925525546074,0.3796197175979614,0.9231104254722595
456903,1775274311.7750285,1.7884031534194946,0.13377265632152557,2.313004732131958,0.007002754602581263,0.06090959161520004,0.3796817362308502,0.9230833053588867
456904,1775274311.7861395,1.788414716720581,0.13370458781719208,2.312966823577881,0.007263075094670057,0.06091504171490669,0.3799045979976654,0.9229892492294312
456905,1775274311.7972507,1.7883952856063843,0.13374418020248413,2.312983512878418,0.0070717488415539265,0.060863085091114044,0.3799145519733429,0.9229900240898132
456906,1775274311.8083618,1.788396954536438,0.1336853951215744,2.3129515647888184,0.007239683531224728,0.060929201543331146,0.3799927234649658,0.9229521751403809
456907,1775274311.8194728,1.788346529006958,0.13366226851940155,2.312924861907959,0.0071748667396605015,0.060732387006282806,0.38020059466362,0.9228800535202026
456908,1775274311.830584,1.7883232831954956,0.13370251655578613,2.312944173812866,0.007022841367870569,0.06070179119706154,0.38025563955307007,0.9228605628013611
456909,1775274311.841695,1.788285493850708,0.1336950808763504,2.3129384517669678,0.0068796370178461075,0.060696810483932495,0.38038069009780884,0.922810435295105
456910,1775274311.852806,1.788285255432129,0.13365912437438965,2.312910795211792,0.007115844637155533,0.06070718541741371,0.3803725242614746,0.9228113293647766
456911,1775274311.8639174,1.7882728576660156,0.13364124298095703,2.3129069805145264,0.006724065635353327,0.06063539534807205,0.3806111812591553,0.9227206110954285
456912,1775274311.8750284,1.7882657051086426,0.13365721702575684,2.3128974437713623,0.006585360504686832,0.06060488894581795,0.3805924355983734,0.922731339931488
456913,1775274311.8861396,1.7882487773895264,0.13366693258285522,2.312901258468628,0.006663838401436806,0.060649048537015915,0.38047146797180176,0.9227777719497681
456914,1775274311.8972507,1.7882460355758667,0.13363751769065857,2.312901020050049,0.0066269272938370705,0.060616087168455124,0.3805850148200989,0.9227333664894104
456915,1775274311.9083617,1.7882623672485352,0.13358080387115479,2.3128714561462402,0.006754593458026648,0.0606430359184742,0.38060539960861206,0.9227222204208374
456916,1775274311.919473,1.7882351875305176,0.13358761370182037,2.312879800796509,0.006503663957118988,0.0607682541012764,0.3805217444896698,0.9227503538131714
456917,1775274311.930584,1.788238286972046,0.1336132287979126,2.3128762245178223,0.006448719650506973,0.06064533069729805,0.3804517388343811,0.9227876663208008
456918,1775274311.941695,1.7882190942764282,0.13357818126678467,2.3128533363342285,0.006592233199626207,0.06062208116054535,0.3805914521217346,0.922730565071106
456919,1775274311.9528062,1.7882107496261597,0.1335720270872116,2.312865734100342,0.006439808290451765,0.060587067157030106,0.38060200214385986,0.9227295517921448
456920,1775274311.9639173,1.7882546186447144,0.13353770971298218,2.3128621578216553,0.00673943106085062,0.06082117557525635,0.3805074095726013,0.9227510690689087
456921,1775274311.9750285,1.7881872653961182,0.13355699181556702,2.312868118286133,0.006538555957376957,0.060528866946697235,0.3808486759662628,0.9226309061050415
456922,1775274311.9861395,1.7882204055786133,0.1335604190826416,2.312866449356079,0.0064609902910888195,0.06059865653514862,0.38073232769966125,0.9226749539375305
456923,1775274311.9972506,1.788196086883545,0.1335388571023941,2.312830924987793,0.006571566686034203,0.060618989169597626,0.38068243861198425,0.9226933717727661
456924,1775274312.0083618,1.7881759405136108,0.13352899253368378,2.3128418922424316,0.006523963529616594,0.060522887855768204,0.3809640109539032,0.922583818435669
456925,1775274312.0194728,1.788089394569397,0.13354149460792542,2.3128464221954346,0.006353810429573059,0.06042969226837158,0.38094374537467957,0.9225994348526001
456926,1775274312.0305839,1.78813898563385,0.1335107684135437,2.3128445148468018,0.006437877658754587,0.060481615364551544,0.38096293807029724,0.9225875735282898
456927,1775274312.041695,1.7881349325180054,0.13349886238574982,2.3128294944763184,0.006357772275805473,0.06033944711089134,0.381029337644577,0.922569990158081
456928,1775274312.0528061,1.7881077527999878,0.13346482813358307,2.312837600708008,0.006396032869815826,0.06045803800225258,0.3811280131340027,0.92252117395401
456929,1775274312.0639174,1.788119912147522,0.133506178855896,2.3128576278686523,0.006387313362210989,0.060450565069913864,0.3809396028518677,0.9225995540618896
456930,1775274312.0750284,1.7881206274032593,0.13352558016777039,2.312823534011841,0.006156915333122015,0.06044621393084526,0.3808143436908722,0.9226531386375427
456931,1775274312.0861394,1.7880693674087524,0.13345342874526978,2.3128254413604736,0.006220673676580191,0.06038091704249382,0.38105103373527527,0.9225592613220215
456932,1775274312.0972507,1.7880889177322388,0.13343743979930878,2.3128695487976074,0.006490780971944332,0.06032459810376167,0.3812721371650696,0.9224697947502136
456933,1775274312.1083617,1.7880795001983643,0.13341526687145233,2.3128106594085693,0.006423200946301222,0.06031692400574684,0.38107943534851074,0.9225503206253052
456934,1775274312.119473,1.7880750894546509,0.1334582269191742,2.3128111362457275,0.006235609762370586,0.06031322851777077,0.38106343150138855,0.9225584268569946
456935,1775274312.130584,1.788020133972168,0.13346242904663086,2.31284499168396,0.006377283483743668,0.060288749635219574,0.3812375068664551,0.9224871397018433
456936,1775274312.141695,1.788023591041565,0.13345183432102203,2.3128297328948975,0.006370594259351492,0.06019745022058487,0.38139593601226807,0.9224276542663574
456937,1775274312.1528063,1.7879887819290161,0.13340477645397186,2.3128037452697754,0.006249938625842333,0.060264479368925095,0.38149988651275635,0.9223811030387878
456938,1775274312.1639173,1.787999153137207,0.13342450559139252,2.312803268432617,0.006264308467507362,0.06010587885975838,0.3815053105354309,0.9223891496658325
456939,1775274312.1750283,1.7880514860153198,0.13338784873485565,2.31278657913208,0.006335546728223562,0.059915609657764435,0.38186120986938477,0.9222537279129028
456940,1775274312.1861396,1.787967562675476,0.1333775371313095,2.3127646446228027,0.006294208578765392,0.05989479646086693,0.381876677274704,0.9222489595413208
456941,1775274312.1972506,1.787967324256897,0.13339219987392426,2.312760591506958,0.006187325809150934,0.060004547238349915,0.38176029920578003,0.9222907423973083
456942,1775274312.2083619,1.7879544496536255,0.13333845138549805,2.3127260208129883,0.0061080362647771835,0.0598580501973629,0.38202670216560364,0.9221904873847961
456943,1775274312.219473,1.7879259586334229,0.13328580558300018,2.312704563140869,0.0060719517059624195,0.05992715805768967,0.38211098313331604,0.9221513271331787
456944,1775274312.230584,1.7878714799880981,0.13329197466373444,2.3127026557922363,0.006093551404774189,0.06005583330988884,0.3819615840911865,0.9222046732902527
456945,1775274312.2416952,1.7878625392913818,0.13322016596794128,2.3126626014709473,0.006023559719324112,0.0598844550549984,0.3823588192462921,0.922051727771759
456946,1775274312.2528062,1.7878161668777466,0.13318270444869995,2.3126230239868164,0.00585690513253212,0.05994531884789467,0.3823595941066742,0.9220484495162964
456947,1775274312.2639172,1.7878080606460571,0.13316406309604645,2.3126163482666016,0.005763398017734289,0.06006694212555885,0.38229674100875854,0.9220672249794006
456948,1775274312.2750285,1.7877899408340454,0.13316668570041656,2.312598705291748,0.00580592080950737,0.06011711433529854,0.3822721242904663,0.9220739006996155
456949,1775274312.2861395,1.787750005722046,0.1331174671649933,2.3125269412994385,0.005709393415600061,0.060011230409145355,0.3823002576828003,0.9220697283744812
456950,1775274312.2972507,1.7877228260040283,0.13309243321418762,2.3124799728393555,0.005597754847258329,0.0599578320980072,0.38235941529273987,0.9220494031906128
456951,1775274312.3083618,1.7877148389816284,0.1330961287021637,2.3125038146972656,0.005399185698479414,0.059981390833854675,0.38248583674430847,0.9219965934753418
456952,1775274312.3194728,1.787933588027954,0.13295592367649078,2.3124868869781494,0.005593196023255587,0.060270730406045914,0.3827141225337982,0.9218817949295044
456953,1775274312.330584,1.7876256704330444,0.13309042155742645,2.312459707260132,0.005412884056568146,0.0599924698472023,0.3825664520263672,0.921962320804596
456954,1775274312.341695,1.7878531217575073,0.132962167263031,2.3124301433563232,0.0060899038799107075,0.060451872646808624,0.38276001811027527,0.9218477606773376
456955,1775274312.352806,1.7875237464904785,0.13294245302677155,2.312319278717041,0.005652017891407013,0.05947698652744293,0.3827364444732666,0.9219237565994263
456956,1775274312.3639174,1.7878152132034302,0.13291871547698975,2.3123834133148193,0.0061987037770450115,0.06025678664445877,0.38283297419548035,0.9218295216560364
456957,1775274312.3750284,1.7879210710525513,0.1327933818101883,2.3123748302459717,0.005192284006625414,0.059900734573602676,0.3834597170352936,0.9215983748435974
456958,1775274312.3861396,1.7878732681274414,0.1328027844429016,2.3123435974121094,0.005245057865977287,0.05995335802435875,0.38343316316604614,0.9216057062149048
456959,1775274312.3972507,1.787762999534607,0.132815420627594,2.312324047088623,0.005665733478963375,0.060554929077625275,0.38286465406417847,0.9218002557754517
456960,1775274312.4083617,1.7877994775772095,0.13276375830173492,2.3122713565826416,0.0052497414872050285,0.0600799024105072,0.3834128975868225,0.9216058850288391
456961,1775274312.419473,1.7877472639083862,0.13271862268447876,2.312248945236206,0.004940884653478861,0.060165297240018845,0.3834386169910431,0.9215913414955139
456962,1775274312.430584,1.7877049446105957,0.13271823525428772,2.3122148513793945,0.004861883819103241,0.06008191406726837,0.3835045099258423,0.9215697646141052
456963,1775274312.441695,1.7876075506210327,0.132747083902359,2.312126398086548,0.004955669865012169,0.059992820024490356,0.3833855092525482,0.9216246008872986
456964,1775274312.4528062,1.7876688241958618,0.13267885148525238,2.3121700286865234,0.004889525938779116,0.06022987514734268,0.383512407541275,0.9215567111968994
456965,1775274312.4639173,1.787625789642334,0.1326872706413269,2.312100887298584,0.004711252637207508,0.06001228839159012,0.3835640251636505,0.9215503334999084
456966,1775274312.4750285,1.7875418663024902,0.13272090256214142,2.3120534420013428,0.004713688511401415,0.059832341969013214,0.38357698917388916,0.9215565919876099
456967,1775274312.4861395,1.7875256538391113,0.13270777463912964,2.312042713165283,0.004846318159252405,0.05990952253341675,0.3836034834384918,0.9215399026870728
456968,1775274312.4972506,1.7874687910079956,0.13269129395484924,2.312027931213379,0.004712987691164017,0.05996105819940567,0.3835325539112091,0.9215667247772217
456969,1775274312.5083618,1.7874951362609863,0.1326570212841034,2.3119826316833496,0.0048346081748604774,0.05997033417224884,0.38356485962867737,0.9215520620346069
456970,1775274312.5194728,1.7874500751495361,0.1326618194580078,2.312006711959839,0.0046155876480042934,0.05996387451887131,0.38367876410484314,0.9215061664581299
456971,1775274312.5305839,1.7874174118041992,0.13262878358364105,2.311943769454956,0.004773289896547794,0.059938229620456696,0.38367629051208496,0.9215080738067627
456972,1775274312.541695,1.787380337715149,0.13265277445316315,2.3119471073150635,0.004562015645205975,0.05988690257072449,0.3837505877017975,0.9214815497398376
456973,1775274312.5528061,1.7874473333358765,0.13255810737609863,2.311992645263672,0.0043521239422261715,0.05969204381108284,0.3838411569595337,0.9214574694633484
456974,1775274312.5639174,1.7873821258544922,0.1325729787349701,2.3119566440582275,0.004051354248076677,0.05981268361210823,0.3840673863887787,0.9213567972183228
456975,1775274312.5750284,1.7873849868774414,0.1325584352016449,2.312013626098633,0.0038104753475636244,0.059735123068094254,0.3842439651489258,0.9212892055511475
456976,1775274312.5861394,1.787380576133728,0.13251520693302155,2.3120181560516357,0.0038190153427422047,0.05945960059762001,0.38424932956695557,0.9213047623634338
456977,1775274312.5972507,1.7872552871704102,0.13252300024032593,2.3118836879730225,0.0040072062984108925,0.05943658947944641,0.3841053545475006,0.92136549949646
456978,1775274312.6083617,1.7872447967529297,0.13254661858081818,2.31187105178833,0.004109958652406931,0.059592705219984055,0.3841647207736969,0.9213301539421082
456979,1775274312.619473,1.7871403694152832,0.13257524371147156,2.3118362426757812,0.003943233285099268,0.059540607035160065,0.3842340111732483,0.9213054776191711
456980,1775274312.630584,1.7870702743530273,0.13255208730697632,2.3118038177490234,0.004134045913815498,0.05921069532632828,0.38408225774765015,0.9213890433311462
456981,1775274312.641695,1.7870726585388184,0.13255290687084198,2.3117969036102295,0.003935139626264572,0.059246353805065155,0.3840775191783905,0.9213896989822388
456982,1775274312.6528063,1.7871291637420654,0.13250477612018585,2.31178879737854,0.003970604855567217,0.05930949002504349,0.38416799902915955,0.9213476777076721
456983,1775274312.6639173,1.7871350049972534,0.13246478140354156,2.31182599067688,0.003606271231546998,0.05920722335577011,0.38427188992500305,0.9213124513626099
456984,1775274312.6750283,1.7871242761611938,0.13248373568058014,2.311835289001465,0.003644393291324377,0.05942318215966225,0.3844846189022064,0.9212096929550171
456985,1775274312.6861396,1.787062644958496,0.13252805173397064,2.311784029006958,0.0036091015208512545,0.05931974574923515,0.3844424784183502,0.9212340712547302
456986,1775274312.6972506,1.7870397567749023,0.13251763582229614,2.3117716312408447,0.003403217066079378,0.059215981513261795,0.38444188237190247,0.9212417602539062
456987,1775274312.7083619,1.7870301008224487,0.1324356347322464,2.311769962310791,0.00336762354709208,0.05888187885284424,0.384446918964386,0.921261191368103
456988,1775274312.719473,1.7870289087295532,0.13240110874176025,2.311774730682373,0.0031618920620530844,0.05886036902666092,0.38454875349998474,0.9212207794189453
456989,1775274312.730584,1.7870010137557983,0.13239823281764984,2.3117477893829346,0.0031301970593631268,0.05872448533773422,0.38462013006210327,0.9211997389793396
456990,1775274312.7416952,1.7870173454284668,0.13239075243473053,2.3117282390594482,0.003109339624643326,0.05866236612200737,0.3847426474094391,0.9211525917053223
456991,1775274312.7528062,1.7869677543640137,0.13236956298351288,2.311689853668213,0.003010780783370137,0.05847905948758125,0.38484638929367065,0.9211212396621704
456992,1775274312.7639172,1.7868821620941162,0.132358580827713,2.3116588592529297,0.0029057639185339212,0.05847406014800072,0.3847983479499817,0.9211419820785522
456993,1775274312.7750285,1.7868951559066772,0.1323087364435196,2.311652898788452,0.0027458607219159603,0.058616191148757935,0.3850562274456024,0.9210256934165955
456994,1775274312.7861395,1.7868075370788574,0.1323634535074234,2.3115813732147217,0.00247494806535542,0.05822093039751053,0.38536500930786133,0.9209223389625549
456995,1775274312.7972507,1.786736011505127,0.13243117928504944,2.311610460281372,0.002930239774286747,0.05814269185066223,0.384722501039505,0.9211946129798889
456996,1775274312.8083618,1.7866630554199219,0.1323995590209961,2.311540365219116,0.0027122327592223883,0.058123912662267685,0.3848021924495697,0.9211631417274475
456997,1775274312.8194728,1.7866325378417969,0.13237062096595764,2.3114712238311768,0.0026486539281904697,0.05798135697841644,0.3850351870059967,0.9210749268531799
456998,1775274312.830584,1.7865983247756958,0.13210637867450714,2.3114097118377686,0.0017398945055902004,0.05778258293867111,0.38597530126571655,0.9206960201263428
456999,1775274312.841695,1.786543607711792,0.1320447474718094,2.3113601207733154,0.001340312766842544,0.057797450572252274,0.386189341545105,0.9206060171127319
457000,1775274312.852806,1.7864665985107422,0.1320047378540039,2.3113226890563965,0.0011013677576556802,0.05782356113195419,0.3862960934638977,0.9205599427223206
457001,1775274312.8639174,1.7862211465835571,0.13203977048397064,2.3111648559570312,0.0013305608881637454,0.05673246085643768,0.38580042123794556,0.9208353161811829
457002,1775274312.8750284,1.7863235473632812,0.13196168839931488,2.311215877532959,0.0008491585031151772,0.057197414338588715,0.38699933886528015,0.9203039407730103
457003,1775274312.8861396,1.7861791849136353,0.13205616176128387,2.3112425804138184,0.0008770283311605453,0.05705157667398453,0.38620683550834656,0.9206458330154419
457004,1775274312.8972507,1.7861825227737427,0.13194862008094788,2.3111274242401123,0.0003398091357666999,0.05706383287906647,0.387011855840683,0.9203072786331177
457005,1775274312.9083617,1.7861034870147705,0.13187994062900543,2.311038017272949,-0.0001564975391374901,0.056939348578453064,0.387462317943573,0.920125424861908
457006,1775274312.919473,1.7860338687896729,0.13189171254634857,2.3109915256500244,-0.0004706777399405837,0.05678986385464668,0.38804206252098083,0.9198902249336243
457007,1775274312.930584,1.7860077619552612,0.1319892704486847,2.311042547225952,-0.00013784292968921363,0.056961558759212494,0.3880308270454407,0.9198845028877258
457008,1775274312.941695,1.7859606742858887,0.1319272667169571,2.3110103607177734,-0.00035253347596153617,0.056885454803705215,0.3883911371231079,0.9197370409965515
457009,1775274312.9528062,1.7858283519744873,0.13194186985492706,2.3109326362609863,-0.0006224002572707832,0.056878384202718735,0.388071745634079,0.9198722243309021
457010,1775274312.9639173,1.7857409715652466,0.13195405900478363,2.310849905014038,-0.0010961937950924039,0.056686583906412125,0.3882523775100708,0.9198073148727417
457011,1775274312.9750285,1.785736083984375,0.13180024921894073,2.31068754196167,-0.0019260153640061617,0.05631815642118454,0.388947457075119,0.9195349216461182
457012,1775274312.9861395,1.7857023477554321,0.13178186118602753,2.310657262802124,-0.002451245905831456,0.056323159486055374,0.3892926573753357,0.9193872809410095
457013,1775274312.9972506,1.7857117652893066,0.13178740441799164,2.3106439113616943,-0.0027176947332918644,0.056298620998859406,0.3896618187427521,0.9192315936088562
457014,1775274313.0083618,1.7856330871582031,0.13179419934749603,2.310584783554077,-0.0027529119979590178,0.0560142807662487,0.38953202962875366,0.9193039536476135
457015,1775274313.0194728,1.7855571508407593,0.13179996609687805,2.3105151653289795,-0.0027237338945269585,0.05596219375729561,0.3894703686237335,0.919333279132843
457016,1775274313.0305839,1.785565972328186,0.13175800442695618,2.3105201721191406,-0.003138437168672681,0.05593504384160042,0.3898105323314667,0.9191893935203552
457017,1775274313.041695,1.7855277061462402,0.13175874948501587,2.310450792312622,-0.003129855962470174,0.055892907083034515,0.38985779881477356,0.9191719889640808
457018,1775274313.0528061,1.7855303287506104,0.13171833753585815,2.31040096282959,-0.003421207657083869,0.05561345815658569,0.3901587724685669,0.9190601706504822
457019,1775274313.0639174,1.785497784614563,0.1319049447774887,2.310499668121338,-0.002899782033637166,0.055934272706508636,0.38970038294792175,0.919236958026886
457020,1775274313.0750284,1.785563349723816,0.13176491856575012,2.310448408126831,-0.00358656607568264,0.05580754578113556,0.3904714286327362,0.9189150333404541
457021,1775274313.0861394,1.7855169773101807,0.13174398243427277,2.3104147911071777,-0.0034418602008372545,0.05549172684550285,0.3902742266654968,0.9190183877944946
457022,1775274313.0972507,1.785457730293274,0.13177280128002167,2.3103811740875244,-0.003433352569118142,0.055407725274562836,0.3902830183506012,0.9190198183059692
457023,1775274313.1083617,1.7854337692260742,0.1317589432001114,2.310359001159668,-0.0035683992318809032,0.05536568909883499,0.39038774371147156,0.9189773201942444
457024,1775274313.119473,1.785430669784546,0.13173609972000122,2.310312271118164,-0.003807901171967387,0.05517962574958801,0.39059096574783325,0.9189012050628662
457025,1775274313.130584,1.7854065895080566,0.1317230761051178,2.310319185256958,-0.00402943417429924,0.0552213117480278,0.3906852602958679,0.9188576340675354
457026,1775274313.141695,1.7853977680206299,0.13171298801898956,2.310297966003418,-0.0040165432728827,0.05512869730591774,0.3907264769077301,0.9188457727432251
457027,1775274313.1528063,1.7853920459747314,0.13165350258350372,2.3102362155914307,-0.004449200350791216,0.0551944300532341,0.39077115058898926,0.9188207983970642
457028,1775274313.1639173,1.7853715419769287,0.1316603720188141,2.310209035873413,-0.004413476679474115,0.05527440831065178,0.39071646332740784,0.9188394546508789
457029,1775274313.1750283,1.7853729724884033,0.13171075284481049,2.3102455139160156,-0.004190864972770214,0.055058255791664124,0.390748530626297,0.9188398122787476
457030,1775274313.1861396,1.7853814363479614,0.1316477507352829,2.310237407684326,-0.0045236400328576565,0.05512642115354538,0.390778124332428,0.9188216328620911
457031,1775274313.1972506,1.7854245901107788,0.13171006739139557,2.310281991958618,-0.004235047847032547,0.05502087622880936,0.3907836079597473,0.9188269376754761
457032,1775274313.2083619,1.7854039669036865,0.1317194402217865,2.3102645874023438,-0.004184049554169178,0.05499628558754921,0.39076340198516846,0.9188371896743774
457033,1775274313.219473,1.7853925228118896,0.13173598051071167,2.310253143310547,-0.004115852992981672,0.05499777942895889,0.39068490266799927,0.9188708066940308
457034,1775274313.230584,1.7854101657867432,0.13172605633735657,2.310288667678833,-0.004137751646339893,0.05501590669155121,0.3906799554824829,0.9188717603683472
457035,1775274313.2416952,1.7854737043380737,0.13171160221099854,2.310288190841675,-0.00420919107273221,0.05509623512625694,0.3905673325061798,0.9189144968986511
457036,1775274313.2528062,1.785492181777954,0.13172313570976257,2.3103017807006836,-0.004157557617872953,0.055180661380290985,0.39036425948143005,0.9189959764480591
457037,1775274313.2639172,1.7855174541473389,0.1317274123430252,2.3102974891662598,-0.004060643725097179,0.05506299436092377,0.3903748393058777,0.9189989566802979
457038,1775274313.2750285,1.7855452299118042,0.13172170519828796,2.310331344604492,-0.003925498109310865,0.05520465970039368,0.3902348279953003,0.9190505146980286
457039,1775274313.2861395,1.7855502367019653,0.13171301782131195,2.310356855392456,-0.003977620974183083,0.05519356206059456,0.3901738226413727,0.9190768003463745
457040,1775274313.2972507,1.7855545282363892,0.1317240595817566,2.3103883266448975,-0.003929601516574621,0.05540252476930618,0.3899112045764923,0.919175922870636
457041,1775274313.3083618,1.7856026887893677,0.13175323605537415,2.310410737991333,-0.0036375615745782852,0.05537167936563492,0.3897959291934967,0.9192278981208801
457042,1775274313.3194728,1.785577654838562,0.13179436326026917,2.3104119300842285,-0.003307366743683815,0.055463846772909164,0.38956475257873535,0.919321596622467
457043,1775274313.330584,1.7856147289276123,0.13180746138095856,2.3104286193847656,-0.0033353560138493776,0.055555012077093124,0.389508455991745,0.9193398356437683
457044,1775274313.341695,1.7856577634811401,0.13180887699127197,2.3104588985443115,-0.0032327838707715273,0.055451322346925735,0.389501690864563,0.9193493723869324
457045,1775274313.352806,1.7856903076171875,0.13183723390102386,2.310511350631714,-0.003293320769444108,0.055667582899332047,0.3893335461616516,0.9194071888923645
457046,1775274313.3639174,1.785718321800232,0.13185030221939087,2.3105309009552,-0.002962338738143444,0.05574626475572586,0.3891160488128662,0.919495701789856
457047,1775274313.3750284,1.7857762575149536,0.13185100257396698,2.310581684112549,-0.0028197208885103464,0.05586475878953934,0.38910412788391113,0.9194939732551575
457048,1775274313.3861396,1.785835862159729,0.13186651468276978,2.3106274604797363,-0.0028168940916657448,0.055974140763282776,0.3891408443450928,0.919471800327301
457049,1775274313.3972507,1.785925030708313,0.13188181817531586,2.3106837272644043,-0.002703492296859622,0.05613216757774353,0.38925331830978394,0.9194148778915405
457050,1775274313.4083617,1.785829782485962,0.13189220428466797,2.3106791973114014,-0.002285919152200222,0.055896930396556854,0.3887272775173187,0.9196528792381287
457051,1775274313.419473,1.7858463525772095,0.13190647959709167,2.310718297958374,-0.002173330634832382,0.05598795413970947,0.388603538274765,0.9196999669075012
457052,1775274313.430584,1.785875916481018,0.13191942870616913,2.310762643814087,-0.0021057091653347015,0.05602725222706795,0.3887244462966919,0.9196466207504272
457053,1775274313.441695,1.7859270572662354,0.13194172084331512,2.310819387435913,-0.002030757023021579,0.05622788518667221,0.38890567421913147,0.9195578694343567
457054,1775274313.4528062,1.785973072052002,0.13195234537124634,2.310870409011841,-0.0020026357378810644,0.056494999676942825,0.38912856578826904,0.9194472432136536
457055,1775274313.4639173,1.7858132123947144,0.13210779428482056,2.310927629470825,-0.0013258012477308512,0.056306734681129456,0.388241171836853,0.919835090637207
457056,1775274313.4750285,1.7858197689056396,0.13212282955646515,2.3109517097473145,-0.0011922639096155763,0.05626050382852554,0.38824427127838135,0.9198368191719055
457057,1775274313.4861395,1.785794973373413,0.1321297287940979,2.3109641075134277,-0.0010737146949395537,0.05624118819832802,0.3882203698158264,0.9198482036590576
457058,1775274313.4972506,1.7856453657150269,0.13211005926132202,2.310950756072998,-0.0008483284036628902,0.05593536049127579,0.38785022497177124,0.9200232028961182
457059,1775274313.5083618,1.785622000694275,0.13213711977005005,2.3109781742095947,-0.0007133589824661613,0.0559232234954834,0.3878587782382965,0.9200205206871033
457060,1775274313.5194728,1.7857412099838257,0.13204620778560638,2.310973882675171,-0.0014053296763449907,0.05586659535765648,0.38910990953445435,0.9194946885108948
457061,1775274313.5305839,1.7857286930084229,0.13203229010105133,2.3109819889068604,-0.0012943135807290673,0.055793654173612595,0.38936492800712585,0.9193912744522095
457062,1775274313.541695,1.7856905460357666,0.13201868534088135,2.3109958171844482,-0.0013418820453807712,0.055755842477083206,0.38955211639404297,0.9193142056465149
457063,1775274313.5528061,1.785582423210144,0.13218261301517487,2.3111073970794678,-0.0007386445067822933,0.05596357211470604,0.38912659883499146,0.9194824695587158
457064,1775274313.5639174,1.7855932712554932,0.13204897940158844,2.311049699783325,-0.0012285350821912289,0.05572841316461563,0.3897360861301422,0.9192380309104919
457065,1775274313.5750284,1.785537600517273,0.13203708827495575,2.3110506534576416,-0.0012281331000849605,0.0557064488530159,0.3898739218711853,0.9191809296607971
457066,1775274313.5861394,1.7854855060577393,0.13203372061252594,2.3110475540161133,-0.0011951470514759421,0.055684104561805725,0.3899431526660919,0.9191529750823975
457067,1775274313.5972507,1.7852888107299805,0.13205640017986298,2.311004638671875,-0.0008230988751165569,0.0552448108792305,0.38915595412254333,0.919513463973999
457068,1775274313.6083617,1.7852277755737305,0.1320754885673523,2.310999870300293,-0.0007942155352793634,0.05504923313856125,0.3892749547958374,0.9194748401641846
457069,1775274313.619473,1.7853697538375854,0.13207219541072845,2.3111236095428467,-0.0010081506334245205,0.05556894838809967,0.3904064893722534,0.9189634323120117
457070,1775274313.630584,1.7853617668151855,0.1320618838071823,2.311133861541748,-0.001155810197815299,0.055498652160167694,0.39064377546310425,0.9188666939735413
457071,1775274313.641695,1.7852829694747925,0.1320602148771286,2.3111515045166016,-0.001181120751425624,0.05552239716053009,0.390796035528183,0.9188004732131958
457072,1775274313.6528063,1.7852109670639038,0.13207334280014038,2.3111443519592285,-0.001113158999942243,0.055540986359119415,0.39086058735847473,0.9187719821929932
457073,1775274313.6639173,1.7851519584655762,0.1320783644914627,2.3111677169799805,-0.0009723631665110588,0.05556973069906235,0.3909367620944977,0.9187380075454712
457074,1775274313.6750283,1.7851741313934326,0.13207527995109558,2.311190366744995,-0.0009438624256290495,0.05551858991384506,0.39120009541511536,0.9186290502548218
457075,1775274313.6861396,1.785121202468872,0.13218866288661957,2.3112335205078125,-0.0004256992833688855,0.05563019961118698,0.39082106947898865,0.918783962726593
457076,1775274313.6972506,1.785147786140442,0.13218648731708527,2.311251401901245,-0.00030613408307544887,0.05494517460465431,0.39175018668174744,0.9184294939041138
457077,1775274313.7083619,1.7851381301879883,0.1321151703596115,2.3111939430236816,-0.0005122007569298148,0.05520183965563774,0.3916624188423157,0.9184514284133911
457078,1775274313.719473,1.7851003408432007,0.1321074366569519,2.311149835586548,-0.00024015275994315743,0.05511181056499481,0.39187338948249817,0.9183669686317444
457079,1775274313.730584,1.7850781679153442,0.1321057379245758,2.3111698627471924,-0.000291944743366912,0.05511816591024399,0.39197343587875366,0.9183239340782166
457080,1775274313.7416952,1.7850689888000488,0.1320977658033371,2.3111603260040283,-0.00043616979382932186,0.05521932989358902,0.39214950799942017,0.9182425737380981
457081,1775274313.7528062,1.7850712537765503,0.13210055232048035,2.311164617538452,-0.00040318386163562536,0.05528523772954941,0.3923312723636627,0.9181609749794006
457082,1775274313.7639172,1.7848281860351562,0.1321321427822113,2.3110837936401367,0.00015938709839247167,0.054779816418886185,0.3913152515888214,0.9186248183250427
457083,1775274313.7750285,1.7850180864334106,0.13210567831993103,2.3111932277679443,-0.00025157915661111474,0.05523388087749481,0.3922329545021057,0.9182060956954956
457084,1775274313.7861395,1.7850325107574463,0.1320907026529312,2.3111724853515625,-0.00021830010518897325,0.055139947682619095,0.39238235354423523,0.9181479215621948
457085,1775274313.7972507,1.785020112991333,0.13209381699562073,2.3111610412597656,-0.00023629529459867626,0.05504002049565315,0.3924206793308258,0.9181375503540039
457086,1775274313.8083618,1.7848106622695923,0.13210369646549225,2.311070442199707,0.00011334216833347455,0.05458652228116989,0.39174410700798035,0.9184535145759583
457087,1775274313.8194728,1.7848665714263916,0.13236525654792786,2.3112828731536865,0.0011618725256994367,0.05485137924551964,0.392241895198822,0.9182245135307312
457088,1775274313.830584,1.7849831581115723,0.1321059614419937,2.3111674785614014,-0.0002684576320461929,0.05501553416252136,0.3923995792865753,0.9181481003761292
457089,1775274313.841695,1.7849578857421875,0.13210199773311615,2.3111495971679688,-0.00024169559765141457,0.05499696359038353,0.3924793601036072,0.9181150794029236
457090,1775274313.852806,1.7847890853881836,0.1321064531803131,2.3111019134521484,0.00011631415691226721,0.054537516087293625,0.39169320464134216,0.9184781312942505
457091,1775274313.8639174,1.7847758531570435,0.1322297900915146,2.3111608028411865,0.0005446393042802811,0.05411740764975548,0.39203107357025146,0.9183586835861206
457092,1775274313.8750284,1.7847989797592163,0.13222818076610565,2.311187744140625,0.00065189617453143,0.054111432284116745,0.39190390706062317,0.9184132218360901
457093,1775274313.8861396,1.7848397493362427,0.1321195363998413,2.311115026473999,0.00014165289758238941,0.0544683113694191,0.3916916847229004,0.9184828996658325
457094,1775274313.8972507,1.784876823425293,0.13213366270065308,2.311136245727539,7.811601972207427e-05,0.05465575307607651,0.39191919565200806,0.9183747172355652
457095,1775274313.9083617,1.7848061323165894,0.1321260929107666,2.311129570007324,0.00022064663062337786,0.05443684756755829,0.3915839195251465,0.9185306429862976
457096,1775274313.919473,1.7848002910614014,0.13211718201637268,2.311100959777832,0.00017280942120123655,0.05447036772966385,0.39170387387275696,0.9184775352478027
457097,1775274313.930584,1.7848156690597534,0.13211308419704437,2.311107635498047,0.0001051917060976848,0.05443999916315079,0.39168477058410645,0.9184874892234802
457098,1775274313.941695,1.7848726511001587,0.13212406635284424,2.3111138343811035,-6.739680884493282e-06,0.054583530873060226,0.3919232487678528,0.9183772802352905
457099,1775274313.9528062,1.7849805355072021,0.13210450112819672,2.3111884593963623,-0.00010386013309471309,0.05490421876311302,0.39239269495010376,0.918157696723938
457100,1775274313.9639173,1.7848374843597412,0.13220754265785217,2.3111720085144043,0.0007629214087501168,0.05393639951944351,0.3919917941093445,0.918385922908783
457101,1775274313.9750285,1.784996747970581,0.13218745589256287,2.311258316040039,0.0002376092306803912,0.05460844561457634,0.39271318912506104,0.9180383086204529
457102,1775274313.9861395,1.7848531007766724,0.1321273297071457,2.311121940612793,3.945193748222664e-05,0.05454113334417343,0.39146193861961365,0.9185765385627747
457103,1775274313.9972506,1.7850233316421509,0.132101908326149,2.3112189769744873,-0.00021913967793807387,0.055070772767066956,0.3923690915107727,0.9181577563285828
457104,1775274314.0083618,1.784885048866272,0.1321154236793518,2.3111422061920166,0.00015904141764622182,0.054464757442474365,0.3917030394077301,0.91847825050354
457105,1775274314.0194728,1.7848763465881348,0.13212139904499054,2.3111326694488525,0.00017572581418789923,0.05450015142560005,0.39147794246673584,0.9185721278190613
457106,1775274314.0305839,1.78507399559021,0.13209407031536102,2.311213493347168,-0.00031335302628576756,0.05504634976387024,0.39234182238578796,0.9181708097457886
457107,1775274314.041695,1.7849076986312866,0.1321105659008026,2.3111143112182617,-4.8264464567182586e-05,0.054707158356904984,0.3915257155895233,0.9185395240783691
457108,1775274314.0528061,1.7850682735443115,0.1321200579404831,2.311187267303467,-0.00013744783063884825,0.0551254078745842,0.3921539783477783,0.9182463884353638
457109,1775274314.0639174,1.7849011421203613,0.13225039839744568,2.311174154281616,0.0007979323272593319,0.05416715890169144,0.3916114270687103,0.918534517288208
457110,1775274314.0750284,1.7851420640945435,0.1321301907300949,2.311171770095825,-9.15193377295509e-05,0.055032651871442795,0.3922235071659088,0.9182223081588745
457111,1775274314.0861394,1.7851905822753906,0.1321202665567398,2.311173439025879,-0.00012655029422603548,0.0549798421561718,0.39226868748664856,0.9182060956954956
457112,1775274314.0972507,1.7851769924163818,0.13214196264743805,2.3111770153045654,-3.409144119359553e-05,0.055075503885746,0.39221107959747314,0.9182249903678894
457113,1775274314.1083617,1.7850112915039062,0.13215893507003784,2.3110673427581787,0.00043393211672082543,0.05452970415353775,0.3913591504096985,0.9186208844184875
457114,1775274314.119473,1.7851829528808594,0.1322101503610611,2.311140775680542,0.0004125571867916733,0.055047258734703064,0.3919040560722351,0.9183576703071594
457115,1775274314.130584,1.7852540016174316,0.13216060400009155,2.3111793994903564,-4.943037492921576e-05,0.05505738779902458,0.39200249314308167,0.9183151721954346
457116,1775274314.141695,1.7852510213851929,0.13217341899871826,2.3111541271209717,6.356870471790899e-06,0.05502854660153389,0.39203616976737976,0.9183025360107422
457117,1775274314.1528063,1.7851060628890991,0.1322280466556549,2.3110861778259277,0.0004389312816783786,0.0544927716255188,0.39103052020072937,0.9187630414962769
457118,1775274314.1639173,1.7852898836135864,0.1322605460882187,2.311121702194214,0.0007223959546536207,0.05501966178417206,0.3917187750339508,0.9184382557868958
457119,1775274314.1750283,1.7853145599365234,0.1323186159133911,2.311149835586548,0.0008272123523056507,0.05509784817695618,0.39149701595306396,0.9185279607772827
457120,1775274314.1861396,1.785382628440857,0.13232263922691345,2.311164140701294,0.0008682720945216715,0.05529499426484108,0.39144328236579895,0.9185389876365662
457121,1775274314.1972506,1.7853538990020752,0.1323629915714264,2.311189651489258,0.0010175970382988453,0.055285800248384476,0.39090093970298767,0.9187703132629395
457122,1775274314.2083619,1.7852509021759033,0.13242201507091522,2.3111412525177,0.0010936480248346925,0.054838135838508606,0.3900097906589508,0.9191756844520569
457123,1775274314.219473,1.7852874994277954,0.1325225532054901,2.3111109733581543,0.0012853685766458511,0.054820090532302856,0.3896290361881256,0.9193379878997803
457124,1775274314.230584,1.785631775856018,0.13245786726474762,2.311206817626953,0.0007995386840775609,0.055555928498506546,0.39037713408470154,0.9189769625663757
457125,1775274314.2416952,1.785919189453125,0.13246695697307587,2.3113045692443848,0.0007037075702100992,0.056053292006254196,0.39116254448890686,0.9186127185821533
457126,1775274314.2528062,1.7856591939926147,0.13250502943992615,2.3111655712127686,0.0012555205030366778,0.05493546649813652,0.38915395736694336,0.9195324182510376
457127,1775274314.2639172,1.785893201828003,0.1325693428516388,2.3112025260925293,0.001271768007427454,0.0554632805287838,0.3893556296825409,0.919415295124054
457128,1775274314.2750285,1.7858026027679443,0.13264843821525574,2.3110687732696533,0.0016205818392336369,0.05480266734957695,0.3881077468395233,0.9199817776679993
457129,1775274314.2861395,1.7860708236694336,0.13264110684394836,2.311145544052124,0.0014918382512405515,0.05549222603440285,0.3885987102985382,0.9197333455085754
457130,1775274314.2972507,1.7862263917922974,0.1326597034931183,2.311171054840088,0.0015861359424889088,0.055519700050354004,0.3883334696292877,0.9198435544967651
457131,1775274314.3083618,1.7865045070648193,0.13273489475250244,2.3112144470214844,0.0018497258424758911,0.0557757131755352,0.38758760690689087,0.9201421141624451
457132,1775274314.3194728,1.786706566810608,0.13282614946365356,2.3111824989318848,0.0020180647261440754,0.05560312792658806,0.38702601194381714,0.9203885197639465
457133,1775274314.330584,1.7870280742645264,0.13292504847049713,2.311337947845459,0.001617344212718308,0.056114569306373596,0.38683080673217773,0.9204403758049011
457134,1775274314.341695,1.787163496017456,0.13305501639842987,2.311417579650879,0.0015988301020115614,0.05631819739937782,0.38589394092559814,0.9208211302757263
457135,1775274314.352806,1.7873049974441528,0.133134126663208,2.311460256576538,0.0017464739503338933,0.056285422295331955,0.3848288059234619,0.9212685227394104
457136,1775274314.3639174,1.7874176502227783,0.13329024612903595,2.3114795684814453,0.0016341157024726272,0.05692535266280174,0.3832318186759949,0.921894907951355
457137,1775274314.3750284,1.7873748540878296,0.1335693597793579,2.3114657402038574,0.0005139776039868593,0.05678213760256767,0.38110727071762085,0.9227854013442993
457138,1775274314.3861396,1.787396788597107,0.13388141989707947,2.311509847640991,-0.000878864258993417,0.05709163472056389,0.37935173511505127,0.9234890341758728
457139,1775274314.3972507,1.7874199151992798,0.1343490332365036,2.3116204738616943,-0.0016330746002495289,0.05762504041194916,0.3769362270832062,0.9244434833526611
457140,1775274314.4083617,1.7874314785003662,0.13468027114868164,2.3116204738616943,-0.003161374945193529,0.057983458042144775,0.3747659921646118,0.9252991676330566
457141,1775274314.419473,1.7874655723571777,0.13511666655540466,2.3115592002868652,-0.005207402165979147,0.05792820826172829,0.3709254264831543,0.9268395900726318
457142,1775274314.430584,1.7867980003356934,0.1356629729270935,2.3112127780914307,-0.008823513053357601,0.05542471259832382,0.3667721748352051,0.9286164045333862
457143,1775274314.441695,1.7858059406280518,0.13587088882923126,2.310661792755127,-0.012213441543281078,0.051029447466135025,0.3624221384525299,0.9305359721183777
457144,1775274314.4528062,1.7842704057693481,0.13557662069797516,2.310154438018799,-0.01625235006213188,0.045664045959711075,0.35969290137290955,0.9318110346794128
457145,1775274314.4639173,1.7823671102523804,0.1340387761592865,2.3093645572662354,-0.01831524446606636,0.04021734744310379,0.35606634616851807,0.9334152340888977
457146,1775274314.4750285,1.7806017398834229,0.13203772902488708,2.3088839054107666,-0.022221092134714127,0.03510027751326561,0.3560025990009308,0.9335612058639526
457147,1775274314.4861395,1.7791599035263062,0.13267770409584045,2.3085544109344482,-0.02559049054980278,0.029516804963350296,0.36032095551490784,0.9320099949836731
457148,1775274314.4972506,1.7775559425354004,0.13429628312587738,2.307893753051758,-0.029277801513671875,0.02451341785490513,0.36493638157844543,0.9302491545677185
457149,1775274314.5083618,1.776105284690857,0.1344655156135559,2.3075201511383057,-0.03338993340730667,0.020724499598145485,0.3697013258934021,0.9283192753791809
457150,1775274314.5194728,1.7748172283172607,0.1331869512796402,2.307281017303467,-0.039134878665208817,0.016987048089504242,0.37614110112190247,0.9255796670913696
457151,1775274314.5305839,1.7732555866241455,0.13195741176605225,2.306643009185791,-0.04117434099316597,0.012128283269703388,0.3810058832168579,0.9235756993293762
457152,1775274314.541695,1.7717233896255493,0.1326126605272293,2.306035041809082,-0.044304266571998596,0.00773046538233757,0.3870907425880432,0.9209441542625427
457153,1775274314.5528061,1.7701938152313232,0.13303297758102417,2.3054733276367188,-0.04708889126777649,0.003085456555709243,0.39241987466812134,0.918574869632721
457154,1775274314.5639174,1.7687296867370605,0.13216125965118408,2.305030107498169,-0.05134255439043045,-0.00017064597341232002,0.3981860280036926,0.9158666729927063
457155,1775274314.5750284,1.76693594455719,0.1315736025571823,2.304452419281006,-0.05367124825716019,-0.004100400488823652,0.4023028016090393,0.913922905921936
457156,1775274314.5861394,1.7653447389602661,0.13211464881896973,2.3039004802703857,-0.05771829932928085,-0.007243315223604441,0.4082300364971161,0.9110238552093506
457157,1775274314.5972507,1.7638826370239258,0.13207484781742096,2.30326771736145,-0.0602988563477993,-0.01118310634046793,0.41389763355255127,0.9082552790641785
457158,1775274314.6083617,1.76226007938385,0.13132573664188385,2.302725315093994,-0.06372609734535217,-0.013895465061068535,0.4197429120540619,0.9052965641021729
457159,1775274314.619473,1.7607265710830688,0.1317036896944046,2.302103281021118,-0.06551820039749146,-0.01788918860256672,0.42499101161956787,0.9026461243629456
457160,1775274314.630584,1.7591735124588013,0.13155053555965424,2.3014676570892334,-0.06903428584337234,-0.019643032923340797,0.4295468032360077,0.9001878499984741
457161,1775274314.641695,1.757576823234558,0.13124586641788483,2.3007118701934814,-0.07179246842861176,-0.02121477574110031,0.43310877680778503,0.8982275128364563
457162,1775274314.6528063,1.7561357021331787,0.13133448362350464,2.3002591133117676,-0.07591406255960464,-0.02274579554796219,0.4386000335216522,0.89518141746521
457163,1775274314.6639173,1.7545315027236938,0.1311553418636322,2.299586296081543,-0.07861886918544769,-0.023965610191226006,0.44298478960990906,0.8927537798881531
457164,1775274314.6750283,1.7532107830047607,0.13091440498828888,2.298882007598877,-0.08218573778867722,-0.02576991729438305,0.4471745789051056,0.8902900815010071
457165,1775274314.6861396,1.751888394355774,0.13117186725139618,2.2981626987457275,-0.0842621698975563,-0.028271419927477837,0.45160242915153503,0.8877815008163452
457166,1775274314.6972506,1.750524878501892,0.1311197727918625,2.2974536418914795,-0.08716528862714767,-0.02956986054778099,0.45531266927719116,0.885560929775238
457167,1775274314.7083619,1.74935781955719,0.1309773176908493,2.2968173027038574,-0.08968596160411835,-0.030973713845014572,0.4594969153404236,0.8830966353416443
457168,1775274314.719473,1.7480180263519287,0.13073405623435974,2.2959938049316406,-0.09362481534481049,-0.032221440225839615,0.4644370377063751,0.880053699016571
457169,1775274314.730584,1.7468925714492798,0.13067200779914856,2.2953898906707764,-0.09722169488668442,-0.03243032097816467,0.4680977463722229,0.8777133822441101
457170,1775274314.7416952,1.7459213733673096,0.13050879538059235,2.2946693897247314,-0.10008390247821808,-0.033235255628824234,0.47170770168304443,0.8754258155822754
457171,1775274314.7528062,1.7448461055755615,0.13058733940124512,2.2938032150268555,-0.10251819342374802,-0.03374818339943886,0.475486695766449,0.8730770349502563
457172,1775274314.7639172,1.7435500621795654,0.13055266439914703,2.2932350635528564,-0.10568621009588242,-0.033130232244729996,0.478779673576355,0.870920717716217
457173,1775274314.7750285,1.7424821853637695,0.13054582476615906,2.2924530506134033,-0.10762827098369598,-0.033492181450128555,0.48115938901901245,0.869356095790863
457174,1775274314.7861395,1.7415661811828613,0.13036203384399414,2.2913997173309326,-0.10973787307739258,-0.034414760768413544,0.4852540194988251,0.8667766451835632
457175,1775274314.7972507,1.7403903007507324,0.13037028908729553,2.290667772293091,-0.11094999313354492,-0.03293618559837341,0.48719632625579834,0.865589439868927
457176,1775274314.8083618,1.7395726442337036,0.13030500710010529,2.289949417114258,-0.11343121528625488,-0.03267502412199974,0.49073392152786255,0.8632763624191284
457177,1775274314.8194728,1.738672137260437,0.13001948595046997,2.289083242416382,-0.1163792684674263,-0.03147265687584877,0.49458956718444824,0.8607244491577148
457178,1775274314.830584,1.7377427816390991,0.1300942599773407,2.28835391998291,-0.11798027157783508,-0.030928917229175568,0.49643364548683167,0.859463632106781
457179,1775274314.841695,1.7369352579116821,0.12989357113838196,2.2877554893493652,-0.12074912339448929,-0.03111138939857483,0.498322993516922,0.8579778075218201
457180,1775274314.852806,1.735918641090393,0.12969771027565002,2.287144660949707,-0.12320628762245178,-0.028673015534877777,0.5009120106697083,0.8562039732933044
457181,1775274314.8639174,1.7352309226989746,0.1296933889389038,2.2863967418670654,-0.12538135051727295,-0.027393706142902374,0.5030231475830078,0.8546911478042603
457182,1775274314.8750284,1.734616756439209,0.12946556508541107,2.2855653762817383,-0.12742555141448975,-0.027894500643014908,0.5066518187522888,0.852225661277771
457183,1775274314.8861396,1.7338025569915771,0.12938275933265686,2.2849671840667725,-0.1297404021024704,-0.02549733780324459,0.5088019371032715,0.8506692051887512
457184,1775274314.8972507,1.7328745126724243,0.1294575035572052,2.2843809127807617,-0.1308048665523529,-0.023668091744184494,0.5099597573280334,0.8498652577400208
457185,1775274314.9083617,1.732284426689148,0.12924613058567047,2.2836570739746094,-0.1327417641878128,-0.022811202332377434,0.5127949714660645,0.8478800654411316
457186,1775274314.919473,1.7317930459976196,0.1289740353822708,2.2829792499542236,-0.135182723402977,-0.02203946001827717,0.5159287452697754,0.8456107378005981
457187,1775274314.930584,1.7310715913772583,0.12898801267147064,2.2823092937469482,-0.1368831843137741,-0.021086543798446655,0.5174453854560852,0.8444339632987976
457188,1775274314.941695,1.7304584980010986,0.12899945676326752,2.281632900238037,-0.1386355459690094,-0.019903207197785378,0.5192747712135315,0.8430526256561279
457189,1775274314.9528062,1.7297098636627197,0.12875738739967346,2.2808048725128174,-0.1410626918077469,-0.01849268190562725,0.5213192105293274,0.8414188027381897
457190,1775274314.9639173,1.7290233373641968,0.12872402369976044,2.2802462577819824,-0.14293944835662842,-0.016798293218016624,0.5227022767066956,0.8402787446975708
457191,1775274314.9750285,1.7283891439437866,0.12862974405288696,2.2796905040740967,-0.14521373808383942,-0.01515683252364397,0.5245187878608704,0.8387869000434875
457192,1775274314.9861395,1.727776050567627,0.12863899767398834,2.2790756225585938,-0.14703288674354553,-0.013518992811441422,0.5257798433303833,0.8377076983451843
457193,1775274314.9972506,1.7273955345153809,0.1283874362707138,2.278244733810425,-0.14922206103801727,-0.013931258581578732,0.5282649993896484,0.8357481360435486
457194,1775274315.0083618,1.7266547679901123,0.12834705412387848,2.2771761417388916,-0.15071387588977814,-0.013338918797671795,0.5291850566864014,0.8349076509475708
457195,1775274315.0194728,1.7263076305389404,0.12826846539974213,2.276691198348999,-0.15330329537391663,-0.01205089408904314,0.5314788222312927,0.8329964280128479
457196,1775274315.0305839,1.725746989250183,0.1283133178949356,2.2760698795318604,-0.15479081869125366,-0.010634586215019226,0.5325392484664917,0.8320629000663757
457197,1775274315.041695,1.725288987159729,0.12815287709236145,2.275458574295044,-0.15724071860313416,-0.00979428831487894,0.5342743992805481,0.830500066280365
457198,1775274315.0528061,1.7248262166976929,0.12804850935935974,2.2748520374298096,-0.15983755886554718,-0.008595853112637997,0.5355678796768188,0.8291834592819214
457199,1775274315.0639174,1.7243015766143799,0.12800976634025574,2.274158239364624,-0.16169163584709167,-0.00754217803478241,0.5372197031974792,0.8277644515037537
457200,1775274315.0750284,1.7237566709518433,0.1278197467327118,2.27337384223938,-0.163971409201622,-0.006467248313128948,0.5383253693580627,0.8266059756278992
457201,1775274315.0861394,1.723323941230774,0.12765106558799744,2.2727134227752686,-0.1664961725473404,-0.005106678232550621,0.5397796034812927,0.8251611590385437
457202,1775274315.0972507,1.7229098081588745,0.12742595374584198,2.272057056427002,-0.16910240054130554,-0.0035778970923274755,0.5417813062667847,0.8233253359794617
457203,1775274315.1083617,1.7223821878433228,0.12713980674743652,2.2714736461639404,-0.17194876074790955,-0.0005559823475778103,0.5434728860855103,0.8216267824172974
457204,1775274315.119473,1.7218817472457886,0.12701110541820526,2.270671844482422,-0.17392390966415405,0.00041588014573790133,0.5446557402610779,0.8204270005226135
457205,1775274315.130584,1.7213163375854492,0.12713170051574707,2.269761800765991,-0.1757001131772995,0.0010959543287754059,0.545628547668457,0.8194008469581604
457206,1775274315.141695,1.7209906578063965,0.12704530358314514,2.268836736679077,-0.17878052592277527,0.0025746996980160475,0.5472453236579895,0.8176511526107788
457207,1775274315.1528063,1.7205816507339478,0.1268826574087143,2.2679247856140137,-0.1811254471540451,0.0038642750587314367,0.5487561225891113,0.8161160945892334
457208,1775274315.1639173,1.7202422618865967,0.12681183218955994,2.2670202255249023,-0.1844446063041687,0.005499593913555145,0.5498805046081543,0.8146050572395325
457209,1775274315.1750283,1.719908356666565,0.12666380405426025,2.266012191772461,-0.18670998513698578,0.006695865653455257,0.5516778826713562,0.8128628730773926
457210,1775274315.1861396,1.719358205795288,0.12639784812927246,2.265082359313965,-0.18962763249874115,0.008561395108699799,0.5535805225372314,0.8108740448951721
457211,1775274315.1972506,1.718897819519043,0.12623760104179382,2.2638843059539795,-0.19260866940021515,0.009688460268080235,0.5548266768455505,0.8093054294586182
457212,1775274315.2083619,1.718017339706421,0.12622025609016418,2.2627499103546143,-0.1941670924425125,0.011267236433923244,0.5557485222816467,0.8082795739173889
457213,1775274315.219473,1.7175090312957764,0.1259792447090149,2.26169753074646,-0.19725987315177917,0.012282691895961761,0.557748019695282,0.8061358332633972
457214,1775274315.230584,1.7172982692718506,0.125679612159729,2.2608509063720703,-0.20138375461101532,0.014560701325535774,0.5601875185966492,0.8033819198608398
457215,1775274315.2416952,1.7165882587432861,0.12558531761169434,2.259749174118042,-0.20397639274597168,0.016503551974892616,0.5608780980110168,0.8022075891494751
457216,1775274315.2528062,1.7160530090332031,0.1257093995809555,2.258967161178589,-0.20660313963890076,0.018013760447502136,0.5623868107795715,0.8004447221755981
457217,1775274315.2639172,1.7154563665390015,0.12527135014533997,2.2580957412719727,-0.20975224673748016,0.019702870398759842,0.5650720000267029,0.7976900935173035
457218,1775274315.2750285,1.715160608291626,0.1254892647266388,2.2572433948516846,-0.21196822822093964,0.01982802525162697,0.5649717450141907,0.7971720695495605
457219,1775274315.2861395,1.7144279479980469,0.12531988322734833,2.2562716007232666,-0.21432612836360931,0.020728982985019684,0.5662756562232971,0.7955920100212097
457220,1775274315.2972507,1.7138046026229858,0.12500092387199402,2.2556419372558594,-0.21765360236167908,0.023029563948512077,0.5681037902832031,0.7933186888694763
457221,1775274315.3083618,1.713098406791687,0.1245541125535965,2.2553975582122803,-0.22040440142154694,0.02538834884762764,0.5706689357757568,0.7906417846679688
457222,1775274315.3194728,1.712540626525879,0.12456817179918289,2.2547874450683594,-0.22152738273143768,0.024983365088701248,0.5722930431365967,0.7891654968261719
457223,1775274315.330584,1.711780309677124,0.12464234232902527,2.2540152072906494,-0.22220830619335175,0.025186240673065186,0.5735762119293213,0.7880351543426514
457224,1775274315.341695,1.711268663406372,0.12436804920434952,2.253347396850586,-0.22434747219085693,0.024989908561110497,0.57554030418396,0.7860007286071777
457225,1775274315.352806,1.710667371749878,0.12419233471155167,2.253030300140381,-0.2254892885684967,0.025682320818305016,0.5775368213653564,0.7841851115226746
457226,1775274315.3639174,1.7100942134857178,0.12419240176677704,2.252716541290283,-0.22629345953464508,0.025499584153294563,0.5789446234703064,0.7829203605651855
457227,1775274315.3750284,1.7094582319259644,0.1242644339799881,2.252487897872925,-0.2269318699836731,0.025419138371944427,0.5806096792221069,0.7815038561820984
457228,1775274315.3861396,1.7087477445602417,0.12407411634922028,2.252164602279663,-0.22755631804466248,0.02493450418114662,0.5827212333679199,0.7797644138336182
457229,1775274315.3972507,1.7081396579742432,0.1237974464893341,2.251912832260132,-0.22863531112670898,0.024534454569220543,0.5847789645195007,0.7779186964035034
457230,1775274315.4083617,1.7074464559555054,0.1237633228302002,2.2518558502197266,-0.2289048284292221,0.024311041459441185,0.5860203504562378,0.7769116759300232
457231,1775274315.419473,1.706723928451538,0.12367706000804901,2.251823663711548,-0.22892805933952332,0.02346554771065712,0.5879619121551514,0.7754625082015991
457232,1775274315.430584,1.7060500383377075,0.12357382476329803,2.2518818378448486,-0.22884590923786163,0.022945242002606392,0.5900591015815735,0.7739078998565674
457233,1775274315.441695,1.7056560516357422,0.12328246980905533,2.252017021179199,-0.2301136702299118,0.02249818481504917,0.5928113460540771,0.7714377641677856
457234,1775274315.4528062,1.7049363851547241,0.12300750613212585,2.252087116241455,-0.2300039827823639,0.02123667113482952,0.5950517058372498,0.769779622554779
457235,1775274315.4639173,1.704343318939209,0.12286057323217392,2.2525062561035156,-0.23044461011886597,0.021760208532214165,0.5966908931732178,0.7683631777763367
457236,1775274315.4750285,1.7036241292953491,0.12260539084672928,2.2524263858795166,-0.23058287799358368,0.020392615348100662,0.5988813638687134,0.7666530013084412
457237,1775274315.4861395,1.7028045654296875,0.12245501577854156,2.2527666091918945,-0.23014649748802185,0.019843025133013725,0.6013308167457581,0.7648791670799255
457238,1775274315.4972506,1.7020764350891113,0.12236011773347855,2.2529194355010986,-0.22891809046268463,0.018503820523619652,0.6032970547676086,0.7637321352958679
457239,1775274315.5083618,1.7015314102172852,0.1223389208316803,2.2533814907073975,-0.22834891080856323,0.016822868958115578,0.605427622795105,0.7622540593147278
457240,1775274315.5194728,1.7008578777313232,0.12237167358398438,2.253711462020874,-0.22702006995677948,0.015267330221831799,0.6072076559066772,0.7612672448158264
457241,1775274315.5305839,1.7001956701278687,0.12215635925531387,2.2543225288391113,-0.22545382380485535,0.013350295834243298,0.6092912554740906,0.7601029276847839
457242,1775274315.541695,1.6993582248687744,0.12205042690038681,2.25476336479187,-0.2242068499326706,0.011264029890298843,0.6112878322601318,0.7589015364646912
457243,1775274315.5528061,1.6987384557724,0.12196489423513412,2.255281448364258,-0.22265253961086273,0.00897759385406971,0.6132969856262207,0.757767915725708
457244,1775274315.5639174,1.6979633569717407,0.12190788984298706,2.2558183670043945,-0.22107888758182526,0.006826112046837807,0.6151710152626038,0.7567312717437744
457245,1775274315.5750284,1.6972805261611938,0.12192100286483765,2.2564969062805176,-0.21912643313407898,0.00449382932856679,0.6167566180229187,0.7560256719589233
457246,1775274315.5861394,1.6967101097106934,0.12166653573513031,2.2571234703063965,-0.21768984198570251,0.0020571574568748474,0.6193745136260986,0.7543091177940369
457247,1775274315.5972507,1.695951223373413,0.12163273990154266,2.2578091621398926,-0.21589043736457825,-7.943194941617548e-05,0.6215811967849731,0.7530127763748169
457248,1775274315.6083617,1.6950700283050537,0.1216021329164505,2.258430242538452,-0.21353064477443695,-0.002245667390525341,0.6237634420394897,0.751876950263977
457249,1775274315.619473,1.694442868232727,0.12162661552429199,2.2589011192321777,-0.21185065805912018,-0.004510669037699699,0.6252915263175964,0.7510722875595093
457250,1775274315.630584,1.6939750909805298,0.12137897312641144,2.2596516609191895,-0.21133695542812347,-0.00583310704678297,0.6276309490203857,0.7492543458938599
457251,1775274315.641695,1.6934478282928467,0.12142254412174225,2.2603964805603027,-0.2090543806552887,-0.008481040596961975,0.6293467283248901,0.7484297752380371
457252,1775274315.6528063,1.6926270723342896,0.12156815826892853,2.260941505432129,-0.2059897482395172,-0.011247579008340836,0.6308176517486572,0.7480045557022095
457253,1775274315.6639173,1.6917682886123657,0.12150980532169342,2.2614855766296387,-0.20431619882583618,-0.012475250288844109,0.6327797770500183,0.7467858195304871
457254,1775274315.6750283,1.6909546852111816,0.12144450843334198,2.2619409561157227,-0.20323505997657776,-0.013915516436100006,0.6343569755554199,0.7457165122032166
457255,1775274315.6861396,1.690423846244812,0.12137496471405029,2.262273073196411,-0.2021181285381317,-0.01613469235599041,0.6367825269699097,0.7439059615135193
457256,1775274315.6972506,1.6898179054260254,0.12119566649198532,2.262601375579834,-0.20148462057113647,-0.01727019064128399,0.6388121843338013,0.7423103451728821
457257,1775274315.7083619,1.6892834901809692,0.12110116332769394,2.262798309326172,-0.20071199536323547,-0.019115595147013664,0.6407037973403931,0.7408427000045776
457258,1775274315.719473,1.6886042356491089,0.12104550749063492,2.263087034225464,-0.19968082010746002,-0.02011251077055931,0.6422894597053528,0.7397211194038391
457259,1775274315.730584,1.688048005104065,0.12090657651424408,2.263246774673462,-0.19962255656719208,-0.020932411774992943,0.6442010998725891,0.7380498647689819
457260,1775274315.7416952,1.6870040893554688,0.12100508064031601,2.263387441635132,-0.19838076829910278,-0.021198777481913567,0.6466763019561768,0.736210286617279
457261,1775274315.7528062,1.6865509748458862,0.12070238590240479,2.263582229614258,-0.1983145922422409,-0.02205846831202507,0.648002564907074,0.7350357174873352
457262,1775274315.7639172,1.685922384262085,0.12059728056192398,2.263526439666748,-0.19777756929397583,-0.02322256751358509,0.6496691703796387,0.7336720824241638
457263,1775274315.7750285,1.6853435039520264,0.12044129520654678,2.2634618282318115,-0.19748318195343018,-0.023660365492105484,0.6515550017356873,0.7320632934570312
457264,1775274315.7861395,1.684802532196045,0.11999869346618652,2.2636468410491943,-0.1990906000137329,-0.023309916257858276,0.6537774205207825,0.7296537756919861
457265,1775274315.7972507,1.6840623617172241,0.11992297321557999,2.2635302543640137,-0.19862419366836548,-0.023709051311016083,0.6553370952606201,0.728367805480957
457266,1775274315.8083618,1.683319330215454,0.11985614895820618,2.2633399963378906,-0.19822727143764496,-0.023920534178614616,0.6568102836608887,0.7271410822868347
457267,1775274315.8194728,1.6828309297561646,0.11982573568820953,2.2633321285247803,-0.19817638397216797,-0.02398373931646347,0.6587496995925903,0.7253963351249695
457268,1775274315.830584,1.6823492050170898,0.11955361813306808,2.2631916999816895,-0.1999175250530243,-0.02339804358780384,0.6607593894004822,0.7231062650680542
457269,1775274315.841695,1.68174147605896,0.11926846951246262,2.2629778385162354,-0.20100045204162598,-0.023404261097311974,0.6627776622772217,0.7209555506706238
457270,1775274315.852806,1.6811342239379883,0.11914657801389694,2.2626328468322754,-0.20172522962093353,-0.023334387689828873,0.664512574672699,0.7191561460494995
457271,1775274315.8639174,1.6805040836334229,0.11913107335567474,2.262401580810547,-0.20182429254055023,-0.02309519238770008,0.6659830808639526,0.7177744507789612
457272,1775274315.8750284,1.6799248456954956,0.11907322704792023,2.2620110511779785,-0.20214392244815826,-0.02277974784374237,0.6674718856811523,0.7163101434707642
457273,1775274315.8861396,1.6793862581253052,0.11884169280529022,2.2615864276885986,-0.20356221497058868,-0.022389590740203857,0.6695924997329712,0.7139377593994141
457274,1775274315.8972507,1.6788383722305298,0.11851803213357925,2.261258363723755,-0.20529809594154358,-0.021642539650201797,0.6714275479316711,0.7117368578910828
457275,1775274315.9083617,1.6779890060424805,0.11844705045223236,2.2608625888824463,-0.20549094676971436,-0.02098306268453598,0.6730320453643799,0.7101837992668152
457276,1775274315.919473,1.6774892807006836,0.11832492798566818,2.2603230476379395,-0.20662222802639008,-0.020929386839270592,0.6750785112380981,0.7079112529754639
457277,1775274315.930584,1.677018642425537,0.11820967495441437,2.2598965167999268,-0.20762114226818085,-0.020277084782719612,0.6762403845787048,0.7065276503562927
457278,1775274315.941695,1.6765120029449463,0.11801667511463165,2.2595322132110596,-0.20917312800884247,-0.019451413303613663,0.6779153347015381,0.7044849991798401
457279,1775274315.9528062,1.6759912967681885,0.11790429055690765,2.259150505065918,-0.21035784482955933,-0.018686292693018913,0.6791397929191589,0.7029719352722168
457280,1775274315.9639173,1.675575613975525,0.1176975667476654,2.2587106227874756,-0.21167783439159393,-0.01840919815003872,0.6806098818778992,0.701158881187439
457281,1775274315.9750285,1.6751247644424438,0.11752302199602127,2.258270740509033,-0.21286867558956146,-0.017799414694309235,0.6821387410163879,0.6993260383605957
457282,1775274315.9861395,1.674724817276001,0.11743763089179993,2.25788950920105,-0.21395042538642883,-0.01715044118463993,0.6831678748130798,0.698006272315979
457283,1775274315.9972506,1.674235224723816,0.11735942959785461,2.257394790649414,-0.21500369906425476,-0.016263257712125778,0.6845165491104126,0.6963806748390198
457284,1775274316.0083618,1.6736210584640503,0.11731608211994171,2.2569658756256104,-0.21617190539836884,-0.0156977828592062,0.6861988306045532,0.6943734288215637
457285,1775274316.0194728,1.6724638938903809,0.1165836900472641,2.2554166316986084,-0.2205270379781723,-0.015145204029977322,0.6885298490524292,0.6906991004943848
457286,1775274316.0305839,1.6702980995178223,0.1137104332447052,2.2493300437927246,-0.23970378935337067,-0.0033803500700742006,0.695349931716919,0.677509605884552
457287,1775274316.041695,1.6680840253829956,0.11443687230348587,2.2440991401672363,-0.25525906682014465,0.009615002200007439,0.6990626454353333,0.6678786873817444
457288,1775274316.0528061,1.6653972864151,0.11283217370510101,2.2387754917144775,-0.27293139696121216,0.01858830265700817,0.7056496143341064,0.6536218523979187
457289,1775274316.0639174,1.6615874767303467,0.11104004085063934,2.233522653579712,-0.29127076268196106,0.025604963302612305,0.7141167521476746,0.6360369920730591
457290,1775274316.0750284,1.656982660293579,0.10921347886323929,2.228151559829712,-0.3099610209465027,0.03254866227507591,0.7253454327583313,0.6137905120849609
457291,1775274316.0861394,1.6515460014343262,0.10772112756967545,2.2229104042053223,-0.3230418562889099,0.03833179548382759,0.7382665276527405,0.5908783674240112
457292,1775274316.0972507,1.6455661058425903,0.10553783178329468,2.2182462215423584,-0.33570557832717896,0.041916314512491226,0.7518505454063416,0.5659200549125671
457293,1775274316.1083617,1.6395928859710693,0.10339504480361938,2.2142574787139893,-0.3491095006465912,0.0459747277200222,0.7653930187225342,0.5386859774589539
457294,1775274316.119473,1.6336747407913208,0.10164736956357956,2.210294246673584,-0.359433114528656,0.04754975438117981,0.7785540223121643,0.5122503638267517
457295,1775274316.130584,1.6281014680862427,0.09982582181692123,2.2074899673461914,-0.36776047945022583,0.04907876253128052,0.7915183305740356,0.4856361448764801
457296,1775274316.141695,1.6223673820495605,0.0983872264623642,2.2048943042755127,-0.3759811222553253,0.04984009638428688,0.8025170564651489,0.4605656862258911
457297,1775274316.1528063,1.6170574426651,0.09716551750898361,2.202949285507202,-0.3806428015232086,0.04858541861176491,0.8131983876228333,0.4375603199005127
457298,1775274316.1639173,1.6120586395263672,0.09588568657636642,2.201667547225952,-0.3839312493801117,0.045368093997240067,0.8235968351364136,0.4150022566318512
457299,1775274316.1750283,1.6073722839355469,0.09484304487705231,2.2004992961883545,-0.38603946566581726,0.04005667194724083,0.8324621319770813,0.3954438269138336
457300,1775274316.1861396,1.6031439304351807,0.09379737079143524,2.1997666358947754,-0.3874162435531616,0.03437786549329758,0.84108966588974,0.37589210271835327
457301,1775274316.1972506,1.5990020036697388,0.09292767941951752,2.1993088722229004,-0.3881304860115051,0.028873540461063385,0.8487527966499329,0.3579660952091217
457302,1775274316.2083619,1.5951809883117676,0.09188579767942429,2.1987128257751465,-0.3874646723270416,0.02029632404446602,0.8560698628425598,0.3414730131626129
457303,1775274316.219473,1.591059684753418,0.09076298773288727,2.198340654373169,-0.3870965540409088,0.014405302703380585,0.8628113865852356,0.3248157799243927
457304,1775274316.230584,1.5875270366668701,0.08980744332075119,2.1981983184814453,-0.3867814838886261,0.008747771382331848,0.8693914413452148,0.3073795735836029
457305,1775274316.2416952,1.5838960409164429,0.08880847692489624,2.198021650314331,-0.3857554495334625,0.003107198281213641,0.8756377100944519,0.2905883491039276
457306,1775274316.2528062,1.5802019834518433,0.08755303919315338,2.1977832317352295,-0.38497021794319153,-0.002066573826596141,0.8816896677017212,0.2727947533130646
457307,1775274316.2639172,1.576556921005249,0.08697298169136047,2.1975204944610596,-0.38460075855255127,-0.009155615232884884,0.8869541883468628,0.2555595934391022
457308,1775274316.2750285,1.5730587244033813,0.08623313158750534,2.197622776031494,-0.383282870054245,-0.014449439942836761,0.8923176527023315,0.2380223423242569
457309,1775274316.2861395,1.5697647333145142,0.08533844351768494,2.1976776123046875,-0.3828480541706085,-0.019723085686564445,0.8968128561973572,0.220828115940094
457310,1775274316.2972507,1.5664817094802856,0.0844370424747467,2.1974356174468994,-0.38273078203201294,-0.025633886456489563,0.9006789922714233,0.2040526121854782
457311,1775274316.3083618,1.5633125305175781,0.08375057578086853,2.197382688522339,-0.38117220997810364,-0.032095324248075485,0.90470951795578,0.18755915760993958
457312,1775274316.3194728,1.5600985288619995,0.08292655646800995,2.1974680423736572,-0.37974274158477783,-0.037607286125421524,0.908257246017456,0.1716097742319107
457313,1775274316.330584,1.557099461555481,0.08217748999595642,2.1974852085113525,-0.37844446301460266,-0.0443296805024147,0.9116371870040894,0.15405340492725372
457314,1775274316.341695,1.5540218353271484,0.08175303041934967,2.1973183155059814,-0.37775465846061707,-0.05013023689389229,0.9140186905860901,0.13913340866565704
457315,1775274316.352806,1.5509097576141357,0.08105692267417908,2.197490692138672,-0.37573951482772827,-0.05607427656650543,0.9168701767921448,0.12257502973079681
457316,1775274316.3639174,1.5479227304458618,0.08053505420684814,2.1974875926971436,-0.3738700747489929,-0.062260087579488754,0.9190969467163086,0.10773000866174698
457317,1775274316.3750284,1.5451900959014893,0.08002644777297974,2.197314500808716,-0.3736532926559448,-0.06898669898509979,0.9203553199768066,0.0925755724310875
457318,1775274316.3861396,1.5423877239227295,0.07918854057788849,2.197300434112549,-0.3724464476108551,-0.07523322105407715,0.9218541383743286,0.0762140080332756
457319,1775274316.3972507,1.5398207902908325,0.07819279283285141,2.1965491771698,-0.36980175971984863,-0.07801434397697449,0.9234605431556702,0.06618954986333847
457320,1775274316.4083617,1.5405759811401367,0.0751563161611557,2.1939854621887207,-0.3651006817817688,-0.06042337045073509,0.9266830086708069,0.06564311683177948
457321,1775274316.419473,1.5414067506790161,0.07502889633178711,2.1922924518585205,-0.36478549242019653,-0.046342622488737106,0.9276542663574219,0.0651266798377037
457322,1775274316.430584,1.5421206951141357,0.07394377142190933,2.190570592880249,-0.36505118012428284,-0.0339285209774971,0.9282323718070984,0.06301745027303696
457323,1775274316.441695,1.542170524597168,0.07257450371980667,2.188462734222412,-0.36549457907676697,-0.023867478594183922,0.9285218119621277,0.060755789279937744
457324,1775274316.4528062,1.5421993732452393,0.07206608355045319,2.186547040939331,-0.36574411392211914,-0.015864286571741104,0.9287793636322021,0.05786651372909546
457325,1775274316.4639173,1.5422630310058594,0.0718473345041275,2.185199499130249,-0.3653063178062439,-0.00682153319939971,0.9292840361595154,0.05418374016880989
457326,1775274316.4750285,1.542008399963379,0.07136483490467072,2.1836416721343994,-0.36588892340660095,0.00018827583699021488,0.9293942451477051,0.04849382862448692
457327,1775274316.4861395,1.5418663024902344,0.07108419388532639,2.182199478149414,-0.36685681343078613,0.006408685352653265,0.9293128848075867,0.04186504706740379
457328,1775274316.4972506,1.5410306453704834,0.07113324105739594,2.1810872554779053,-0.36623549461364746,0.012222866527736187,0.9297354221343994,0.03625116124749184
457329,1775274316.5083618,1.5401606559753418,0.07135935127735138,2.179966449737549,-0.36687058210372925,0.016478776931762695,0.929640531539917,0.030050545930862427
457330,1775274316.5194728,1.5393599271774292,0.0714365616440773,2.178898811340332,-0.3673948347568512,0.020903661847114563,0.9295395612716675,0.023248128592967987
457331,1775274316.5305839,1.5384016036987305,0.0716332495212555,2.177802085876465,-0.36822542548179626,0.025835908949375153,0.9292387962341309,0.016062578186392784
457332,1775274316.541695,1.5376216173171997,0.07179883122444153,2.1766672134399414,-0.36888769268989563,0.028547948226332664,0.929003119468689,0.007760272361338139
457333,1775274316.5528061,1.536742091178894,0.07213380932807922,2.1755857467651367,-0.3697930574417114,0.032769639045000076,0.9285359978675842,-0.00045084289740771055
457334,1775274316.5639174,1.5353611707687378,0.07247963547706604,2.174511432647705,-0.3702815771102905,0.035244498401880264,0.9282112121582031,-0.008568109013140202
457335,1775274316.5750284,1.5341774225234985,0.072647824883461,2.173750638961792,-0.37111571431159973,0.04114704579114914,0.9274830222129822,-0.01884850673377514
457336,1775274316.5861394,1.5331778526306152,0.07336917519569397,2.1726863384246826,-0.3724610209465027,0.04613163322210312,0.9264636039733887,-0.02845984324812889
457337,1775274316.5972507,1.5319502353668213,0.0738525316119194,2.1712594032287598,-0.37488096952438354,0.04812532290816307,0.9250091910362244,-0.038812410086393356
457338,1775274316.6083617,1.5308245420455933,0.07332934439182281,2.1698315143585205,-0.37523359060287476,0.05065654218196869,0.9243265986442566,-0.04747530817985535
457339,1775274316.619473,1.529705286026001,0.07254016399383545,2.1689088344573975,-0.3760859966278076,0.05535311624407768,0.923162579536438,-0.05715076997876167
457340,1775274316.630584,1.5284427404403687,0.07278908044099808,2.1673786640167236,-0.3779223561286926,0.05972084030508995,0.9215457439422607,-0.06604304164648056
457341,1775274316.641695,1.5274735689163208,0.07266999036073685,2.1665658950805664,-0.37883827090263367,0.06403793394565582,0.9201611280441284,-0.07539383322000504
457342,1775274316.6528063,1.5261808633804321,0.07197283953428268,2.1652300357818604,-0.3801054358482361,0.06798209249973297,0.9185823202133179,-0.08429086208343506
457343,1775274316.6639173,1.525266408920288,0.07202175259590149,2.164318323135376,-0.380566269159317,0.07214883714914322,0.9172219634056091,-0.09310195595026016
457344,1775274316.6750283,1.5240702629089355,0.07223989814519882,2.1631860733032227,-0.3811362683773041,0.07622228562831879,0.9158529043197632,-0.10069160908460617
457345,1775274316.6861396,1.5229302644729614,0.07171156257390976,2.1623919010162354,-0.3815396726131439,0.0811014175415039,0.9142621755599976,-0.10943014174699783
457346,1775274316.6972506,1.5221320390701294,0.0716593787074089,2.161388397216797,-0.3823339343070984,0.0852041095495224,0.9125440716743469,-0.11757650226354599
457347,1775274316.7083619,1.5213135480880737,0.07167887687683105,2.1600728034973145,-0.38270634412765503,0.08767296373844147,0.910988986492157,-0.1262875348329544
457348,1775274316.719473,1.5201117992401123,0.07159720361232758,2.1590170860290527,-0.38281136751174927,0.0916140079498291,0.9096640348434448,-0.13256627321243286
457349,1775274316.730584,1.519270420074463,0.07146333158016205,2.1580207347869873,-0.38273194432258606,0.09548402577638626,0.908117949962616,-0.14043167233467102
457350,1775274316.7416952,1.5185004472732544,0.07123354822397232,2.15726637840271,-0.38293465971946716,0.09928709268569946,0.9061776399612427,-0.1494830846786499
457351,1775274316.7528062,1.5178585052490234,0.07099762558937073,2.1562259197235107,-0.3829571008682251,0.10286080092191696,0.9044578075408936,-0.1572246551513672
457352,1775274316.7639172,1.5167806148529053,0.0710909515619278,2.155153274536133,-0.38254544138908386,0.10553906112909317,0.903114378452301,-0.16402749717235565
457353,1775274316.7750285,1.5159536600112915,0.07065729796886444,2.154632568359375,-0.3822149634361267,0.11164935678243637,0.9009510278701782,-0.17243415117263794
457354,1775274316.7861395,1.5152372121810913,0.07071532309055328,2.1535518169403076,-0.3822185695171356,0.11376386135816574,0.899295449256897,-0.17953960597515106
457355,1775274316.7972507,1.5144981145858765,0.07089902460575104,2.152386426925659,-0.3818819522857666,0.11611282825469971,0.8978989720344543,-0.18563760817050934
457356,1775274316.8083618,1.513800859451294,0.07076458632946014,2.1514902114868164,-0.38206610083580017,0.11910650879144669,0.8959798812866211,-0.19250772893428802
457357,1775274316.8194728,1.5130178928375244,0.07061530649662018,2.1510462760925293,-0.3808436989784241,0.12380415201187134,0.8941864967346191,-0.2001531720161438
457358,1775274316.830584,1.511912226676941,0.07066777348518372,2.1498310565948486,-0.3800613582134247,0.12573546171188354,0.8929280042648315,-0.20597033202648163
457359,1775274316.841695,1.5110771656036377,0.07078609615564346,2.148785352706909,-0.38003408908843994,0.12828007340431213,0.8912699222564697,-0.2115570604801178
457360,1775274316.852806,1.5104291439056396,0.07076813280582428,2.147920608520508,-0.3793906569480896,0.1309097707271576,0.8895810842514038,-0.2181074619293213
457361,1775274316.8639174,1.5095592737197876,0.07062751799821854,2.1476380825042725,-0.37756553292274475,0.1356935203075409,0.8878893852233887,-0.22513101994991302
457362,1775274316.8750284,1.5088696479797363,0.07069780677556992,2.1467347145080566,-0.37700068950653076,0.13832822442054749,0.8862215280532837,-0.23096978664398193
457363,1775274316.8861396,1.508410930633545,0.0706775039434433,2.1455352306365967,-0.3777533173561096,0.1397092342376709,0.884091854095459,-0.23699256777763367
457364,1775274316.8972507,1.5076316595077515,0.0707281231880188,2.144826650619507,-0.3768330514431,0.1430739313364029,0.8825145363807678,-0.2422703504562378
457365,1775274316.9083617,1.5069557428359985,0.07068407535552979,2.1443893909454346,-0.3759464621543884,0.14696907997131348,0.8804702162742615,-0.2486698031425476
457366,1775274316.919473,1.5062974691390991,0.07085663080215454,2.143653631210327,-0.37509971857070923,0.14987356960773468,0.8789361119270325,-0.2535933256149292
457367,1775274316.930584,1.5055853128433228,0.07093153893947601,2.142688512802124,-0.37475821375846863,0.15164555609226227,0.8774572014808655,-0.25812551379203796
457368,1775274316.941695,1.5049372911453247,0.07087193429470062,2.1423428058624268,-0.37340396642684937,0.15536606311798096,0.8754489421844482,-0.2646128535270691
457369,1775274316.9528062,1.504472255706787,0.07088221609592438,2.141514778137207,-0.37317126989364624,0.15716935694217682,0.8735316395759583,-0.2701549828052521
457370,1775274316.9639173,1.5039138793945312,0.0710051953792572,2.1406209468841553,-0.37317681312561035,0.15912429988384247,0.8717323541641235,-0.27477508783340454
457371,1775274316.9750285,1.5032044649124146,0.07118377089500427,2.1396379470825195,-0.3726218640804291,0.16074638068675995,0.8706007599830627,-0.27815061807632446
457372,1775274316.9861395,1.5026310682296753,0.07140154391527176,2.1389777660369873,-0.3718257546424866,0.16268320381641388,0.8692035675048828,-0.28242725133895874
457373,1775274316.9972506,1.502163052558899,0.0713384822010994,2.1386218070983887,-0.3711751401424408,0.1658523678779602,0.8671559691429138,-0.2876846492290497
457374,1775274317.0083618,1.501947045326233,0.07117603719234467,2.138354539871216,-0.37047043442726135,0.16982144117355347,0.8647394776344299,-0.29349276423454285
457375,1775274317.0194728,1.5013948678970337,0.07134617865085602,2.137575149536133,-0.37003520131111145,0.1716686189174652,0.8633121252059937,-0.2971467077732086
457376,1775274317.0305839,1.5009493827819824,0.07152323424816132,2.136915683746338,-0.3694457411766052,0.1736031174659729,0.8619653582572937,-0.3006451725959778
457377,1775274317.041695,1.5005147457122803,0.07168237864971161,2.1361746788024902,-0.36924439668655396,0.17519842088222504,0.8607502579689026,-0.30343568325042725
457378,1775274317.0528061,1.5000734329223633,0.07176098972558975,2.135479688644409,-0.36893483996391296,0.17682534456253052,0.8594105243682861,-0.3066489100456238
457379,1775274317.0639174,1.4998791217803955,0.07163643836975098,2.134958267211914,-0.3678281009197235,0.18062642216682434,0.8573518991470337,-0.31148749589920044
457380,1775274317.0750284,1.4994254112243652,0.07190386950969696,2.1345181465148926,-0.3665045499801636,0.1824076622724533,0.8564929962158203,-0.3143590986728668
457381,1775274317.0861394,1.4992597103118896,0.07193106412887573,2.133969783782959,-0.3664648234844208,0.18468384444713593,0.8547177314758301,-0.3178885877132416
457382,1775274317.0972507,1.4988274574279785,0.07196203619241714,2.1333470344543457,-0.36601707339286804,0.18661357462406158,0.8535062670707703,-0.3205215334892273
457383,1775274317.1083617,1.498605489730835,0.07195175439119339,2.132838726043701,-0.3651714622974396,0.18890076875686646,0.8522052764892578,-0.32359305024147034
457384,1775274317.119473,1.4982050657272339,0.07194744050502777,2.1323132514953613,-0.36399221420288086,0.191327765583992,0.8510974049568176,-0.3263995349407196
457385,1775274317.130584,1.4980591535568237,0.0720587819814682,2.1318306922912598,-0.3631242513656616,0.19359537959098816,0.849694013595581,-0.3296692669391632
457386,1775274317.141695,1.4975920915603638,0.07215265929698944,2.1310946941375732,-0.3630829453468323,0.19581875205039978,0.8485501408576965,-0.33134347200393677
457387,1775274317.1528063,1.4973015785217285,0.07221400737762451,2.1305699348449707,-0.36231186985969543,0.19788870215415955,0.8473514914512634,-0.33401423692703247
457388,1775274317.1639173,1.4970670938491821,0.07221683859825134,2.129997968673706,-0.3615708351135254,0.20016734302043915,0.8462490439414978,-0.33624714612960815
457389,1775274317.1750283,1.4967925548553467,0.07232312858104706,2.1294772624969482,-0.36088699102401733,0.20201358199119568,0.8451871871948242,-0.33854082226753235
457390,1775274317.1861396,1.496457815170288,0.0725499838590622,2.1289920806884766,-0.3601827621459961,0.2041100114583969,0.8441025614738464,-0.3407323956489563
457391,1775274317.1972506,1.4962319135665894,0.07266424596309662,2.1283938884735107,-0.3597027659416199,0.20597553253173828,0.8430866599082947,-0.3426266312599182
457392,1775274317.2083619,1.4961886405944824,0.07262637466192245,2.1280124187469482,-0.35912439227104187,0.20808620750904083,0.8416998982429504,-0.34535667300224304
457393,1775274317.219473,1.4958455562591553,0.07256074249744415,2.127678632736206,-0.3578587472438812,0.2103525549173355,0.8409199118614197,-0.347192645072937
457394,1775274317.230584,1.4955809116363525,0.07259927690029144,2.127382278442383,-0.3567136526107788,0.21280786395072937,0.840096116065979,-0.348864883184433
457395,1775274317.2416952,1.4954098463058472,0.07270623743534088,2.1270816326141357,-0.3556973934173584,0.21425025165081024,0.8394550681114197,-0.35055869817733765
457396,1775274317.2528062,1.495255470275879,0.07276132702827454,2.126690149307251,-0.3552921712398529,0.2156773805618286,0.8386967182159424,-0.3519068956375122
457397,1775274317.2639172,1.4950551986694336,0.07285836338996887,2.1264290809631348,-0.35407084226608276,0.21773990988731384,0.8381544947624207,-0.35315752029418945
457398,1775274317.2750285,1.4949475526809692,0.07290434837341309,2.1262097358703613,-0.3533536195755005,0.21928398311138153,0.837466835975647,-0.35454899072647095
457399,1775274317.2861395,1.4948036670684814,0.07297105342149734,2.125887155532837,-0.35283276438713074,0.2203100174665451,0.8370277881622314,-0.3554674983024597
457400,1775274317.2972507,1.4946863651275635,0.07305913418531418,2.125601053237915,-0.3523528277873993,0.22136005759239197,0.8365824222564697,-0.35633859038352966
457401,1775274317.3083618,1.4946097135543823,0.07314145565032959,2.125347852706909,-0.3519637882709503,0.2223464548587799,0.8361035585403442,-0.35723167657852173
457402,1775274317.3194728,1.4944684505462646,0.0731378048658371,2.1250650882720947,-0.3519411087036133,0.2232159525156021,0.8356415033340454,-0.35779234766960144
457403,1775274317.330584,1.4944403171539307,0.07317304611206055,2.124802350997925,-0.35174569487571716,0.22377833724021912,0.8353904485702515,-0.35821956396102905
457404,1775274317.341695,1.4944961071014404,0.0731372982263565,2.1245269775390625,-0.35146138072013855,0.22472603619098663,0.8349214792251587,-0.35899752378463745
457405,1775274317.352806,1.4945193529129028,0.07315191626548767,2.1243085861206055,-0.3511657118797302,0.2254984974861145,0.8345887660980225,-0.35957568883895874
457406,1775274317.3639174,1.49455726146698,0.0732022076845169,2.124094009399414,-0.35116782784461975,0.2263144701719284,0.8342090249061584,-0.35994192957878113
457407,1775274317.3750284,1.4945653676986694,0.0731969103217125,2.1239700317382812,-0.350791871547699,0.22698868811130524,0.834017276763916,-0.36032819747924805
457408,1775274317.3861396,1.4946457147598267,0.07315854728221893,2.1237518787384033,-0.3511464297771454,0.22710303962230682,0.8336658477783203,-0.3607237935066223
457409,1775274317.3972507,1.4946246147155762,0.07318620383739471,2.1237034797668457,-0.3510155975818634,0.22768260538578033,0.8334545493125916,-0.36097392439842224
457410,1775274317.4083617,1.494666576385498,0.07321278750896454,2.1236441135406494,-0.35103946924209595,0.22835631668567657,0.8332508206367493,-0.3609955310821533
457411,1775274317.419473,1.494692087173462,0.0732225552201271,2.123631000518799,-0.35077816247940063,0.22874632477760315,0.833243727684021,-0.36101895570755005
457412,1775274317.430584,1.4947609901428223,0.07326308637857437,2.12359619140625,-0.3507135510444641,0.22886431217193604,0.8332906365394592,-0.3608987033367157
457413,1775274317.441695,1.494836449623108,0.07323776930570602,2.1235814094543457,-0.3507174551486969,0.22905273735523224,0.8332850933074951,-0.36078816652297974
457414,1775274317.4528062,1.4948420524597168,0.07323805242776871,2.123685359954834,-0.35028722882270813,0.2293819785118103,0.833534836769104,-0.3604198396205902
457415,1775274317.4639173,1.4949355125427246,0.07319307327270508,2.1236698627471924,-0.35037943720817566,0.22903038561344147,0.8337726593017578,-0.3600035309791565
457416,1775274317.4750285,1.495073914527893,0.07324494421482086,2.1237571239471436,-0.3500823974609375,0.22898411750793457,0.8340746760368347,-0.359622061252594
457417,1775274317.4861395,1.49515962600708,0.07319784164428711,2.123798131942749,-0.3504852056503296,0.2285708636045456,0.8343796730041504,-0.35878413915634155
457418,1775274317.4972506,1.4952877759933472,0.07315634191036224,2.1238770484924316,-0.3505943715572357,0.2280491441488266,0.8346549272537231,-0.35836902260780334
457419,1775274317.5083618,1.4953503608703613,0.07315956801176071,2.1240127086639404,-0.35061317682266235,0.22800622880458832,0.8350348472595215,-0.35749170184135437
457420,1775274317.5194728,1.4954464435577393,0.07324504107236862,2.1241652965545654,-0.35079094767570496,0.22749018669128418,0.8357036113739014,-0.3560808300971985
457421,1775274317.5305839,1.4956436157226562,0.07320980727672577,2.1242713928222656,-0.35119640827178955,0.22639787197113037,0.8361935615539551,-0.3552260994911194
457422,1775274317.541695,1.4957449436187744,0.07321934401988983,2.124436378479004,-0.3511411249637604,0.22555464506149292,0.8370023369789124,-0.3539097011089325
457423,1775274317.5528061,1.4958908557891846,0.07320158183574677,2.1246578693389893,-0.35102394223213196,0.22498394548892975,0.8377091884613037,-0.3527149260044098
457424,1775274317.5639174,1.4959931373596191,0.0731552392244339,2.1248769760131836,-0.3512820303440094,0.22432029247283936,0.8383364081382751,-0.3513878583908081
457425,1775274317.5750284,1.4958692789077759,0.07308600097894669,2.125553607940674,-0.3500996232032776,0.22487808763980865,0.8391594290733337,-0.3502451777458191
457426,1775274317.5861394,1.4961447715759277,0.07305756211280823,2.1256587505340576,-0.3508256673812866,0.22380681335926056,0.8399450182914734,-0.3483162820339203
457427,1775274317.5972507,1.4963680505752563,0.07298054546117783,2.1258163452148438,-0.3512815535068512,0.222420334815979,0.8408182859420776,-0.3466339409351349
457428,1775274317.6083617,1.4967330694198608,0.07285422086715698,2.1261024475097656,-0.35198134183883667,0.22132855653762817,0.841251790523529,-0.3455694615840912
457429,1775274317.619473,1.496984601020813,0.07283833622932434,2.1263108253479004,-0.3529297113418579,0.21970078349113464,0.8421668410301208,-0.34340518712997437
457430,1775274317.630584,1.4972478151321411,0.07275675982236862,2.1265950202941895,-0.35337939858436584,0.21826526522636414,0.8431987166404724,-0.3413200080394745
457431,1775274317.641695,1.4975560903549194,0.07272645831108093,2.126854658126831,-0.35376977920532227,0.21715641021728516,0.8442085981369019,-0.3391192853450775
457432,1775274317.6528063,1.4975957870483398,0.07266490161418915,2.12739634513855,-0.35337668657302856,0.2170315831899643,0.8452990651130676,-0.3368854820728302
457433,1775274317.6639173,1.497988224029541,0.0725574716925621,2.127795934677124,-0.3538864552974701,0.2152029573917389,0.846121609210968,-0.3354553282260895
457434,1775274317.6750283,1.49812912940979,0.07249121367931366,2.1280508041381836,-0.35459449887275696,0.21338249742984772,0.8475446701049805,-0.3322628438472748
457435,1775274317.6861396,1.4984065294265747,0.07239671051502228,2.128380298614502,-0.35496845841407776,0.21208831667900085,0.8487119674682617,-0.3297029435634613
457436,1775274317.6972506,1.4988088607788086,0.07243582606315613,2.128737688064575,-0.3553406298160553,0.20978644490242004,0.8501337170600891,-0.32710155844688416
457437,1775274317.7083619,1.4991761445999146,0.07244817912578583,2.1292827129364014,-0.355594664812088,0.20863479375839233,0.8511812090873718,-0.32482999563217163
457438,1775274317.719473,1.4993466138839722,0.07232283055782318,2.1296234130859375,-0.3563429117202759,0.2072867453098297,0.8523321151733398,-0.32184162735939026
457439,1775274317.730584,1.4997141361236572,0.07222448289394379,2.1299943923950195,-0.3569868206977844,0.20512215793132782,0.8535526394844055,-0.3192698657512665
457440,1775274317.7416952,1.5002055168151855,0.07205334305763245,2.1303560733795166,-0.3576779067516327,0.2036825269460678,0.8543844223022461,-0.3171865940093994
457441,1775274317.7528062,1.5004496574401855,0.07207714021205902,2.1309590339660645,-0.35733622312545776,0.20273233950138092,0.8557446002960205,-0.31450238823890686
457442,1775274317.7639172,1.500778079032898,0.07202789187431335,2.131380319595337,-0.3579091727733612,0.20122165977954865,0.8568946123123169,-0.31167709827423096
457443,1775274317.7750285,1.5013134479522705,0.07199051231145859,2.131753921508789,-0.3586161136627197,0.19919566810131073,0.8581923246383667,-0.30857986211776733
457444,1775274317.7861395,1.5017883777618408,0.07188242673873901,2.1323413848876953,-0.3582947254180908,0.19788280129432678,0.8594694137573242,-0.30623477697372437
457445,1775274317.7972507,1.5020098686218262,0.07194571197032928,2.1327404975891113,-0.3594650328159332,0.19638007879257202,0.8606194853782654,-0.3025786876678467
457446,1775274317.8083618,1.5025826692581177,0.07179903239011765,2.1333634853363037,-0.35956597328186035,0.19474376738071442,0.8617159128189087,-0.3003878891468048
457447,1775274317.8194728,1.5031226873397827,0.0718148946762085,2.1337618827819824,-0.3605080842971802,0.1931062489748001,0.862724781036377,-0.2974053621292114
457448,1775274317.830584,1.5035779476165771,0.0716162770986557,2.1344847679138184,-0.3603871166706085,0.19211384654045105,0.8638967275619507,-0.2947814464569092
457449,1775274317.841695,1.5040124654769897,0.07150228321552277,2.1350300312042236,-0.36038026213645935,0.19055190682411194,0.865297257900238,-0.2916792333126068
457450,1775274317.852806,1.5043078660964966,0.0714527815580368,2.135361433029175,-0.3611144721508026,0.18862104415893555,0.8669018745422363,-0.2872276306152344
457451,1775274317.8639174,1.5047335624694824,0.07158580422401428,2.1354176998138428,-0.3615259528160095,0.1850334107875824,0.8689835071563721,-0.28271791338920593
457452,1775274317.8750284,1.5053468942642212,0.07140448689460754,2.136047124862671,-0.36178824305534363,0.1832822561264038,0.8703364133834839,-0.27934128046035767
457453,1775274317.8861396,1.5057846307754517,0.0713299810886383,2.1367270946502686,-0.362005352973938,0.18231354653835297,0.8716181516647339,-0.2756733298301697
457454,1775274317.8972507,1.5063749551773071,0.07121306657791138,2.137404680252075,-0.3622943162918091,0.18131370842456818,0.8727288842201233,-0.2724197506904602
457455,1775274317.9083617,1.5068211555480957,0.07121393084526062,2.1379032135009766,-0.3624717593193054,0.17931734025478363,0.8743816018104553,-0.2681724429130554
457456,1775274317.919473,1.5071502923965454,0.07131091505289078,2.1383609771728516,-0.3626087009906769,0.1766633689403534,0.8765830397605896,-0.26250210404396057
457457,1775274317.930584,1.507835865020752,0.07124212384223938,2.139133930206299,-0.36265480518341064,0.17576763033866882,0.8777895569801331,-0.2589842975139618
457458,1775274317.941695,1.5082945823669434,0.07107654213905334,2.1395952701568604,-0.3633345663547516,0.17360767722129822,0.879220187664032,-0.2545982003211975
457459,1775274317.9528062,1.5089236497879028,0.0710752010345459,2.139955520629883,-0.3638019263744354,0.1708817332983017,0.8809077739715576,-0.24989813566207886
457460,1775274317.9639173,1.509598731994629,0.0710861086845398,2.140674114227295,-0.3638991117477417,0.16958434879779816,0.8824265599250793,-0.24523836374282837
457461,1775274317.9750285,1.5101112127304077,0.07114309072494507,2.141061544418335,-0.364525705575943,0.16634082794189453,0.8842511177062988,-0.2398993819952011
457462,1775274317.9861395,1.510510802268982,0.07120689749717712,2.1418914794921875,-0.3637780547142029,0.16559642553329468,0.8859469294548035,-0.2352476269006729
457463,1775274317.9972506,1.510879397392273,0.07106863707304001,2.143035888671875,-0.36356183886528015,0.16553856432437897,0.8875190019607544,-0.22963005304336548
457464,1775274318.0083618,1.5114946365356445,0.07112422585487366,2.143371343612671,-0.36423033475875854,0.16235357522964478,0.8891384601593018,-0.22452259063720703
457465,1775274318.0194728,1.512253761291504,0.07102939486503601,2.143815517425537,-0.36473581194877625,0.15999740362167358,0.8906080722808838,-0.21951277554035187
457466,1775274318.0305839,1.51301109790802,0.07099087536334991,2.144702911376953,-0.3654218912124634,0.15933296084403992,0.8914998173713684,-0.21519309282302856
457467,1775274318.041695,1.513571858406067,0.07095979899168015,2.145503520965576,-0.3654404580593109,0.15737321972846985,0.8931707143783569,-0.20960254967212677
457468,1775274318.0528061,1.5142953395843506,0.07093989104032516,2.146047353744507,-0.36514735221862793,0.15423239767551422,0.8950057625770569,-0.2045592963695526
457469,1775274318.0639174,1.5148085355758667,0.07104320824146271,2.1465184688568115,-0.36560124158859253,0.15169574320316315,0.8967294096946716,-0.19799146056175232
457470,1775274318.0750284,1.5154997110366821,0.0710286796092987,2.1473982334136963,-0.36530372500419617,0.15035197138786316,0.8981833457946777,-0.19291022419929504
457471,1775274318.0861394,1.5162137746810913,0.07105907052755356,2.1482014656066895,-0.36539992690086365,0.14910683035850525,0.8994929790496826,-0.18751643598079681
457472,1775274318.0972507,1.5168888568878174,0.071152463555336,2.1488564014434814,-0.36563464999198914,0.14628902077674866,0.9011321663856506,-0.18130545318126678
457473,1775274318.1083617,1.5178815126419067,0.07117503136396408,2.1494381427764893,-0.3659990727901459,0.14291490614414215,0.9025834202766418,-0.17596393823623657
457474,1775274318.119473,1.518727421760559,0.07114731520414352,2.1500444412231445,-0.3667125105857849,0.1407349705696106,0.9037595391273499,-0.17010115087032318
457475,1775274318.130584,1.5193649530410767,0.07124610245227814,2.1506152153015137,-0.3672633469104767,0.13824230432510376,0.9052061438560486,-0.16312119364738464
457476,1775274318.141695,1.52032470703125,0.0713033527135849,2.151337146759033,-0.3673520088195801,0.13583466410636902,0.9065834879875183,-0.1571873277425766
457477,1775274318.1528063,1.5210398435592651,0.07137289643287659,2.1520557403564453,-0.3671720027923584,0.13297002017498016,0.9081687927246094,-0.15077553689479828
457478,1775274318.1639173,1.5216022729873657,0.0714653730392456,2.1529524326324463,-0.3663259446620941,0.13161563873291016,0.9097224473953247,-0.14452579617500305
457479,1775274318.1750283,1.5224858522415161,0.07153740525245667,2.153670310974121,-0.36637768149375916,0.12855827808380127,0.9111774563789368,-0.13782565295696259
457480,1775274318.1861396,1.5232535600662231,0.07171426713466644,2.1543383598327637,-0.3672323226928711,0.125928595662117,0.9122238159179688,-0.13088205456733704
457481,1775274318.1972506,1.524564266204834,0.07163400948047638,2.1550028324127197,-0.36764538288116455,0.12282694876194,0.9132401347160339,-0.12547121942043304
457482,1775274318.2083619,1.5251139402389526,0.0719737857580185,2.155555009841919,-0.36682966351509094,0.11961966753005981,0.9150059819221497,-0.11786162108182907
457483,1775274318.219473,1.5258064270019531,0.07216453552246094,2.156385898590088,-0.36679986119270325,0.11727911978960037,0.9163742065429688,-0.10937011986970901
457484,1775274318.230584,1.5265604257583618,0.0722436010837555,2.1575191020965576,-0.36640337109565735,0.11554890125989914,0.917467474937439,-0.10320115834474564
457485,1775274318.2416952,1.5276525020599365,0.07237395644187927,2.158411741256714,-0.3666951656341553,0.11311560124158859,0.9184064269065857,-0.09627663344144821
457486,1775274318.2528062,1.5284173488616943,0.0725005716085434,2.159123182296753,-0.36632633209228516,0.1101904809474945,0.9196758270263672,-0.08865438401699066
457487,1775274318.2639172,1.5295301675796509,0.07253756374120712,2.159944772720337,-0.3658106029033661,0.10725454986095428,0.9208647608757019,-0.08177606016397476
457488,1775274318.2750285,1.5303596258163452,0.07278110086917877,2.160750150680542,-0.3655332624912262,0.10375630855560303,0.9220289587974548,-0.07404512166976929
457489,1775274318.2861395,1.531177282333374,0.0729655846953392,2.161500930786133,-0.365540474653244,0.10143906623125076,0.9228771328926086,-0.06624247878789902
457490,1775274318.2972507,1.5323424339294434,0.07304293662309647,2.1622540950775146,-0.36479419469833374,0.09749257564544678,0.9240821003913879,-0.05909834802150726
457491,1775274318.3083618,1.5333306789398193,0.07322246581315994,2.1632080078125,-0.36526116728782654,0.09619560092687607,0.9245263338088989,-0.0508117601275444
457492,1775274318.3194728,1.5344936847686768,0.07352539151906967,2.163977861404419,-0.3646923303604126,0.09245164692401886,0.9255098700523376,-0.04340166598558426
457493,1775274318.330584,1.5351650714874268,0.07390917837619781,2.1648101806640625,-0.363579124212265,0.08930747210979462,0.9266553521156311,-0.03382887318730354
457494,1775274318.341695,1.5364503860473633,0.07413531839847565,2.165621519088745,-0.36383479833602905,0.08615537732839584,0.9270950555801392,-0.02639095112681389
457495,1775274318.352806,1.537725806236267,0.07417559623718262,2.1669273376464844,-0.3632814288139343,0.08491194248199463,0.9275882840156555,-0.019913172349333763
457496,1775274318.3639174,1.5385860204696655,0.0745859295129776,2.1674396991729736,-0.36261337995529175,0.08098136633634567,0.9283601641654968,-0.010048231109976768
457497,1775274318.3750284,1.5397542715072632,0.07490149140357971,2.1684107780456543,-0.36238372325897217,0.07816604524850845,0.9287430644035339,-0.002089523244649172
457498,1775274318.3861396,1.5410573482513428,0.0752003863453865,2.1694388389587402,-0.36183369159698486,0.07503628730773926,0.9291988015174866,0.005974013824015856
457499,1775274318.3972507,1.5418556928634644,0.07568594813346863,2.1704065799713135,-0.3609867990016937,0.07336398959159851,0.9295525550842285,0.015440776012837887
457500,1775274318.4083617,1.543143630027771,0.07564441859722137,2.171426773071289,-0.3603181540966034,0.0707150474190712,0.9298694729804993,0.02265227772295475
457501,1775274318.419473,1.5442315340042114,0.07612255960702896,2.172426700592041,-0.35973072052001953,0.06822981685400009,0.9300188422203064,0.03168106451630592
457502,1775274318.430584,1.5453518629074097,0.0765916258096695,2.1730215549468994,-0.3594107925891876,0.06358596682548523,0.9301056861877441,0.04103793576359749
457503,1775274318.441695,1.5465682744979858,0.07693324983119965,2.1741385459899902,-0.3583012521266937,0.06122323498129845,0.930279016494751,0.04952680692076683
457504,1775274318.4528062,1.547945261001587,0.07727952301502228,2.1751816272735596,-0.35745730996131897,0.05809226259589195,0.9303207993507385,0.057902805507183075
457505,1775274318.4639173,1.5490961074829102,0.0778350681066513,2.176086902618408,-0.3569069504737854,0.05417114868760109,0.9300844073295593,0.06801404058933258
457506,1775274318.4750285,1.5503261089324951,0.07822367548942566,2.1771392822265625,-0.356315016746521,0.05097060278058052,0.9297632575035095,0.07734333723783493
457507,1775274318.4861395,1.551581859588623,0.0783667266368866,2.1782174110412598,-0.3551273047924042,0.048445023596286774,0.929618239402771,0.08571917563676834
457508,1775274318.4972506,1.5528323650360107,0.07897019386291504,2.17936372756958,-0.3541374206542969,0.04517470672726631,0.9292125105857849,0.09544741362333298
457509,1775274318.5083618,1.5543055534362793,0.0792057067155838,2.1804256439208984,-0.35296711325645447,0.04227364808320999,0.928918719291687,0.10362120717763901
457510,1775274318.5194728,1.555617332458496,0.07961802929639816,2.18149995803833,-0.3520224988460541,0.03869782015681267,0.9282355308532715,0.11384785175323486
457511,1775274318.5305839,1.556782603263855,0.08016126602888107,2.182509183883667,-0.350429505109787,0.03497470170259476,0.9276488423347473,0.12427213042974472
457512,1775274318.541695,1.5583571195602417,0.08065193146467209,2.183555841445923,-0.3497958183288574,0.031544577330350876,0.9266964793205261,0.13372159004211426
457513,1775274318.5528061,1.5596669912338257,0.08117302507162094,2.184537410736084,-0.3485250771045685,0.02771180123090744,0.9257745146751404,0.1438889354467392
457514,1775274318.5639174,1.5609465837478638,0.08183525502681732,2.1858103275299072,-0.3473857045173645,0.024931205436587334,0.9245740175247192,0.1544814556837082
457515,1775274318.5750284,1.562401294708252,0.08227212727069855,2.186953544616699,-0.34538155794143677,0.02125619351863861,0.9237932562828064,0.1639082133769989
457516,1775274318.5861394,1.5641732215881348,0.08269592374563217,2.1880266666412354,-0.3440280556678772,0.0172504261136055,0.9223619103431702,0.1749161034822464
457517,1775274318.5972507,1.5654220581054688,0.0832347571849823,2.189276933670044,-0.3421599566936493,0.014071221463382244,0.9209544062614441,0.18593476712703705
457518,1775274318.6083617,1.5668975114822388,0.08398207277059555,2.1908164024353027,-0.3415312170982361,0.012213444337248802,0.9190881252288818,0.19617444276809692
457519,1775274318.619473,1.5685538053512573,0.08443896472454071,2.19215726852417,-0.33967259526252747,0.008535114116966724,0.9176323413848877,0.20615701377391815
457520,1775274318.630584,1.5704697370529175,0.08500930666923523,2.1933367252349854,-0.3380158245563507,0.0042473915964365005,0.9157754182815552,0.216985285282135
457521,1775274318.641695,1.5720012187957764,0.08548541367053986,2.1949076652526855,-0.33585673570632935,0.0006920538144186139,0.9141538739204407,0.2269856333732605
457522,1775274318.6528063,1.5735278129577637,0.08631203323602676,2.1963353157043457,-0.33365723490715027,-0.0030259566847234964,0.9119705557823181,0.23869101703166962
457523,1775274318.6639173,1.5753422975540161,0.08691541850566864,2.197643995285034,-0.3317832946777344,-0.0074169388972222805,0.9096010327339172,0.2499813735485077
457524,1775274318.6750283,1.5770615339279175,0.08748878538608551,2.1991448402404785,-0.32949933409690857,-0.010644786059856415,0.9071908593177795,0.2613842487335205
457525,1775274318.6861396,1.5789850950241089,0.08785916864871979,2.200840473175049,-0.32761675119400024,-0.014084947295486927,0.9049360156059265,0.2712189257144928
457526,1775274318.6972506,1.5808240175247192,0.0888073742389679,2.2021877765655518,-0.3260985016822815,-0.018670696765184402,0.9017364382743835,0.2831653952598572
457527,1775274318.7083619,1.5826420783996582,0.08958594501018524,2.203819990158081,-0.32310914993286133,-0.02297087013721466,0.8987826704978943,0.2954023480415344
457528,1775274318.719473,1.5844477415084839,0.0901823341846466,2.205454111099243,-0.32097429037094116,-0.02743321843445301,0.8954710364341736,0.3071717917919159
457529,1775274318.730584,1.5865740776062012,0.09100460261106491,2.2071688175201416,-0.3186122179031372,-0.031401410698890686,0.892220675945282,0.3185003995895386
457530,1775274318.7416952,1.5880945920944214,0.09186701476573944,2.208817481994629,-0.3164997100830078,-0.035666339099407196,0.8878755569458008,0.3320133090019226
457531,1775274318.7528062,1.5901315212249756,0.09265204519033432,2.2108983993530273,-0.3136320114135742,-0.03827514126896858,0.8843528628349304,0.3436424136161804
457532,1775274318.7639172,1.592324137687683,0.09356735646724701,2.2124433517456055,-0.3110272288322449,-0.04424407333135605,0.880161464214325,0.35583749413490295
457533,1775274318.7750285,1.5949783325195312,0.09399968385696411,2.214411497116089,-0.3083541691303253,-0.04886965826153755,0.8766039609909058,0.36618998646736145
457534,1775274318.7861395,1.596830129623413,0.0948956161737442,2.2161784172058105,-0.30508285760879517,-0.05434572696685791,0.8717026710510254,0.37961238622665405
457535,1775274318.7972507,1.599295973777771,0.09548364579677582,2.2181923389434814,-0.30232298374176025,-0.05997645854949951,0.867002010345459,0.3915497064590454
457536,1775274318.8083618,1.6014729738235474,0.09646595269441605,2.2201104164123535,-0.299247682094574,-0.06445009261369705,0.8616676926612854,0.40475407242774963
457537,1775274318.8194728,1.6037442684173584,0.09721885621547699,2.222189426422119,-0.2960202693939209,-0.06855404376983643,0.8566275835037231,0.4169670641422272
457538,1775274318.830584,1.6063971519470215,0.09803406149148941,2.2243428230285645,-0.29276344180107117,-0.0741177573800087,0.8511389493942261,0.42937004566192627
457539,1775274318.841695,1.6087225675582886,0.09919518232345581,2.226475715637207,-0.2891130745410919,-0.07981058210134506,0.8449486494064331,0.44283822178840637
457540,1775274318.852806,1.6114503145217896,0.10019810497760773,2.2284560203552246,-0.28533053398132324,-0.08613710850477219,0.838702380657196,0.4557908773422241
457541,1775274318.8639174,1.6137948036193848,0.10110132396221161,2.230532646179199,-0.2810024321079254,-0.091073177754879,0.8322272300720215,0.4691920280456543
457542,1775274318.8750284,1.616569995880127,0.10198606550693512,2.233210325241089,-0.27823540568351746,-0.09419316053390503,0.8256624341011047,0.48165810108184814
457543,1775274318.8861396,1.6192560195922852,0.10285811126232147,2.2354304790496826,-0.27420175075531006,-0.09935394674539566,0.8187155723571777,0.4946180582046509
457544,1775274318.8972507,1.6222071647644043,0.10394124686717987,2.2377169132232666,-0.27020731568336487,-0.10398276895284653,0.8111511468887329,0.5081431865692139
457545,1775274318.9083617,1.6249572038650513,0.1047503873705864,2.2401208877563477,-0.26641592383384705,-0.10796868801116943,0.8030968904495239,0.5219201445579529
457546,1775274318.919473,1.6281253099441528,0.10555737465620041,2.242265224456787,-0.2624245584011078,-0.11422605067491531,0.7957090139389038,0.5337910652160645
457547,1775274318.930584,1.6311334371566772,0.10654206573963165,2.244818687438965,-0.25787609815597534,-0.11916211247444153,0.7874744534492493,0.5469774603843689
457548,1775274318.941695,1.6343491077423096,0.10746626555919647,2.2473058700561523,-0.25448110699653625,-0.12311422824859619,0.7782968282699585,0.5606571435928345
457549,1775274318.9528062,1.6373283863067627,0.1086023822426796,2.2498083114624023,-0.24939404428005219,-0.12849591672420502,0.7687264680862427,0.5747616291046143
457550,1775274318.9639173,1.640518069267273,0.10960929095745087,2.252302885055542,-0.24493643641471863,-0.13441623747348785,0.7584735155105591,0.5887752175331116
457551,1775274318.9750285,1.6437643766403198,0.11052754521369934,2.2549054622650146,-0.23970775306224823,-0.1390489935874939,0.7495864033699036,0.6011039018630981
457552,1775274318.9861395,1.646700382232666,0.11179441213607788,2.2576119899749756,-0.23476214706897736,-0.14375275373458862,0.738503634929657,0.6154952049255371
457553,1775274318.9972506,1.6502536535263062,0.11281497031450272,2.2603447437286377,-0.22906678915023804,-0.15006302297115326,0.7282915115356445,0.628172755241394
457554,1775274319.0083618,1.6535189151763916,0.11389142274856567,2.263038396835327,-0.22315524518489838,-0.15606698393821716,0.7175582051277161,0.6410577893257141
457555,1775274319.0194728,1.657024621963501,0.11505354195833206,2.265956163406372,-0.21821248531341553,-0.16083751618862152,0.7070558071136475,0.653136134147644
457556,1775274319.0305839,1.6601088047027588,0.11616992205381393,2.2691075801849365,-0.21292246878147125,-0.1655983179807663,0.6964671015739441,0.6649622917175293
457557,1775274319.041695,1.6635035276412964,0.11737371981143951,2.272120475769043,-0.2070101499557495,-0.1697184294462204,0.6858150959014893,0.6767571568489075
457558,1775274319.0528061,1.6669460535049438,0.11849275976419449,2.2750585079193115,-0.20148836076259613,-0.1753067821264267,0.6743563413619995,0.6884137988090515
457559,1775274319.0639174,1.6702613830566406,0.11948005855083466,2.2780110836029053,-0.19587479531764984,-0.18110619485378265,0.6632083654403687,0.6992769837379456
457560,1775274319.0750284,1.6736583709716797,0.12058349698781967,2.280921459197998,-0.1903471052646637,-0.18665720522403717,0.6517128348350525,0.7100686430931091
457561,1775274319.0861394,1.6767154932022095,0.12158416956663132,2.283881902694702,-0.18371932208538055,-0.19216515123844147,0.6403259634971619,0.7206265330314636
457562,1775274319.0972507,1.6800527572631836,0.12257613986730576,2.2869043350219727,-0.1772383451461792,-0.1979200690984726,0.6288009285926819,0.7307692170143127
457563,1775274319.1083617,1.6831896305084229,0.12347440421581268,2.2901296615600586,-0.17012356221675873,-0.20340687036514282,0.6173700094223022,0.7406335473060608
457564,1775274319.119473,1.6864447593688965,0.12433091551065445,2.293320894241333,-0.16420681774616241,-0.20845137536525726,0.6063672304153442,0.7496018409729004
457565,1775274319.130584,1.689549207687378,0.1251996010541916,2.296393632888794,-0.15746212005615234,-0.213469997048378,0.5946412086486816,0.7589717507362366
457566,1775274319.141695,1.6928130388259888,0.12573567032814026,2.299492120742798,-0.15144355595111847,-0.21802087128162384,0.583051860332489,0.7678427696228027
457567,1775274319.1528063,1.6960092782974243,0.12648265063762665,2.302457571029663,-0.14452436566352844,-0.22412511706352234,0.5707370042800903,0.7766207456588745
457568,1775274319.1639173,1.6993062496185303,0.12718923389911652,2.3056352138519287,-0.13838830590248108,-0.2288540154695511,0.5587216019630432,0.7850507497787476
457569,1775274319.1750283,1.7027250528335571,0.12784439325332642,2.3087775707244873,-0.1321885585784912,-0.23401807248592377,0.5461801886558533,0.7933781743049622
457570,1775274319.1861396,1.7058515548706055,0.12837645411491394,2.311840295791626,-0.1260194480419159,-0.23850272595882416,0.5336896181106567,0.8015055060386658
457571,1775274319.1972506,1.7092549800872803,0.12886366248130798,2.3150887489318848,-0.11924661695957184,-0.2433692216873169,0.5215912461280823,0.8090082406997681
457572,1775274319.2083619,1.7125860452651978,0.12933096289634705,2.3181533813476562,-0.11354099214076996,-0.2476184070110321,0.5083048939704895,0.8169575929641724
457573,1775274319.219473,1.7158374786376953,0.12985077500343323,2.321331262588501,-0.10666168481111526,-0.2519003450870514,0.49572986364364624,0.8242703080177307
457574,1775274319.230584,1.7194347381591797,0.1302335262298584,2.3242557048797607,-0.10098108649253845,-0.2566480040550232,0.482587605714798,0.831290602684021
457575,1775274319.2416952,1.722853422164917,0.1306474506855011,2.327312469482422,-0.09415332973003387,-0.2609078586101532,0.46880513429641724,0.8386202454566956
457576,1775274319.2528062,1.7262269258499146,0.13082000613212585,2.3303587436676025,-0.08804012089967728,-0.26599642634391785,0.45569467544555664,0.8448888063430786
457577,1775274319.2639172,1.7296921014785767,0.13107220828533173,2.3337340354919434,-0.08234051614999771,-0.2693842947483063,0.4420686364173889,0.8516029119491577
457578,1775274319.2750285,1.733149528503418,0.13117511570453644,2.3366966247558594,-0.07621001452207565,-0.27368849515914917,0.4283197224140167,0.8578046560287476
457579,1775274319.2861395,1.7366931438446045,0.1314406543970108,2.339945077896118,-0.07036994397640228,-0.2772119343280792,0.41380575299263,0.8642722964286804
457580,1775274319.2972507,1.7398899793624878,0.13176019489765167,2.342811107635498,-0.06355573982000351,-0.2821401059627533,0.3982725739479065,0.8704806566238403
457581,1775274319.3083618,1.7435187101364136,0.1319078505039215,2.3460686206817627,-0.05786820128560066,-0.28505492210388184,0.38520878553390503,0.8757905960083008
457582,1775274319.3194728,1.7472940683364868,0.1319103240966797,2.3492021560668945,-0.05165479704737663,-0.2881484925746918,0.37201330065727234,0.8808566331863403
457583,1775274319.330584,1.7506191730499268,0.13216426968574524,2.3523359298706055,-0.04649081826210022,-0.2915405333042145,0.3571528494358063,0.8861629366874695
457584,1775274319.341695,1.7541764974594116,0.1323682814836502,2.3551385402679443,-0.03921125456690788,-0.2955840826034546,0.3427189588546753,0.8908626437187195
457585,1775274319.352806,1.7577370405197144,0.13249577581882477,2.3583219051361084,-0.033965449780225754,-0.29890942573547363,0.32841023802757263,0.8953470587730408
457586,1775274319.3639174,1.7612303495407104,0.13230103254318237,2.3615291118621826,-0.02780585177242756,-0.3013104200363159,0.31399646401405334,0.8999139666557312
457587,1775274319.3750284,1.7646898031234741,0.132205992937088,2.3643856048583984,-0.022399764508008957,-0.3049033284187317,0.2997339367866516,0.903710126876831
457588,1775274319.3861396,1.7679847478866577,0.13220863044261932,2.367375135421753,-0.017247673124074936,-0.30797839164733887,0.28392812609672546,0.9078748226165771
457589,1775274319.3972507,1.7715882062911987,0.13230523467063904,2.370363235473633,-0.010557216592133045,-0.31115931272506714,0.26949968934059143,0.9112839102745056
457590,1775274319.4083617,1.774871587753296,0.1320667862892151,2.3732330799102783,-0.005399072542786598,-0.31364890933036804,0.25489887595176697,0.9146702885627747
457591,1775274319.419473,1.7783511877059937,0.1320553570985794,2.376272201538086,0.0008068750030361116,-0.3163246214389801,0.24080446362495422,0.9175790548324585
457592,1775274319.430584,1.7816730737686157,0.13187037408351898,2.3790838718414307,0.0071986764669418335,-0.3191978633403778,0.22705045342445374,0.920059323310852
457593,1775274319.441695,1.7850096225738525,0.13179939985275269,2.3819072246551514,0.012678397819399834,-0.32125598192214966,0.21244989335536957,0.9227669835090637
457594,1775274319.4528062,1.7883355617523193,0.13151921331882477,2.3848631381988525,0.01801872067153454,-0.3232838809490204,0.19837220013141632,0.9251007437705994
457595,1775274319.4639173,1.791489839553833,0.1313515454530716,2.387582540512085,0.023509575054049492,-0.3258107304573059,0.1840013861656189,0.9270588755607605
457596,1775274319.4750285,1.794647216796875,0.13100731372833252,2.3903450965881348,0.029967153444886208,-0.32825666666030884,0.17069515585899353,0.928554117679596
457597,1775274319.4861395,1.7979719638824463,0.1308344602584839,2.39310359954834,0.03563672676682472,-0.33025410771369934,0.15686491131782532,0.930083692073822
457598,1775274319.4972506,1.800933599472046,0.13060741126537323,2.3958280086517334,0.04072895273566246,-0.33201712369918823,0.14269687235355377,0.9315274953842163
457599,1775274319.5083618,1.803963541984558,0.1303599625825882,2.3984100818634033,0.04551577940583229,-0.33421504497528076,0.12933017313480377,0.9324711561203003
457600,1775274319.5194728,1.8070429563522339,0.12992504239082336,2.401139736175537,0.051610514521598816,-0.33559221029281616,0.11593957990407944,0.9334196448326111
457601,1775274319.5305839,1.8099855184555054,0.12947405874729156,2.403658390045166,0.05743597447872162,-0.33744630217552185,0.10267417877912521,0.933964192867279
457602,1775274319.541695,1.8128204345703125,0.12916120886802673,2.40618896484375,0.0627230554819107,-0.33886346220970154,0.08916204422712326,0.9344985485076904
457603,1775274319.5528061,1.8156903982162476,0.12874506413936615,2.4087448120117188,0.06838726997375488,-0.3405817449092865,0.07476265728473663,0.9347394108772278
457604,1775274319.5639174,1.818504810333252,0.12839315831661224,2.411076068878174,0.07446752488613129,-0.3426738381385803,0.061734315007925034,0.9344614744186401
457605,1775274319.5750284,1.8212507963180542,0.12793631851673126,2.4135653972625732,0.07971563190221786,-0.3437246084213257,0.049635618925094604,0.9343634843826294
457606,1775274319.5861394,1.8240106105804443,0.1274144947528839,2.4160656929016113,0.0842120498418808,-0.34487494826316833,0.03742082417011261,0.9341142177581787
457607,1775274319.5972507,1.8267260789871216,0.1268855184316635,2.418490409851074,0.08873466402292252,-0.34558814764022827,0.024659300222992897,0.9338560104370117
457608,1775274319.6083617,1.829437494277954,0.12641286849975586,2.420851469039917,0.09338324517011642,-0.3470251262187958,0.011968957260251045,0.9331183433532715
457609,1775274319.619473,1.8320232629776,0.12588469684123993,2.423207998275757,0.09801721572875977,-0.3479239344596863,-0.0006512533873319626,0.932384729385376
457610,1775274319.630584,1.8346375226974487,0.1254802793264389,2.42568302154541,0.10186292976140976,-0.3482694625854492,-0.0123782092705369,0.9317613840103149
457611,1775274319.641695,1.8372875452041626,0.1249169260263443,2.4278624057769775,0.10637225210666656,-0.34951817989349365,-0.023098072037100792,0.9305850863456726
457612,1775274319.6528063,1.8398178815841675,0.12438666075468063,2.430061101913452,0.11170975863933563,-0.3506041467189789,-0.034863684326410294,0.9291836023330688
457613,1775274319.6639173,1.8422234058380127,0.12391762435436249,2.432288408279419,0.11573648452758789,-0.3509577214717865,-0.04596666991710663,0.9280737638473511
457614,1775274319.6750283,1.8447518348693848,0.12328912317752838,2.434701919555664,0.11941272765398026,-0.3511211574077606,-0.056671276688575745,0.9269536137580872
457615,1775274319.6861396,1.8470170497894287,0.12293804436922073,2.436549186706543,0.12411854416131973,-0.35218679904937744,-0.06945202499628067,0.9250597953796387
457616,1775274319.6972506,1.8494408130645752,0.12229323387145996,2.438767671585083,0.12810118496418,-0.352981835603714,-0.07843787223100662,0.9234941601753235
457617,1775274319.7083619,1.8516802787780762,0.12171620875597,2.4407715797424316,0.1325932890176773,-0.3535056412220001,-0.09027678519487381,0.9215763211250305
457618,1775274319.719473,1.8537901639938354,0.12120126187801361,2.442694664001465,0.13682734966278076,-0.35398435592651367,-0.10165625065565109,0.9195864796638489
457619,1775274319.730584,1.8561381101608276,0.12046702951192856,2.4448304176330566,0.1408703774213791,-0.35372406244277954,-0.1111161932349205,0.917980432510376
457620,1775274319.7416952,1.8583126068115234,0.119886115193367,2.446526288986206,0.1455785036087036,-0.35448041558265686,-0.12289406359195709,0.9154494404792786
457621,1775274319.7528062,1.8602906465530396,0.1194310262799263,2.448575258255005,0.14920002222061157,-0.35466769337654114,-0.13336092233657837,0.9133263826370239
457622,1775274319.7639172,1.8624097108840942,0.11871703714132309,2.450385808944702,0.15314842760562897,-0.35485392808914185,-0.14250366389751434,0.9112173318862915
457623,1775274319.7750285,1.864510178565979,0.11819800734519958,2.452080249786377,0.15711289644241333,-0.35541877150535583,-0.15293142199516296,0.9086281061172485
457624,1775274319.7861395,1.8663491010665894,0.11760550737380981,2.453986167907715,0.160720556974411,-0.35500597953796387,-0.16310659050941467,0.9063861966133118
457625,1775274319.7972507,1.8684394359588623,0.11719614267349243,2.4557342529296875,0.16439421474933624,-0.35515233874320984,-0.1719423234462738,0.904033899307251
457626,1775274319.8083618,1.870401382446289,0.11672250181436539,2.4573850631713867,0.16815835237503052,-0.35585418343544006,-0.18031775951385498,0.9014300107955933
457627,1775274319.8194728,1.8722052574157715,0.11616075038909912,2.459258556365967,0.17095403373241425,-0.35552772879600525,-0.18866921961307526,0.8993213176727295
457628,1775274319.830584,1.874091386795044,0.1156257763504982,2.4606966972351074,0.17455966770648956,-0.3552550673484802,-0.1974235624074936,0.8968538641929626
457629,1775274319.841695,1.875800609588623,0.11518695950508118,2.4623515605926514,0.1776639223098755,-0.35535529255867004,-0.20713014900684357,0.8940108418464661
457630,1775274319.852806,1.8774875402450562,0.11466210335493088,2.4638402462005615,0.18045373260974884,-0.3555566668510437,-0.2159927636384964,0.8912704586982727
457631,1775274319.8639174,1.8791660070419312,0.11422480642795563,2.4653589725494385,0.18314975500106812,-0.35483893752098083,-0.22450795769691467,0.8888991475105286
457632,1775274319.8750284,1.8808339834213257,0.11370044201612473,2.466857433319092,0.1856740117073059,-0.35507136583328247,-0.23241257667541504,0.8862470984458923
457633,1775274319.8861396,1.8823347091674805,0.11330582946538925,2.4681217670440674,0.18872584402561188,-0.35499370098114014,-0.24064604938030243,0.8834317326545715
457634,1775274319.8972507,1.8839070796966553,0.11281718313694,2.4693892002105713,0.19134341180324554,-0.3551696240901947,-0.24912095069885254,0.8804436326026917
457635,1775274319.9083617,1.8854588270187378,0.11223084479570389,2.470653533935547,0.19358934462070465,-0.3547201454639435,-0.25604474544525146,0.8781446218490601
457636,1775274319.919473,1.8869867324829102,0.1118917167186737,2.471872568130493,0.19596749544143677,-0.35444337129592896,-0.26324212551116943,0.8755970597267151
457637,1775274319.930584,1.8884685039520264,0.11140478402376175,2.473149061203003,0.19799263775348663,-0.3547877073287964,-0.27036619186401367,0.872826874256134
457638,1775274319.941695,1.8899472951889038,0.11105366051197052,2.474311590194702,0.1998620331287384,-0.3546343743801117,-0.2777382731437683,0.8701443672180176
457639,1775274319.9528062,1.8912932872772217,0.11046091467142105,2.475527286529541,0.2019144594669342,-0.353857159614563,-0.28348663449287415,0.8681308031082153
457640,1775274319.9639173,1.8926423788070679,0.11001471430063248,2.4765143394470215,0.20413897931575775,-0.35383063554763794,-0.2899855673313141,0.8654707670211792
457641,1775274319.9750285,1.8939441442489624,0.10960139334201813,2.477539300918579,0.20608851313591003,-0.3532928228378296,-0.2969837486743927,0.8628513216972351
457642,1775274319.9861395,1.895247220993042,0.10914401710033417,2.478525161743164,0.20792777836322784,-0.3531642258167267,-0.30391794443130493,0.8600435853004456
457643,1775274319.9972506,1.8965914249420166,0.10878753662109375,2.4795897006988525,0.20840880274772644,-0.3527027666568756,-0.30973219871520996,0.8580399751663208
457644,1775274320.0083618,1.8979052305221558,0.10834299772977829,2.4806275367736816,0.20993047952651978,-0.35250574350357056,-0.31630226969718933,0.8553488850593567
457645,1775274320.0194728,1.899105191230774,0.10783511400222778,2.4814140796661377,0.21165667474269867,-0.3523128628730774,-0.3225646913051605,0.8526601195335388
457646,1775274320.0305839,1.9003390073776245,0.1075097993016243,2.482273817062378,0.21291445195674896,-0.35197630524635315,-0.3290211856365204,0.8500147461891174
457647,1775274320.041695,1.9016739130020142,0.10711483657360077,2.483118772506714,0.21372319757938385,-0.35215523838996887,-0.3350829482078552,0.84736567735672
457648,1775274320.0528061,1.9028880596160889,0.10678921639919281,2.483914852142334,0.21453960239887238,-0.35214000940322876,-0.34092018008232117,0.8448335528373718
457649,1775274320.0639174,1.9041534662246704,0.10633323341608047,2.484689474105835,0.2160300761461258,-0.3526165783405304,-0.3465583026409149,0.8419559597969055
457650,1775274320.0750284,1.9054747819900513,0.10590548068284988,2.485530138015747,0.2171892523765564,-0.3517519533634186,-0.3514188826084137,0.8400024771690369
457651,1775274320.0861394,1.906599760055542,0.10551796853542328,2.4863271713256836,0.21766170859336853,-0.3517429232597351,-0.35728636384010315,0.8374048471450806
457652,1775274320.0972507,1.9077035188674927,0.10514998435974121,2.486987829208374,0.21854268014431,-0.35140982270240784,-0.3629305362701416,0.8348842859268188
457653,1775274320.1083617,1.908896803855896,0.1047750860452652,2.4876084327697754,0.21938872337341309,-0.35134661197662354,-0.367975652217865,0.8324770927429199
457654,1775274320.119473,1.9100579023361206,0.10443857312202454,2.4882891178131104,0.22017627954483032,-0.35114482045173645,-0.3730236291885376,0.8301042914390564
457655,1775274320.130584,1.9111380577087402,0.10411295294761658,2.4890193939208984,0.22032490372657776,-0.3511459529399872,-0.3776474893093109,0.8279709219932556
457656,1775274320.141695,1.9121962785720825,0.10394392162561417,2.489590644836426,0.22140951454639435,-0.3512936234474182,-0.38319480419158936,0.8250651359558105
457657,1775274320.1528063,1.9130642414093018,0.10357315838336945,2.4902074337005615,0.22270998358726501,-0.35076239705085754,-0.3879547119140625,0.8227134346961975
457658,1775274320.1639173,1.913922667503357,0.10336755216121674,2.49084734916687,0.2226603627204895,-0.3508383333683014,-0.39233341813087463,0.8206152319908142
457659,1775274320.1750283,1.9147995710372925,0.10316324979066849,2.4914863109588623,0.22341735661029816,-0.35031962394714355,-0.39623135328292847,0.8187560439109802
457660,1775274320.1861396,1.9155725240707397,0.10286181420087814,2.4919862747192383,0.22411872446537018,-0.3502740263938904,-0.3997971713542938,0.8168482184410095
457661,1775274320.1972506,1.9163999557495117,0.10251644998788834,2.4923794269561768,0.22593916952610016,-0.35001155734062195,-0.4034155011177063,0.8146774768829346
457662,1775274320.2083619,1.9172428846359253,0.1024303138256073,2.4929184913635254,0.2266349494457245,-0.34914419054985046,-0.40665915608406067,0.8132424354553223
457663,1775274320.219473,1.917827844619751,0.10220219939947128,2.493483066558838,0.2272164225578308,-0.34894126653671265,-0.4106574058532715,0.8111554384231567
457664,1775274320.230584,1.9184573888778687,0.10192106664180756,2.4938807487487793,0.22843524813652039,-0.34821149706840515,-0.4141615927219391,0.8093430995941162
457665,1775274320.2416952,1.9190171957015991,0.10175639390945435,2.4943511486053467,0.22879305481910706,-0.34802529215812683,-0.41660401225090027,0.8080676198005676
457666,1775274320.2528062,1.91963529586792,0.10145658254623413,2.49489426612854,0.2295062243938446,-0.3478891849517822,-0.4188744127750397,0.8067492246627808
457667,1775274320.2639172,1.9201971292495728,0.10120588541030884,2.495335578918457,0.2299964278936386,-0.34705111384391785,-0.42229294776916504,0.8051868081092834
457668,1775274320.2750285,1.9206076860427856,0.10104303061962128,2.4955811500549316,0.23071110248565674,-0.3464410901069641,-0.42590948939323425,0.8033381104469299
457669,1775274320.2861395,1.9210312366485596,0.10084874927997589,2.4960105419158936,0.2313288450241089,-0.3462301790714264,-0.4281150996685028,0.8020780086517334
457670,1775274320.2972507,1.921608567237854,0.10071831196546555,2.4965574741363525,0.23198460042476654,-0.34609195590019226,-0.4290262758731842,0.8014611601829529
457671,1775274320.3083618,1.9221620559692383,0.10065706074237823,2.497096300125122,0.23282110691070557,-0.3455040454864502,-0.4304253160953522,0.8007217645645142
457672,1775274320.3194728,1.9225168228149414,0.10050492733716965,2.49751615524292,0.23304049670696259,-0.34509119391441345,-0.4327160716056824,0.7996006011962891
457673,1775274320.330584,1.922959804534912,0.10039674490690231,2.4979090690612793,0.23327325284481049,-0.3450353145599365,-0.4345225989818573,0.7985764741897583
457674,1775274320.341695,1.9233089685440063,0.10024666041135788,2.4983036518096924,0.23368941247463226,-0.3449718654155731,-0.4361341893672943,0.7976030707359314
457675,1775274320.352806,1.9237288236618042,0.09997709840536118,2.4986279010772705,0.2340007722377777,-0.34437212347984314,-0.438027948141098,0.7967327833175659
457676,1775274320.3639174,1.924099087715149,0.09984844923019409,2.498919725418091,0.23501813411712646,-0.3443149924278259,-0.439717561006546,0.7955263257026672
457677,1775274320.3750284,1.9244065284729004,0.0996679961681366,2.49934458732605,0.2352863997220993,-0.3444961905479431,-0.4416409730911255,0.794302225112915
457678,1775274320.3861396,1.9246710538864136,0.099498450756073,2.4995570182800293,0.23654285073280334,-0.34412550926208496,-0.44391509890556335,0.7928206324577332
457679,1775274320.3972507,1.924992561340332,0.09940117597579956,2.499842643737793,0.23752310872077942,-0.34401735663414,-0.445415735244751,0.791732132434845
457680,1775274320.4083617,1.925308346748352,0.09926138073205948,2.5001416206359863,0.2385670393705368,-0.34345680475234985,-0.44653022289276123,0.7910335659980774
457681,1775274320.419473,1.9256161451339722,0.09918324649333954,2.5004138946533203,0.238848477602005,-0.3429584801197052,-0.4481600821018219,0.7902427911758423
457682,1775274320.430584,1.9259507656097412,0.0990675613284111,2.500683546066284,0.23946520686149597,-0.3426740765571594,-0.4493456482887268,0.7895058393478394
457683,1775274320.441695,1.926210641860962,0.09894674271345139,2.5010058879852295,0.24026420712471008,-0.3425160348415375,-0.450800359249115,0.7885017395019531
457684,1775274320.4528062,1.9264510869979858,0.09883532673120499,2.501180648803711,0.2413940280675888,-0.34223371744155884,-0.4523058831691742,0.7874162793159485
457685,1775274320.4639173,1.9266445636749268,0.09875325113534927,2.5013351440429688,0.2422999143600464,-0.34181666374206543,-0.4538739025592804,0.7864163517951965
457686,1775274320.4750285,1.9269719123840332,0.09857528656721115,2.5014915466308594,0.24294684827327728,-0.3413729965686798,-0.45632970333099365,0.7849870324134827
457687,1775274320.4861395,1.9271745681762695,0.09842629730701447,2.501725673675537,0.2439011186361313,-0.3411818742752075,-0.45759376883506775,0.7840378284454346
457688,1775274320.4972506,1.92747962474823,0.09830302000045776,2.502075672149658,0.24408049881458282,-0.3408603072166443,-0.4589875340461731,0.7833067774772644
457689,1775274320.5083618,1.927733302116394,0.0981326773762703,2.502408981323242,0.24460457265377045,-0.34020859003067017,-0.4605375826358795,0.7825163006782532
457690,1775274320.5194728,1.927917242050171,0.09801030904054642,2.5026941299438477,0.2451905459165573,-0.33988645672798157,-0.46172189712524414,0.781774640083313
457691,1775274320.5305839,1.9280939102172852,0.09791386872529984,2.502958297729492,0.24584485590457916,-0.33966338634490967,-0.46309053897857666,0.780856192111969
457692,1775274320.541695,1.928336262702942,0.097777359187603,2.5032856464385986,0.24659079313278198,-0.3393362760543823,-0.46413111686706543,0.7801450490951538
457693,1775274320.5528061,1.9285045862197876,0.09774638712406158,2.503544330596924,0.24697557091712952,-0.33880460262298584,-0.46514272689819336,0.7796517014503479
457694,1775274320.5639174,1.928758978843689,0.09766265004873276,2.503880023956299,0.2471073716878891,-0.3383634090423584,-0.466264009475708,0.7791315913200378
457695,1775274320.5750284,1.9289668798446655,0.09757578372955322,2.5042014122009277,0.247567817568779,-0.33801448345184326,-0.46726566553115845,0.7785366177558899
457696,1775274320.5861394,1.9290963411331177,0.09745794534683228,2.504533529281616,0.2479090392589569,-0.337849497795105,-0.46826204657554626,0.7779006958007812
457697,1775274320.5972507,1.9293150901794434,0.09734684228897095,2.50480318069458,0.24878883361816406,-0.3376021385192871,-0.4691041111946106,0.7772194743156433
457698,1775274320.6083617,1.929465651512146,0.09733129292726517,2.5050950050354004,0.24953623116016388,-0.3371969163417816,-0.47029396891593933,0.7764365673065186
457699,1775274320.619473,1.9295645952224731,0.09727297723293304,2.5053858757019043,0.25037825107574463,-0.33682548999786377,-0.4709588587284088,0.7759234309196472
457700,1775274320.630584,1.9296983480453491,0.09694313257932663,2.5056686401367188,0.25128698348999023,-0.3362104892730713,-0.4721302390098572,0.7751840949058533
457701,1775274320.641695,1.9298481941223145,0.09681903570890427,2.505985975265503,0.2522033154964447,-0.33584022521972656,-0.4729888141155243,0.7745234370231628
457702,1775274320.6528063,1.930005669593811,0.09671889990568161,2.50630259513855,0.2530873119831085,-0.3353390097618103,-0.47388678789138794,0.7739030718803406
457703,1775274320.6639173,1.9301787614822388,0.09666445851325989,2.506502151489258,0.2542080879211426,-0.3346695601940155,-0.47480231523513794,0.7732640504837036
457704,1775274320.6750283,1.9303679466247559,0.09655594080686569,2.506725549697876,0.2548428475856781,-0.33394697308540344,-0.4758194088935852,0.7727421522140503
457705,1775274320.6861396,1.9304792881011963,0.09641203284263611,2.5069568157196045,0.2557741403579712,-0.3333442807197571,-0.47663718461990356,0.7721905708312988
457706,1775274320.6972506,1.9305859804153442,0.09632349759340286,2.5072131156921387,0.25654059648513794,-0.3329918086528778,-0.4779048562049866,0.7713043093681335
457707,1775274320.7083619,1.9331828355789185,0.09667658805847168,2.505671262741089,0.25497448444366455,-0.3262374997138977,-0.48069170117378235,0.7729763984680176
457708,1775274320.719473,1.9762598276138306,0.09942915290594101,2.475419282913208,0.2494986206293106,-0.23111459612846375,-0.47520315647125244,0.8114914894104004
457709,1775274320.730584,2.0193939208984375,0.10229949653148651,2.441587448120117,0.23593387007713318,-0.1433207392692566,-0.4751198887825012,0.835497260093689
457710,1775274320.7416952,2.063234329223633,0.10416553914546967,2.4061601161956787,0.22522921860218048,-0.04815240204334259,-0.4656764268875122,0.854458212852478
457711,1775274320.7528062,2.1049654483795166,0.10576792061328888,2.370400905609131,0.21124736964702606,0.04752088338136673,-0.45551103353500366,0.8634964823722839
457712,1775274320.7639172,2.1464126110076904,0.10651279240846634,2.3344321250915527,0.19437406957149506,0.14284439384937286,-0.4389467239379883,0.8655287027359009
457713,1775274320.7750285,2.1869935989379883,0.10664933174848557,2.299281358718872,0.17732982337474823,0.23558984696865082,-0.41338345408439636,0.8614903688430786
457714,1775274320.7861395,2.225327968597412,0.10571271181106567,2.2648606300354004,0.15400774776935577,0.3239961564540863,-0.3934081792831421,0.8464858531951904
457715,1775274320.7972507,2.2576487064361572,0.10684488713741302,2.2347114086151123,0.12023093551397324,0.392046719789505,-0.4118749797344208,0.8137584328651428
457716,1775274320.8083618,2.2866270542144775,0.10778864473104477,2.206061363220215,0.08123084157705307,0.4510035216808319,-0.4463810920715332,0.7685971260070801
457717,1775274320.8194728,2.313922166824341,0.10746787488460541,2.1789755821228027,0.04224749282002449,0.5044585466384888,-0.4797488749027252,0.7166434526443481
457718,1775274320.830584,2.3405344486236572,0.10605275630950928,2.15244460105896,0.0016710051568225026,0.5559810996055603,-0.507806122303009,0.6580389142036438
457719,1775274320.841695,2.3674373626708984,0.10321500897407532,2.127930164337158,-0.04267028719186783,0.5975248217582703,-0.5330286026000977,0.5975146889686584
457720,1775274320.852806,2.393414258956909,0.09985636919736862,2.1035866737365723,-0.08270098268985748,0.6380295753479004,-0.5522531270980835,0.530184268951416
457721,1775274320.8639174,2.418461561203003,0.09587156772613525,2.0806140899658203,-0.11995697766542435,0.6733843088150024,-0.568772554397583,0.4567951261997223
457722,1775274320.8750284,2.441810131072998,0.09338034689426422,2.0592575073242188,-0.15006530284881592,0.7026933431625366,-0.5883357524871826,0.37089574337005615
457723,1775274320.8861396,2.461709976196289,0.09360736608505249,2.042144536972046,-0.16918063163757324,0.7157105803489685,-0.6236805319786072,0.26487526297569275
457724,1775274320.8972507,2.481703281402588,0.09419120103120804,2.026695966720581,-0.1871127188205719,0.7178723216056824,-0.6525337100028992,0.1544281542301178
457725,1775274320.9083617,2.5023181438446045,0.09467167407274246,2.0126237869262695,-0.2010524719953537,0.7108854651451111,-0.6728137135505676,0.0392635241150856
457726,1775274320.919473,2.524447202682495,0.09512337297201157,1.9995620250701904,-0.21588970720767975,0.6928167939186096,-0.684063732624054,-0.0738472193479538
457727,1775274320.930584,2.547222852706909,0.09568428993225098,1.9863755702972412,-0.2227257341146469,0.6678849458694458,-0.685162365436554,-0.18675000965595245
457728,1775274320.941695,2.571110963821411,0.09729277342557907,1.9746992588043213,-0.22621960937976837,0.630096971988678,-0.6788732409477234,-0.3015522062778473
457729,1775274320.9528062,2.594775438308716,0.10342803597450256,1.963858962059021,-0.21102102100849152,0.578495979309082,-0.663985550403595,-0.4241885542869568
457730,1775274320.9639173,2.620048761367798,0.10934754461050034,1.9521211385726929,-0.1917019635438919,0.5162242650985718,-0.6366944313049316,-0.5397992134094238
457731,1775274320.9750285,2.6475019454956055,0.11431082338094711,1.9393941164016724,-0.16913868486881256,0.44269171357154846,-0.5979006886482239,-0.6464758515357971
457732,1775274320.9861395,2.675795793533325,0.11901158839464188,1.925503134727478,-0.13864439725875854,0.3599969744682312,-0.5455455780029297,-0.744016170501709
457733,1775274320.9972506,2.7051491737365723,0.12418372184038162,1.9099963903427124,-0.0980089083313942,0.26852840185165405,-0.48027336597442627,-0.8292310833930969
457734,1775274321.0083618,2.734837293624878,0.12951357662677765,1.8927271366119385,-0.050272293388843536,0.16823317110538483,-0.4025534987449646,-0.8983991146087646
457735,1775274321.0194728,2.7640511989593506,0.13215644657611847,1.873799204826355,-0.0009422252769581974,0.06409621983766556,-0.31281527876853943,-0.9476484656333923
457736,1775274321.0305839,2.793001174926758,0.1313176155090332,1.8532413244247437,0.049548253417015076,-0.040723782032728195,-0.2201797217130661,-0.9733486175537109
457737,1775274321.041695,2.8201465606689453,0.13084548711776733,1.8323918581008911,0.09885015338659286,-0.14670076966285706,-0.12360048294067383,-0.9764377474784851
457738,1775274321.0528061,2.845877170562744,0.12837639451026917,1.810623049736023,0.14209389686584473,-0.24548746645450592,-0.02703651413321495,-0.9585480093955994
457739,1775274321.0639174,2.8688559532165527,0.12358574569225311,1.7897570133209229,0.18507540225982666,-0.34107792377471924,0.07508360594511032,-0.9185725450515747
457740,1775274321.0750284,2.8895301818847656,0.1165551096200943,1.7693264484405518,0.22051765024662018,-0.4285717308521271,0.17151080071926117,-0.859233558177948
457741,1775274321.0861394,2.908353328704834,0.11009779572486877,1.7501457929611206,0.2516584098339081,-0.5054523944854736,0.2615833878517151,-0.7827900052070618
457742,1775274321.0972507,2.925947904586792,0.10440687835216522,1.7324610948562622,0.27525508403778076,-0.57070392370224,0.34349673986434937,-0.6932111382484436
457743,1775274321.1083617,2.9410994052886963,0.09781837463378906,1.71668541431427,0.2942896783351898,-0.6259394288063049,0.4209360182285309,-0.5868614315986633
457744,1775274321.119473,2.9554855823516846,0.09235191345214844,1.7030774354934692,0.30914726853370667,-0.6669341325759888,0.4897264540195465,-0.46882280707359314
457745,1775274321.130584,2.969318151473999,0.09005977213382721,1.6910568475723267,0.3148435056209564,-0.6942960619926453,0.5492061972618103,-0.3423435091972351
457746,1775274321.141695,2.98317551612854,0.08936519920825958,1.6808347702026367,0.3148120939731598,-0.7079691290855408,0.5968593955039978,-0.20840321481227875
457747,1775274321.1528063,2.997913122177124,0.09001943469047546,1.6711369752883911,0.30550387501716614,-0.7083539962768555,0.6321870684623718,-0.07239910960197449
457748,1775274321.1639173,3.0142600536346436,0.0910971611738205,1.6623294353485107,0.29244646430015564,-0.6924433708190918,0.6563094258308411,0.06523164361715317
457749,1775274321.1750283,3.0320515632629395,0.09475802630186081,1.6544126272201538,0.2731595039367676,-0.6649057865142822,0.6646019220352173,0.20393280684947968
457750,1775274321.1861396,3.0516417026519775,0.1000322550535202,1.6459782123565674,0.2474319338798523,-0.6211870908737183,0.6616804599761963,0.33923885226249695
457751,1775274321.1972506,3.073267698287964,0.10567405074834824,1.6363980770111084,0.2160039246082306,-0.5671948194503784,0.6425415873527527,0.4677313566207886
457752,1775274321.2083619,3.0969128608703613,0.11206340044736862,1.625374436378479,0.17834946513175964,-0.5003386735916138,0.6119090914726257,0.5860204696655273
457753,1775274321.219473,3.1227097511291504,0.11873655021190643,1.6126078367233276,0.137349933385849,-0.4245758056640625,0.5666914582252502,0.6926262974739075
457754,1775274321.230584,3.1497535705566406,0.12353264540433884,1.5985326766967773,0.09361600875854492,-0.33861902356147766,0.5099244117736816,0.7852072715759277
457755,1775274321.2416952,3.178506374359131,0.12755215167999268,1.5835022926330566,0.04122556746006012,-0.24042771756649017,0.44918036460876465,0.8594952821731567
457756,1775274321.2528062,3.2070698738098145,0.13235579431056976,1.5654425621032715,-0.007750507909804583,-0.14218227565288544,0.37323057651519775,0.9167459607124329
457757,1775274321.2639172,3.2352004051208496,0.13413730263710022,1.546450138092041,-0.05886077135801315,-0.039155006408691406,0.28949907422065735,0.954564094543457
457758,1775274321.2750285,3.261998176574707,0.13277143239974976,1.5267419815063477,-0.10885405540466309,0.06703907996416092,0.1975477933883667,0.9719216227531433
457759,1775274321.2861395,3.2882840633392334,0.1301129311323166,1.5054558515548706,-0.1527382880449295,0.16672974824905396,0.10768716037273407,0.9681300520896912
457760,1775274321.2972507,3.312717914581299,0.1280316263437271,1.4847612380981445,-0.19648589193820953,0.2623137831687927,0.019926300272345543,0.9445568919181824
457761,1775274321.3083618,3.3348076343536377,0.12371949106454849,1.4653669595718384,-0.2355729639530182,0.3527970612049103,-0.07104107737541199,0.9027695059776306
457762,1775274321.3194728,3.3546414375305176,0.11697767674922943,1.4457563161849976,-0.27016615867614746,0.43802163004875183,-0.16225557029247284,0.8419148325920105
457763,1775274321.330584,3.372689962387085,0.110446035861969,1.4272606372833252,-0.29499226808547974,0.5147008299827576,-0.2474430650472641,0.7660513520240784
457764,1775274321.341695,3.3892295360565186,0.10541415214538574,1.4106084108352661,-0.31484630703926086,0.5794525742530823,-0.3260135352611542,0.6773638129234314
457765,1775274321.352806,3.404754400253296,0.10064353048801422,1.3954694271087646,-0.3302313983440399,0.6325172185897827,-0.39922380447387695,0.5757513046264648
457766,1775274321.3639174,3.418910026550293,0.09592893719673157,1.3826018571853638,-0.3372080624103546,0.6752288937568665,-0.4647563099861145,0.4629885256290436
457767,1775274321.3750284,3.4334945678710938,0.09212731570005417,1.3707395792007446,-0.34060540795326233,0.7033897042274475,-0.5214619040489197,0.3425031006336212
457768,1775274321.3861396,3.447223663330078,0.09218352288007736,1.3607606887817383,-0.33482852578163147,0.7184399962425232,-0.570875883102417,0.21409019827842712
457769,1775274321.3972507,3.4619648456573486,0.0931311845779419,1.3518619537353516,-0.3213804066181183,0.7208428978919983,-0.6084073185920715,0.08331082761287689
457770,1775274321.4083617,3.4779765605926514,0.0947800949215889,1.3436498641967773,-0.30335643887519836,0.7084332704544067,-0.6353883147239685,-0.048774830996990204
457771,1775274321.419473,3.496112823486328,0.09791754931211472,1.3336701393127441,-0.28121131658554077,0.6866171360015869,-0.646665632724762,-0.1769203245639801
457772,1775274321.430584,3.5149567127227783,0.10308196395635605,1.3247325420379639,-0.25243765115737915,0.6516456604003906,-0.6461095809936523,-0.306880384683609
457773,1775274321.441695,3.535454273223877,0.10840378701686859,1.3158648014068604,-0.2169845700263977,0.6015459299087524,-0.63636714220047,-0.431389719247818
457774,1775274321.4528062,3.558586597442627,0.11413244903087616,1.3045129776000977,-0.17632031440734863,0.5417631268501282,-0.6143879294395447,-0.5458309650421143
457775,1775274321.4639173,3.582839250564575,0.12092699110507965,1.2927560806274414,-0.13153785467147827,0.47206854820251465,-0.578140139579773,-0.6523826718330383
457776,1775274321.4750285,3.6084094047546387,0.12603534758090973,1.2799376249313354,-0.08380558341741562,0.39047521352767944,-0.5331520438194275,-0.7458248138427734
457777,1775274321.4861395,3.6361188888549805,0.12879112362861633,1.2647732496261597,-0.0321119986474514,0.3005198538303375,-0.4786624312400818,-0.8243415951728821
457778,1775274321.4972506,3.6635560989379883,0.13197506964206696,1.248429536819458,0.02399076707661152,0.20418769121170044,-0.41355085372924805,-0.8869654536247253
457779,1775274321.5083618,3.690852403640747,0.13490699231624603,1.230472207069397,0.07695931196212769,0.10474163293838501,-0.3354901373386383,-0.9330343008041382
457780,1775274321.5194728,3.7174880504608154,0.13500159978866577,1.2100199460983276,0.12753170728683472,0.005073984619230032,-0.25716298818588257,-0.9579025506973267
457781,1775274321.5305839,3.742732048034668,0.13469235599040985,1.1899861097335815,0.1713927835226059,-0.09642412513494492,-0.1715318113565445,-0.9653516411781311
457782,1775274321.541695,3.7679286003112793,0.1326671540737152,1.1702160835266113,0.2205030471086502,-0.19077883660793304,-0.09240143746137619,-0.9520735144615173
457783,1775274321.5528061,3.7900984287261963,0.12940102815628052,1.1503757238388062,0.2615700960159302,-0.28567376732826233,-0.00725100701674819,-0.9219105839729309
457784,1775274321.5639174,3.810886859893799,0.12395022064447403,1.1317611932754517,0.3012247085571289,-0.3729308247566223,0.07721766829490662,-0.8741989135742188
457785,1775274321.5750284,3.829758644104004,0.11725474148988724,1.1137968301773071,0.329131543636322,-0.454359769821167,0.15900100767612457,-0.8123720288276672
457786,1775274321.5861394,3.8468210697174072,0.11068037152290344,1.096879005432129,0.3506666123867035,-0.5274063944816589,0.2386186122894287,-0.7361634373664856
457787,1775274321.5972507,3.8625524044036865,0.10625195503234863,1.0808534622192383,0.3642667829990387,-0.591564416885376,0.3117923140525818,-0.6481873989105225
457788,1775274321.6083617,3.877971887588501,0.1026405468583107,1.0665497779846191,0.3738139271736145,-0.6427914500236511,0.37712758779525757,-0.5521387457847595
457789,1775274321.619473,3.8917863368988037,0.09804827719926834,1.054115653038025,0.3770243525505066,-0.6845126152038574,0.44119757413864136,-0.4411802291870117
457790,1775274321.630584,3.905813217163086,0.0940389484167099,1.0433331727981567,0.372760534286499,-0.7138095498085022,0.4942931532859802,-0.3274138569831848
457791,1775274321.641695,3.9197800159454346,0.09232520312070847,1.0340465307235718,0.36019065976142883,-0.7294976711273193,0.5445942878723145,-0.20374757051467896
457792,1775274321.6528063,3.934663772583008,0.09429500997066498,1.0247050523757935,0.34140509366989136,-0.7346318364143372,0.5807808637619019,-0.0803256556391716
457793,1775274321.6639173,3.950571298599243,0.09739147126674652,1.0144973993301392,0.31741294264793396,-0.7288139462471008,0.6051052212715149,0.04389747232198715
457794,1775274321.6750283,3.9682605266571045,0.10011757910251617,1.0049859285354614,0.2911866307258606,-0.709250271320343,0.6197330355644226,0.16764698922634125
457795,1775274321.6861396,3.987464666366577,0.10327897220849991,0.9964870810508728,0.25883808732032776,-0.6745733618736267,0.6276021599769592,0.2899470925331116
457796,1775274321.6972506,4.007541656494141,0.1088806688785553,0.9867492914199829,0.21716850996017456,-0.629382848739624,0.6249395608901978,0.4076341390609741
457797,1775274321.7083619,4.029277801513672,0.1151546835899353,0.9757523536682129,0.1724730283021927,-0.5761548280715942,0.608331561088562,0.5179106593132019
457798,1775274321.719473,4.052565097808838,0.1202520951628685,0.963823676109314,0.12405599653720856,-0.5111424326896667,0.5820959806442261,0.6200870275497437
457799,1775274321.730584,4.077094078063965,0.12498170882463455,0.9507081508636475,0.06906909495592117,-0.4363720417022705,0.5456167459487915,0.7121175527572632
457800,1775274321.7416952,4.10319185256958,0.1294831484556198,0.936937689781189,0.011963197961449623,-0.3529006242752075,0.502300500869751,0.7893113493919373
457801,1775274321.7528062,4.129707336425781,0.134564608335495,0.9202803373336792,-0.04076547548174858,-0.26738375425338745,0.44578370451927185,0.853300154209137
457802,1775274321.7639172,4.15647554397583,0.1373676359653473,0.9027589559555054,-0.09476364403963089,-0.17121244966983795,0.38280028104782104,0.9028677344322205
457803,1775274321.7750285,4.182340621948242,0.13746142387390137,0.8834384679794312,-0.1418209820985794,-0.07546054571866989,0.31298568844795227,0.9360729455947876
457804,1775274321.7861395,4.198222637176514,0.13466466963291168,0.8697282075881958,-0.1789454221725464,0.005547410808503628,0.2679390013217926,0.9466554522514343
457805,1775274321.7972507,4.196270942687988,0.1346544623374939,0.8663873076438904,-0.18433944880962372,0.031770024448633194,0.2899319529533386,0.9385889172554016
457806,1775274321.8083618,4.191984176635742,0.13605177402496338,0.8636317253112793,-0.19192038476467133,0.05909803509712219,0.297877699136734,0.9332432150840759
457807,1775274321.8194728,4.188103199005127,0.13516980409622192,0.8611292243003845,-0.19605931639671326,0.0852905660867691,0.3016519248485565,0.9291353225708008
457808,1775274321.830584,4.184670925140381,0.13380743563175201,0.8597643971443176,-0.19510915875434875,0.10104034841060638,0.313549280166626,0.9238019585609436
457809,1775274321.841695,4.181674957275391,0.1347498744726181,0.8613678216934204,-0.18973274528980255,0.10187771171331406,0.3263976573944092,0.9203733801841736
457810,1775274321.852806,4.178438186645508,0.1344587653875351,0.8647674322128296,-0.18021588027477264,0.0960414856672287,0.3367394208908081,0.9191871285438538
457811,1775274321.8639174,4.175984859466553,0.1338815540075302,0.8688250184059143,-0.1688600331544876,0.08345404267311096,0.3460356295108795,0.9191198348999023
457812,1775274321.8750284,4.174548625946045,0.13432210683822632,0.8741010427474976,-0.1524868905544281,0.06884713470935822,0.35213911533355713,0.9208723306655884
457813,1775274321.8861396,4.173073768615723,0.13434532284736633,0.8794668912887573,-0.13651388883590698,0.05504212900996208,0.3558920621871948,0.9228625893592834
457814,1775274321.8972507,4.17166805267334,0.13423843681812286,0.8842781782150269,-0.12042480707168579,0.04414684697985649,0.36063820123672485,0.9238447546958923
457815,1775274321.9083617,4.170672416687012,0.13459083437919617,0.8898520469665527,-0.10679871588945389,0.03488155081868172,0.3664838671684265,0.9236162900924683
457816,1775274321.919473,4.169902801513672,0.13488303124904633,0.8938627243041992,-0.09118279814720154,0.030735677108168602,0.36956411600112915,0.9242095947265625
457817,1775274321.930584,4.169061183929443,0.13504062592983246,0.8975773453712463,-0.07700344920158386,0.02862166054546833,0.3712649941444397,0.9248857498168945
457818,1775274321.941695,4.168583393096924,0.1353784203529358,0.9013341069221497,-0.06333734095096588,0.027003103867173195,0.37419819831848145,0.9247891306877136
457819,1775274321.9528062,4.168337821960449,0.13554126024246216,0.9044030904769897,-0.05109735205769539,0.025690115988254547,0.3757793605327606,0.924942672252655
457820,1775274321.9639173,4.167880535125732,0.13568148016929626,0.9076559543609619,-0.039209648966789246,0.0246229600161314,0.3776528835296631,0.9247890114784241
457821,1775274321.9750285,4.167609214782715,0.13565358519554138,0.9115444421768188,-0.025475408881902695,0.02208208478987217,0.378487765789032,0.9249920845031738
457822,1775274321.9861395,4.166792392730713,0.13585934042930603,0.9143182039260864,-0.012648343108594418,0.020753145217895508,0.3815790116786957,0.9240167737007141
457823,1775274321.9972506,4.166173458099365,0.13593873381614685,0.9182507991790771,0.0009653656743466854,0.01979123055934906,0.38308990001678467,0.9234985709190369
457824,1775274322.0083618,4.165546417236328,0.1358434557914734,0.9213847517967224,0.010770980268716812,0.017873328179121017,0.38447675108909607,0.9228988289833069
457825,1775274322.0194728,4.165009021759033,0.1353655755519867,0.9247568249702454,0.025159714743494987,0.01465493906289339,0.39014366269111633,0.9202935099601746
457826,1775274322.0305839,4.164204120635986,0.1351672112941742,0.9280375242233276,0.036526359617710114,0.013856970705091953,0.3920503556728363,0.9191138744354248
457827,1775274322.041695,4.162996768951416,0.13491982221603394,0.9314237833023071,0.04444730281829834,0.015131565742194653,0.3935968577861786,0.9180833101272583
457828,1775274322.0528061,4.16203498840332,0.13499519228935242,0.934952974319458,0.05733653903007507,0.013931567780673504,0.39458194375038147,0.9169643521308899
457829,1775274322.0639174,4.161133766174316,0.13466456532478333,0.9378083944320679,0.06779978424310684,0.01052156277000904,0.39730894565582275,0.9151164889335632
457830,1775274322.0750284,4.159843444824219,0.1343042552471161,0.9407127499580383,0.07867691665887833,0.008287318982183933,0.4012526273727417,0.9125445485115051
457831,1775274322.0861394,4.159342288970947,0.13416367769241333,0.9441612362861633,0.09152789413928986,0.005161978304386139,0.40425339341163635,0.9100413918495178
457832,1775274322.0972507,4.158469200134277,0.134114071726799,0.9473558068275452,0.10297807306051254,0.0016388434451073408,0.4071633517742157,0.9075300097465515
457833,1775274322.1083617,4.157517910003662,0.13348373770713806,0.9505218863487244,0.11378977447748184,-0.0011198444990441203,0.41142919659614563,0.9043100476264954
457834,1775274322.119473,4.156547546386719,0.13323372602462769,0.9538422226905823,0.12385780364274979,-0.004844993352890015,0.41457706689834595,0.9015329480171204
457835,1775274322.130584,4.155577182769775,0.13310781121253967,0.9568401575088501,0.13490630686283112,-0.00918679777532816,0.41850292682647705,0.8980931639671326
457836,1775274322.141695,4.154694557189941,0.13262714445590973,0.9601748585700989,0.14414449036121368,-0.010743281804025173,0.4217139780521393,0.8951336741447449
457837,1775274322.1528063,4.153820037841797,0.1322956085205078,0.9630319476127625,0.1539866030216217,-0.014580964110791683,0.42428863048553467,0.8922190070152283
457838,1775274322.1639173,4.152846336364746,0.13201673328876495,0.966017484664917,0.16358724236488342,-0.01819927990436554,0.42723727226257324,0.889031171798706
457839,1775274322.1750283,4.151702880859375,0.13158485293388367,0.9687073230743408,0.17419835925102234,-0.021826516836881638,0.4298718571662903,0.8856572508811951
457840,1775274322.1861396,4.150680065155029,0.13108322024345398,0.9717006087303162,0.1835765838623047,-0.024698417633771896,0.4330962002277374,0.882109522819519
457841,1775274322.1972506,4.1495747566223145,0.13060717284679413,0.9744309186935425,0.19428831338882446,-0.02931196615099907,0.4358924627304077,0.8782884478569031
457842,1775274322.2083619,4.14853048324585,0.13021284341812134,0.9771361351013184,0.2040008008480072,-0.033559650182724,0.439001202583313,0.8743771314620972
457843,1775274322.219473,4.147438049316406,0.12946215271949768,0.9801331162452698,0.21380716562271118,-0.036089468747377396,0.44262003898620605,0.8700986504554749
457844,1775274322.230584,4.146525859832764,0.1290411800146103,0.9829258322715759,0.22406893968582153,-0.04021168127655983,0.4454953670501709,0.8658579587936401
457845,1775274322.2416952,4.1451873779296875,0.1285383403301239,0.9857882261276245,0.23403488099575043,-0.04460888355970383,0.44871798157691956,0.8613303303718567
457846,1775274322.2528062,4.144081115722656,0.12827841937541962,0.9889130592346191,0.24119628965854645,-0.049788158386945724,0.4517994225025177,0.857451319694519
457847,1775274322.2639172,4.14166259765625,0.12805922329425812,0.9913949370384216,0.2503865659236908,-0.05174214765429497,0.45516496896743774,0.8529093265533447
457848,1775274322.2750285,4.108743667602539,0.13250499963760376,0.9897914528846741,0.25869500637054443,-0.0512637197971344,0.45419418811798096,0.850973904132843
457849,1775274322.2861395,4.076618671417236,0.13549922406673431,0.9883232712745667,0.2775009572505951,-0.038624826818704605,0.4730662405490875,0.8352903127670288
457850,1775274322.2972507,4.030575275421143,0.13961030542850494,0.9849292039871216,0.2855420708656311,-0.03518722206354141,0.4510709047317505,0.8448447585105896
457851,1775274322.3083618,3.9927992820739746,0.1408046931028366,0.9815638065338135,0.3002028167247772,-0.03209024667739868,0.4490202069282532,0.8409693241119385
457852,1775274322.3194728,3.95394229888916,0.1413387656211853,0.9785873293876648,0.31190189719200134,-0.02200768142938614,0.450601190328598,0.8361767530441284
457853,1775274322.330584,3.916112184524536,0.1403036266565323,0.9754218459129333,0.3245922327041626,-0.01722867228090763,0.45463699102401733,0.8292456269264221
457854,1775274322.341695,3.877471685409546,0.1387072205543518,0.9725584387779236,0.33849748969078064,-0.010268212296068668,0.45056748390197754,0.826016366481781
457855,1775274322.352806,3.8388028144836426,0.135356143116951,0.9687211513519287,0.35470572113990784,-0.0030452359933406115,0.4478428363800049,0.8207383751869202
457856,1775274322.3639174,3.800041437149048,0.1308317482471466,0.9657948017120361,0.36819472908973694,0.0034011872485280037,0.4454849660396576,0.8160662651062012
457857,1775274322.3750284,3.762187957763672,0.12506012618541718,0.962746262550354,0.38023263216018677,0.009458472952246666,0.4447694718837738,0.8108723163604736
457858,1775274322.3861396,3.724618673324585,0.12044255435466766,0.9610897302627563,0.3855173885822296,0.020761068910360336,0.4498898983001709,0.8053226470947266
457859,1775274322.3972507,3.6914591789245605,0.12206867337226868,0.958356499671936,0.3897365927696228,0.056734029203653336,0.4846993684768677,0.7809950113296509
457860,1775274322.4083617,3.659022331237793,0.1245543509721756,0.9552597999572754,0.39142030477523804,0.09487324208021164,0.5322231650352478,0.7446661591529846
457861,1775274322.419473,3.6273984909057617,0.12561437487602234,0.9534989595413208,0.3903804421424866,0.1314326971769333,0.5792504549026489,0.7034184336662292
457862,1775274322.430584,3.5959174633026123,0.12484359741210938,0.9513428211212158,0.38445183634757996,0.17039333283901215,0.6194068193435669,0.6629465222358704
457863,1775274322.441695,3.5641562938690186,0.12294614315032959,0.9489206671714783,0.3810237646102905,0.20615974068641663,0.6549752354621887,0.6191336512565613
457864,1775274322.4528062,3.53247332572937,0.11943823844194412,0.947296142578125,0.3733220100402832,0.24286295473575592,0.6859986186027527,0.5753730535507202
457865,1775274322.4639173,3.50126051902771,0.11481064558029175,0.9446203112602234,0.36678940057754517,0.27524426579475403,0.715927243232727,0.5264545679092407
457866,1775274322.4750285,3.4711685180664062,0.10912472754716873,0.9422277808189392,0.3568039536476135,0.3061239421367645,0.7435982823371887,0.47543731331825256
457867,1775274322.4861395,3.4438421726226807,0.10736621916294098,0.9415208697319031,0.33522096276283264,0.35240045189857483,0.7769955396652222,0.39964842796325684
457868,1775274322.4972506,3.421154022216797,0.10745599865913391,0.939495325088501,0.2982824444770813,0.40296122431755066,0.8092125654220581,0.30630865693092346
457869,1775274322.5083618,3.398646116256714,0.10686174780130386,0.9374079704284668,0.26008257269859314,0.4440072476863861,0.8315036296844482,0.20932412147521973
457870,1775274322.5194728,3.3761465549468994,0.10503610968589783,0.9372924566268921,0.21968403458595276,0.48296838998794556,0.8401514291763306,0.11236625164747238
457871,1775274322.5305839,3.354900360107422,0.10206592082977295,0.9354166388511658,0.17394742369651794,0.5116772055625916,0.841293215751648,0.012429427355527878
457872,1775274322.541695,3.3348331451416016,0.09953662008047104,0.9342550039291382,0.12911926209926605,0.5377111434936523,0.828521192073822,-0.0880204439163208
457873,1775274322.5528061,3.3157105445861816,0.09569928050041199,0.9325087666511536,0.07663121074438095,0.5522361993789673,0.8077319860458374,-0.19165582954883575
457874,1775274322.5639174,3.294968605041504,0.0952594205737114,0.9310860633850098,0.02896049991250038,0.5609260201454163,0.7780110239982605,-0.2814646065235138
457875,1775274322.5750284,3.2748467922210693,0.0968560129404068,0.9282382726669312,-0.02150695212185383,0.5611237287521362,0.7409378886222839,-0.36835941672325134
457876,1775274322.5861394,3.2547223567962646,0.09897243976593018,0.926257312297821,-0.06791802495718002,0.556071400642395,0.6937463283538818,-0.4526453912258148
457877,1775274322.5972507,3.233947992324829,0.10058791935443878,0.9247828125953674,-0.11424881219863892,0.5466890335083008,0.6383127570152283,-0.5297500491142273
457878,1775274322.6083617,3.21307635307312,0.10152368247509003,0.9219792485237122,-0.16131287813186646,0.5295729637145996,0.5774772763252258,-0.6000422239303589
457879,1775274322.619473,3.192049264907837,0.10191665589809418,0.9204478859901428,-0.2048809826374054,0.5086935758590698,0.5061661005020142,-0.6656203866004944
457880,1775274322.630584,3.1697885990142822,0.10318922996520996,0.9177819490432739,-0.24705028533935547,0.4803708493709564,0.4339028298854828,-0.721067488193512
457881,1775274322.641695,3.1476359367370605,0.10755494236946106,0.915788471698761,-0.28596383333206177,0.4460645616054535,0.354714572429657,-0.7703433036804199
457882,1775274322.6528063,3.1250247955322266,0.11143653094768524,0.913568913936615,-0.3212202787399292,0.40653902292251587,0.2702941596508026,-0.811470627784729
457883,1775274322.6639173,3.101716995239258,0.11422611027956009,0.9115031361579895,-0.352159708738327,0.3628230392932892,0.1820916086435318,-0.8433182239532471
457884,1775274322.6750283,3.077310085296631,0.11593230068683624,0.9091480374336243,-0.3792954683303833,0.31576335430145264,0.09460370242595673,-0.8645685315132141
457885,1775274322.6861396,3.052128314971924,0.11631124466657639,0.9064680337905884,-0.4055931568145752,0.26378512382507324,0.006925961468368769,-0.8751364946365356
457886,1775274322.6972506,3.026761293411255,0.11979956924915314,0.9040154218673706,-0.4229307770729065,0.2085402011871338,-0.08406735211610794,-0.8778230547904968
457887,1775274322.7083619,3.0008809566497803,0.12255226075649261,0.901955246925354,-0.43598097562789917,0.1504412591457367,-0.17454423010349274,-0.8699554204940796
457888,1775274322.719473,2.97452712059021,0.12357765436172485,0.8998352289199829,-0.44388440251350403,0.09016812592744827,-0.2598704993724823,-0.8528211116790771
457889,1775274322.730584,2.947666645050049,0.12235486507415771,0.8974961638450623,-0.4449971914291382,0.030554458498954773,-0.34488341212272644,-0.8258931040763855
457890,1775274322.7416952,2.9215779304504395,0.12014491111040115,0.8953410983085632,-0.4441070556640625,-0.03066031076014042,-0.42838603258132935,-0.7863296866416931
457891,1775274322.7528062,2.8950886726379395,0.11959133297204971,0.8931340575218201,-0.4365521967411041,-0.09271355718374252,-0.5050521492958069,-0.7387480735778809
457892,1775274322.7639172,2.869293689727783,0.11820869892835617,0.8909127116203308,-0.4221719801425934,-0.15552881360054016,-0.5775201320648193,-0.6812137365341187
457893,1775274322.7750285,2.8434908390045166,0.11530758440494537,0.8888955116271973,-0.4026713967323303,-0.21440230309963226,-0.6418520212173462,-0.6163710951805115
457894,1775274322.7861395,2.81809139251709,0.11286859959363937,0.8869865536689758,-0.3778488337993622,-0.27129513025283813,-0.6972837448120117,-0.5453664660453796
457895,1775274322.7972507,2.793154716491699,0.1109054833650589,0.8842116594314575,-0.34991157054901123,-0.32272589206695557,-0.7454673647880554,-0.4665709435939789
457896,1775274322.8083618,2.7693591117858887,0.10828730463981628,0.8822228908538818,-0.31576067209243774,-0.37329235672950745,-0.7836472392082214,-0.3832036554813385
457897,1775274322.8194728,2.746272087097168,0.10543973743915558,0.8805959820747375,-0.278071790933609,-0.4187171459197998,-0.8121083974838257,-0.2963646352291107
457898,1775274322.830584,2.724189043045044,0.1042989119887352,0.8785868883132935,-0.23625819385051727,-0.4582090675830841,-0.8315175175666809,-0.2068943828344345
457899,1775274322.841695,2.702446937561035,0.1021958440542221,0.876111626625061,-0.1907532960176468,-0.4914928376674652,-0.8419716954231262,-0.11459330469369888
457900,1775274322.852806,2.6813056468963623,0.09959366917610168,0.87363600730896,-0.14497804641723633,-0.5171985626220703,-0.843183696269989,-0.022987928241491318
457901,1775274322.8639174,2.660585403442383,0.09687785059213638,0.8712483048439026,-0.09768956154584885,-0.5375055074691772,-0.8349043130874634,0.06692898273468018
457902,1775274322.8750284,2.6406118869781494,0.09626403450965881,0.8690497279167175,-0.04859687387943268,-0.5544917583465576,-0.8156468868255615,0.15778985619544983
457903,1775274322.8861396,2.6205902099609375,0.09644559025764465,0.8671150803565979,-0.0005257957382127643,-0.56438809633255,-0.7887364029884338,0.24364057183265686
457904,1775274322.8972507,2.6002721786499023,0.09617296606302261,0.8652669191360474,0.04468816891312599,-0.5682126879692078,-0.7546151876449585,0.32510507106781006
457905,1775274322.9083617,2.5809004306793213,0.09488830715417862,0.8629912734031677,0.09424488246440887,-0.5671390891075134,-0.7096285223960876,0.40730640292167664
457906,1775274322.919473,2.5613088607788086,0.09559162706136703,0.8601875305175781,0.14362746477127075,-0.5578653812408447,-0.6597321629524231,0.4826084077358246
457907,1775274322.930584,2.541635513305664,0.09762778878211975,0.8578392267227173,0.18937207758426666,-0.5439888834953308,-0.6013011336326599,0.5537611246109009
457908,1775274322.941695,2.521646022796631,0.09927284717559814,0.855590283870697,0.23339003324508667,-0.5247208476066589,-0.5366002917289734,0.6182696223258972
457909,1775274322.9528062,2.500990152359009,0.10105082392692566,0.8531364798545837,0.2748754322528839,-0.4996325969696045,-0.46740755438804626,0.675530195236206
457910,1775274322.9639173,2.479783296585083,0.10375948995351791,0.8501644134521484,0.31432023644447327,-0.4694644510746002,-0.39436599612236023,0.724763035774231
457911,1775274322.9750285,2.458136558532715,0.10634414106607437,0.8473843932151794,0.34976768493652344,-0.43336600065231323,-0.3164137005805969,0.7679445743560791
457912,1775274322.9861395,2.4362525939941406,0.10887758433818817,0.8448047041893005,0.380489706993103,-0.39232781529426575,-0.2334083616733551,0.8042556643486023
457913,1775274322.9972506,2.413175106048584,0.11149480193853378,0.8422820568084717,0.4069928526878357,-0.3501204252243042,-0.15181156992912292,0.82989501953125
457914,1775274323.0083618,2.389897346496582,0.11358828842639923,0.8394981622695923,0.4297434985637665,-0.30070963501930237,-0.062199704349040985,0.8491321802139282
457915,1775274323.0194728,2.3661794662475586,0.11514420062303543,0.8366049528121948,0.4489305913448334,-0.24661867320537567,0.0260170865803957,0.8584659099578857
457916,1775274323.0305839,2.341520071029663,0.11796227842569351,0.8336141705513,0.46339091658592224,-0.19332925975322723,0.1136072501540184,0.8573132753372192
457917,1775274323.041695,2.3163716793060303,0.11979671567678452,0.8305731415748596,0.4723500609397888,-0.13571295142173767,0.19866468012332916,0.8479386568069458
457918,1775274323.0528061,2.2913029193878174,0.12008318305015564,0.8278371691703796,0.474188894033432,-0.07678211480379105,0.28308457136154175,0.830128014087677
457919,1775274323.0639174,2.265868902206421,0.11975189298391342,0.824773371219635,0.4735238254070282,-0.016748813912272453,0.36410239338874817,0.8018255829811096
457920,1775274323.0750284,2.2405459880828857,0.1194850504398346,0.8216655850410461,0.46663448214530945,0.04340425878763199,0.4417182207107544,0.7650185227394104
457921,1775274323.0861394,2.2152504920959473,0.11750220507383347,0.8190441727638245,0.4521854519844055,0.10734818875789642,0.5164387822151184,0.7192327976226807
457922,1775274323.0972507,2.190309762954712,0.11666473746299744,0.81626957654953,0.43269631266593933,0.16736659407615662,0.5847722887992859,0.6654350161552429
457923,1775274323.1083617,2.1652944087982178,0.11539539694786072,0.8130555748939514,0.4089440703392029,0.22546739876270294,0.645175576210022,0.604712963104248
457924,1775274323.119473,2.140519618988037,0.11251383274793625,0.8102225661277771,0.38139262795448303,0.27985650300979614,0.6984571814537048,0.5370080471038818
457925,1775274323.130584,2.1164770126342773,0.10920032113790512,0.8078094720840454,0.3481224775314331,0.33404308557510376,0.7434937953948975,0.46307995915412903
457926,1775274323.141695,2.0930418968200684,0.10826946794986725,0.8051514625549316,0.3119690716266632,0.3827160596847534,0.7795194983482361,0.38542598485946655
457927,1775274323.1528063,2.071077823638916,0.1067020446062088,0.8016875982284546,0.26925256848335266,0.4247964918613434,0.8096880316734314,0.3024176359176636
457928,1775274323.1639173,2.0488150119781494,0.10366339236497879,0.7989159822463989,0.224094957113266,0.4641324579715729,0.8289328217506409,0.2173316478729248
457929,1775274323.1750283,2.0276012420654297,0.09997217357158661,0.7962949872016907,0.17812581360340118,0.4958835244178772,0.8399146199226379,0.13005498051643372
457930,1775274323.1861396,2.006603240966797,0.09828340262174606,0.7933176755905151,0.13005368411540985,0.523170530796051,0.8411210179328918,0.04352293536067009
457931,1775274323.1972506,1.9862124919891357,0.0970822349190712,0.7904993891716003,0.08164899051189423,0.5439096093177795,0.8341359496116638,-0.041389741003513336
457932,1775274323.2083619,1.9661378860473633,0.0956706702709198,0.7879098057746887,0.03072543814778328,0.5613412857055664,0.8172528743743896,-0.126687154173851
457933,1775274323.219473,1.9466193914413452,0.0939786359667778,0.7853695154190063,-0.01982470601797104,0.572942852973938,0.7921977043151855,-0.20920389890670776
457934,1775274323.230584,1.9277217388153076,0.09305409342050552,0.7830544114112854,-0.06944787502288818,0.5772403478622437,0.7595236897468567,-0.29170945286750793
457935,1775274323.2416952,1.9080026149749756,0.093043752014637,0.7801073789596558,-0.11824195832014084,0.576526403427124,0.7203075289726257,-0.367141991853714
457936,1775274323.2528062,1.8886311054229736,0.09316308796405792,0.7774514555931091,-0.16634123027324677,0.5699277520179749,0.6744828224182129,-0.4388461709022522
457937,1775274323.2639172,1.8695828914642334,0.09326446801424026,0.7749441266059875,-0.21379998326301575,0.5578300952911377,0.6200887560844421,-0.5085322260856628
457938,1775274323.2750285,1.8504587411880493,0.09510141611099243,0.7720613479614258,-0.2584320902824402,0.5400896668434143,0.5598149299621582,-0.5728204250335693
457939,1775274323.2861395,1.8305609226226807,0.09721040725708008,0.7690966129302979,-0.30004000663757324,0.5173102021217346,0.49502822756767273,-0.6303278803825378
457940,1775274323.2972507,1.8106414079666138,0.09882358461618423,0.7661513090133667,-0.34010037779808044,0.48876985907554626,0.4252183735370636,-0.6816341280937195
457941,1775274323.3083618,1.7897638082504272,0.10076497495174408,0.762971818447113,-0.37549489736557007,0.4561827778816223,0.3519001007080078,-0.7259939908981323
457942,1775274323.3194728,1.7686755657196045,0.10342101007699966,0.7601407170295715,-0.407046914100647,0.4196814298629761,0.27457836270332336,-0.7634049654006958
457943,1775274323.330584,1.7478783130645752,0.10591880977153778,0.757175087928772,-0.4333469271659851,0.37652575969696045,0.19199681282043457,-0.7959750294685364
457944,1775274323.341695,1.7256101369857788,0.10790371894836426,0.7539733052253723,-0.457533061504364,0.3299310803413391,0.10988432914018631,-0.8183731436729431
457945,1775274323.352806,1.7028915882110596,0.10952048748731613,0.751025378704071,-0.4762946367263794,0.279161661863327,0.025616221129894257,-0.8334002494812012
457946,1775274323.3639174,1.6797136068344116,0.11197629570960999,0.7475812435150146,-0.49017900228500366,0.22653627395629883,-0.06009472534060478,-0.8395203948020935
457947,1775274323.3750284,1.6560380458831787,0.1145823746919632,0.743992030620575,-0.49892863631248474,0.1710635870695114,-0.14476196467876434,-0.8371687531471252
457948,1775274323.3861396,1.6319859027862549,0.11621670424938202,0.7407856583595276,-0.501883864402771,0.11346372216939926,-0.22674886882305145,-0.8269363045692444
457949,1775274323.3972507,1.6074862480163574,0.11630905419588089,0.7372438311576843,-0.500083327293396,0.05421673133969307,-0.30723297595977783,-0.8078274130821228
457950,1775274323.4083617,1.5832079648971558,0.11635896563529968,0.7337104082107544,-0.4935508668422699,-0.007182499393820763,-0.3859279751777649,-0.7793687582015991
457951,1775274323.419473,1.5583480596542358,0.11633981764316559,0.730265200138092,-0.4797746539115906,-0.06844686716794968,-0.4592389464378357,-0.7444668412208557
457952,1775274323.430584,1.5337319374084473,0.11500926315784454,0.7266228795051575,-0.4620910584926605,-0.12968358397483826,-0.5300168991088867,-0.6990966200828552
457953,1775274323.441695,1.5093786716461182,0.11437761038541794,0.7227683663368225,-0.4388830065727234,-0.1888931393623352,-0.5943569540977478,-0.6468701958656311
457954,1775274323.4528062,1.4850252866744995,0.1129879355430603,0.719120979309082,-0.4104172885417938,-0.24674372375011444,-0.6518948674201965,-0.5879697203636169
457955,1775274323.4639173,1.4607714414596558,0.11001882702112198,0.7153506278991699,-0.37811604142189026,-0.3009521961212158,-0.7017360329627991,-0.5234717726707458
457956,1775274323.4750285,1.4370007514953613,0.1083294227719307,0.7118236422538757,-0.34164589643478394,-0.3514571785926819,-0.7438958287239075,-0.45428505539894104
457957,1775274323.4861395,1.414056420326233,0.10758237540721893,0.7084860801696777,-0.29972198605537415,-0.4006018042564392,-0.778129518032074,-0.379736065864563
457958,1775274323.4972506,1.3923592567443848,0.10525631159543991,0.7051974534988403,-0.2538816034793854,-0.44570815563201904,-0.8039342761039734,-0.30096226930618286
457959,1775274323.5083618,1.3705404996871948,0.10197325050830841,0.7014450430870056,-0.2066572904586792,-0.48131391406059265,-0.8231872916221619,-0.2190718650817871
457960,1775274323.5194728,1.3490638732910156,0.09902024269104004,0.6979702115058899,-0.15711653232574463,-0.514268159866333,-0.8319781422615051,-0.13658300042152405
457961,1775274323.5305839,1.328328013420105,0.09784527122974396,0.6942496299743652,-0.10668431967496872,-0.5405375361442566,-0.8327666521072388,-0.05419822782278061
457962,1775274323.541695,1.3079984188079834,0.09629315137863159,0.6904029846191406,-0.05611111596226692,-0.5601472854614258,-0.8260604739189148,0.026659386232495308
457963,1775274323.5528061,1.2890466451644897,0.09424984455108643,0.6878196597099304,-0.0023713053669780493,-0.5775941014289856,-0.8088006377220154,0.11054879426956177
457964,1775274323.5639174,1.2697325944900513,0.09282291680574417,0.6843084692955017,0.04977094754576683,-0.5883194804191589,-0.7843986749649048,0.19005779922008514
457965,1775274323.5750284,1.250656008720398,0.0924277976155281,0.6808425784111023,0.10191228985786438,-0.5928899049758911,-0.752877950668335,0.2669650912284851
457966,1775274323.5861394,1.2318357229232788,0.09189322590827942,0.677712082862854,0.15213236212730408,-0.591649055480957,-0.7144906520843506,0.3410428762435913
457967,1775274323.5972507,1.2126085758209229,0.09119106829166412,0.67457115650177,0.19996483623981476,-0.5858469009399414,-0.6694614291191101,0.410632461309433
457968,1775274323.6083617,1.1937793493270874,0.09156647324562073,0.671716570854187,0.24677203595638275,-0.5739126205444336,-0.6171887516975403,0.4783366322517395
457969,1775274323.619473,1.1750785112380981,0.09289543330669403,0.6683626174926758,0.29049304127693176,-0.55666583776474,-0.5605125427246094,0.5399655103683472
457970,1775274323.630584,1.1679872274398804,0.08968456834554672,0.6674926280975342,0.30228713154792786,-0.5560733675956726,-0.5401136875152588,0.5546910166740417
457971,1775274323.641695,1.1678924560546875,0.08943770080804825,0.666011393070221,0.2992928922176361,-0.5631756782531738,-0.5367292165756226,0.5524297952651978
457972,1775274323.6528063,1.1692029237747192,0.09110799431800842,0.6639177203178406,0.2920120656490326,-0.5702642202377319,-0.5330191850662231,0.5526466369628906
457973,1775274323.6639173,1.168687105178833,0.09127945452928543,0.6609059572219849,0.2868325710296631,-0.5783056020736694,-0.5228453278541565,0.5567067861557007
457974,1775274323.6750283,1.1669435501098633,0.09177050739526749,0.657772958278656,0.2838078737258911,-0.5824561715126038,-0.5099284052848816,0.5658364295959473
457975,1775274323.6861396,1.165393590927124,0.09264884889125824,0.6553165316581726,0.28097352385520935,-0.5878723859786987,-0.49774137139320374,0.5724626779556274
457976,1775274323.6972506,1.1640158891677856,0.09363031387329102,0.6530564427375793,0.2796105444431305,-0.5912415981292725,-0.4870814383029938,0.578794538974762
457977,1775274323.7083619,1.1616008281707764,0.0951017364859581,0.6507672071456909,0.2809388339519501,-0.5934763550758362,-0.4734418988227844,0.5871217250823975
457978,1775274323.719473,1.1579526662826538,0.096334308385849,0.6480080485343933,0.28590482473373413,-0.5950470566749573,-0.45591601729393005,0.5969238877296448
457979,1775274323.730584,1.1533979177474976,0.09772495180368423,0.6453787088394165,0.29206570982933044,-0.5976056456565857,-0.4349832534790039,0.6069223880767822
457980,1775274323.7416952,1.1482467651367188,0.09921587258577347,0.6423970460891724,0.3003383278846741,-0.5987576842308044,-0.41352805495262146,0.6166690587997437
457981,1775274323.7528062,1.1430405378341675,0.1008988618850708,0.6401129961013794,0.3075842261314392,-0.5996685028076172,-0.39017215371131897,0.6273398995399475
457982,1775274323.7639172,1.1380990743637085,0.10176566243171692,0.6376515030860901,0.31456828117370605,-0.6003729701042175,-0.3656542897224426,0.6378840208053589
457983,1775274323.7750285,1.13260817527771,0.10225684195756912,0.6348611116409302,0.3209930956363678,-0.6006026864051819,-0.34277403354644775,0.6471057534217834
457984,1775274323.7861395,1.1275798082351685,0.1032630205154419,0.6323637366294861,0.32790979743003845,-0.5993042588233948,-0.31842905282974243,0.6572005748748779
457985,1775274323.7972507,1.1222336292266846,0.1041978970170021,0.6296902298927307,0.3336850106716156,-0.598012387752533,-0.29669493436813354,0.6655882596969604
457986,1775274323.8083618,1.1168488264083862,0.10471296310424805,0.6269298791885376,0.3397673964500427,-0.5954619646072388,-0.27366262674331665,0.6746050715446472
457987,1775274323.8194728,1.1114612817764282,0.10566738247871399,0.6241188049316406,0.3454524278640747,-0.5930132865905762,-0.2509899139404297,0.6826433539390564
457988,1775274323.830584,1.1058059930801392,0.10635209828615189,0.6206714510917664,0.3515406548976898,-0.5905197858810425,-0.22902244329452515,0.6893869042396545
457989,1775274323.841695,1.1006734371185303,0.10693487524986267,0.6173786520957947,0.3566970229148865,-0.5879398584365845,-0.20462052524089813,0.6965805292129517
457990,1775274323.852806,1.0955058336257935,0.10719037055969238,0.6145130395889282,0.36255788803100586,-0.5826149582862854,-0.1790206879377365,0.7050271034240723
457991,1775274323.8639174,1.0902338027954102,0.10802137106657028,0.6118104457855225,0.36540687084198,-0.5785808563232422,-0.15300172567367554,0.712960422039032
457992,1775274323.8750284,1.0844382047653198,0.10851719230413437,0.6089772582054138,0.3680790662765503,-0.574528157711029,-0.12740521132946014,0.7198632955551147
457993,1775274323.8861396,1.0791019201278687,0.10900081694126129,0.6053024530410767,0.37362048029899597,-0.5684546828269958,-0.10257436335086823,0.7257723808288574
457994,1775274323.8972507,1.0736494064331055,0.11014452576637268,0.6020737886428833,0.37599337100982666,-0.5634013414382935,-0.07730355113744736,0.7315955758094788
457995,1775274323.9083617,1.0682824850082397,0.11075091361999512,0.5988976955413818,0.3791216313838959,-0.5570168495178223,-0.051166832447052,0.7371438145637512
457996,1775274323.919473,1.0627758502960205,0.11093607544898987,0.5956913828849792,0.38216257095336914,-0.5497826933860779,-0.026532474905252457,0.7422848343849182
457997,1775274323.930584,1.0572043657302856,0.11147209256887436,0.5922415256500244,0.3836742639541626,-0.5431064367294312,-0.0008143293671309948,0.7468794584274292
457998,1775274323.941695,1.0516941547393799,0.11200450360774994,0.5887619256973267,0.38531360030174255,-0.535301148891449,0.02466055378317833,0.7512509226799011
457999,1775274323.9528062,1.046120524406433,0.11241351068019867,0.5854158401489258,0.38712096214294434,-0.5267223715782166,0.050728242844343185,0.7550679445266724
458000,1775274323.9639173,1.0402480363845825,0.11319821327924728,0.5820058584213257,0.3863562047481537,-0.5186483860015869,0.07508890330791473,0.7590088248252869
458001,1775274323.9750285,1.0349154472351074,0.113581582903862,0.5784751772880554,0.38809117674827576,-0.5086711645126343,0.10295451432466507,0.7616031169891357
458002,1775274323.9861395,1.0289831161499023,0.11389864981174469,0.5749474167823792,0.3885262906551361,-0.4990766644477844,0.1278621107339859,0.7639510035514832
458003,1775274323.9972506,1.0235166549682617,0.11433793604373932,0.5713523626327515,0.3888227343559265,-0.4886704385280609,0.1532464176416397,0.7658548355102539
458004,1775274324.0083618,1.0174351930618286,0.11472182720899582,0.5677176117897034,0.3884691894054413,-0.47862327098846436,0.1770702302455902,0.7672402262687683
458005,1775274324.0194728,1.011832356452942,0.11476006358861923,0.564131498336792,0.38868260383605957,-0.4671103060245514,0.2024732530117035,0.7679442763328552
458006,1775274324.0305839,1.005886197090149,0.11489225924015045,0.5605416297912598,0.3879323899745941,-0.45574143528938293,0.22731497883796692,0.76820307970047
458007,1775274324.041695,0.9998791217803955,0.11518050730228424,0.5570691823959351,0.3857727646827698,-0.4431675374507904,0.25204917788505554,0.7689300179481506
458008,1775274324.0528061,0.9941363334655762,0.11525185406208038,0.5530240535736084,0.38402214646339417,-0.43130531907081604,0.2771037220954895,0.7679299116134644
458009,1775274324.0639174,0.988103449344635,0.11541929095983505,0.549363374710083,0.38054564595222473,-0.4181365370750427,0.3011810779571533,0.7678781747817993
458010,1775274324.0750284,0.9824749231338501,0.11555546522140503,0.5454739332199097,0.37814387679100037,-0.4042055308818817,0.32457736134529114,0.7669906616210938
458011,1775274324.0861394,0.9769402742385864,0.11559168249368668,0.5413869619369507,0.3756888806819916,-0.3909306526184082,0.3499177098274231,0.7639297842979431
458012,1775274324.0972507,0.9710175395011902,0.11578421294689178,0.5376266837120056,0.3718743920326233,-0.3765627145767212,0.3745132088661194,0.7613475322723389
458013,1775274324.1083617,0.9653733372688293,0.11608631908893585,0.5333681106567383,0.36852705478668213,-0.36203211545944214,0.3973023295402527,0.7584665417671204
458014,1775274324.119473,0.9596497416496277,0.11623039841651917,0.5296598076820374,0.36256471276283264,-0.34623873233795166,0.421429306268692,0.7556871175765991
458015,1775274324.130584,0.9540296792984009,0.11605827510356903,0.5254439115524292,0.3578767776489258,-0.33176180720329285,0.4445413649082184,0.7511599659919739
458016,1775274324.141695,0.9484450817108154,0.11597792059183121,0.5218416452407837,0.3530474305152893,-0.3155326843261719,0.46691787242889404,0.7468495965003967
458017,1775274324.1528063,0.9430030584335327,0.11561577022075653,0.517426609992981,0.34775418043136597,-0.30087918043136597,0.48743680119514465,0.7422561049461365
458018,1775274324.1639173,0.9372128844261169,0.11500121653079987,0.5130564570426941,0.34277358651161194,-0.2845298945903778,0.5090821981430054,0.7364675402641296
458019,1775274324.1750283,0.9318742752075195,0.11465033888816833,0.5091509819030762,0.335161954164505,-0.2672699987888336,0.5326489210128784,0.7297385931015015
458020,1775274324.1861396,0.9260965585708618,0.11435231566429138,0.5046297311782837,0.32912567257881165,-0.2504926323890686,0.552956223487854,0.7233043909072876
458021,1775274324.1972506,0.9206447005271912,0.11377663910388947,0.5002395510673523,0.322033166885376,-0.23323985934257507,0.5734077095985413,0.7163082957267761
458022,1775274324.2083619,0.9151337146759033,0.11323778331279755,0.49579164385795593,0.3146660625934601,-0.21537411212921143,0.5942893028259277,0.7081097960472107
458023,1775274324.219473,0.909738302230835,0.11272424459457397,0.49157342314720154,0.306125283241272,-0.19677305221557617,0.6141037940979004,0.7003172636032104
458024,1775274324.230584,0.9038760662078857,0.11195849627256393,0.48657795786857605,0.2981910705566406,-0.17968058586120605,0.6325487494468689,0.6918664574623108
458025,1775274324.2416952,0.898646891117096,0.11175131052732468,0.48224467039108276,0.28819185495376587,-0.1602332890033722,0.6516388654708862,0.6831087470054626
458026,1775274324.2528062,0.8932780027389526,0.11177867650985718,0.47818681597709656,0.2777281701564789,-0.13938003778457642,0.6697896122932434,0.674405038356781
458027,1775274324.2639172,0.888344943523407,0.11130473017692566,0.4730606973171234,0.27005741000175476,-0.12263598293066025,0.6867291331291199,0.6636509895324707
458028,1775274324.2750285,0.882881760597229,0.11085857450962067,0.4687017798423767,0.2593451142311096,-0.10259880125522614,0.702775776386261,0.6544615030288696
458029,1775274324.2861395,0.877880871295929,0.11009040474891663,0.46411067247390747,0.24826449155807495,-0.08282992243766785,0.7194833159446716,0.6433099508285522
458030,1775274324.2972507,0.8728847503662109,0.10941462218761444,0.4596397280693054,0.23648755252361298,-0.06279217451810837,0.7350514531135559,0.632321298122406
458031,1775274324.3083618,0.8677552938461304,0.10873691737651825,0.455329567193985,0.2238961011171341,-0.04191949591040611,0.7498554587364197,0.6211523413658142
458032,1775274324.3194728,0.8626990914344788,0.10811885446310043,0.45079272985458374,0.21172574162483215,-0.021518640220165253,0.7637898325920105,0.6093720197677612
458033,1775274324.330584,0.8578349351882935,0.10761356353759766,0.44600415229797363,0.19905662536621094,-0.0019177310168743134,0.7768762111663818,0.5973577499389648
458034,1775274324.341695,0.8530350923538208,0.10735540091991425,0.44123613834381104,0.1873215138912201,0.01853722333908081,0.7887566089630127,0.5851751565933228
458035,1775274324.352806,0.8483394980430603,0.10704359412193298,0.4365241825580597,0.17496787011623383,0.039365001022815704,0.8003785610198975,0.572040855884552
458036,1775274324.3639174,0.8436352014541626,0.10646049678325653,0.43174976110458374,0.1625933200120926,0.058325689285993576,0.8106822967529297,0.5594245195388794
458037,1775274324.3750284,0.8391662836074829,0.10589748620986938,0.42729100584983826,0.14819002151489258,0.07910677045583725,0.8203272223472595,0.5466671586036682
458038,1775274324.3861396,0.8347815275192261,0.10552221536636353,0.4227669835090637,0.1363571733236313,0.09940936416387558,0.829405665397644,0.5325511693954468
458039,1775274324.3972507,0.8303214311599731,0.10499399900436401,0.41773247718811035,0.12411670386791229,0.11838918924331665,0.8378455638885498,0.5182604789733887
458040,1775274324.4083617,0.8261176347732544,0.10441377758979797,0.413429319858551,0.11020450294017792,0.1394258737564087,0.8449074625968933,0.5045263767242432
458041,1775274324.419473,0.821940541267395,0.10371547192335129,0.4084020256996155,0.0987350270152092,0.1572028547525406,0.8519431352615356,0.48962390422821045
458042,1775274324.430584,0.8176848292350769,0.10304030030965805,0.40374764800071716,0.08439220488071442,0.17828819155693054,0.8575672507286072,0.4750470221042633
458043,1775274324.441695,0.8137128353118896,0.10269586741924286,0.3993081748485565,0.07126564532518387,0.19804070889949799,0.8623901009559631,0.4604175090789795
458044,1775274324.4528062,0.8093755841255188,0.10260177403688431,0.3946242928504944,0.05888304486870766,0.2168792337179184,0.8649635910987854,0.44870275259017944
458045,1775274324.4639173,0.8055931925773621,0.10218965262174606,0.3900027871131897,0.04574324190616608,0.23520755767822266,0.8683992028236389,0.4341287314891815
458046,1775274324.4750285,0.8016070127487183,0.10131485760211945,0.38550013303756714,0.03163947910070419,0.2548907697200775,0.8719474673271179,0.41681814193725586
458047,1775274324.4861395,0.7980289459228516,0.1010623499751091,0.3809455633163452,0.018521681427955627,0.27249500155448914,0.873850405216217,0.402229905128479
458048,1775274324.4972506,0.7941898107528687,0.10110638290643692,0.37637215852737427,0.005217855330556631,0.2905775010585785,0.874864935874939,0.387490451335907
458049,1775274324.5083618,0.7905882596969604,0.10083314031362534,0.3718264400959015,-0.0069526368752121925,0.3084748387336731,0.875109076499939,0.37279894948005676
458050,1775274324.5194728,0.7870340943336487,0.1001637801527977,0.3677351474761963,-0.0196381825953722,0.3252631723880768,0.8751599788665771,0.35764971375465393
458051,1775274324.5305839,0.783305287361145,0.10001831501722336,0.36344724893569946,-0.03228917345404625,0.34329769015312195,0.8735686540603638,0.3434849977493286
458052,1775274324.541695,0.7799534797668457,0.0994528979063034,0.3586234152317047,-0.04512965306639671,0.3590323328971863,0.8725176453590393,0.3282865583896637
458053,1775274324.5528061,0.7765331268310547,0.0988461896777153,0.3547874987125397,-0.057541374117136,0.3778303563594818,0.8694751858711243,0.31296372413635254
458054,1775274324.5639174,0.7732506990432739,0.09870626032352448,0.3502129018306732,-0.07084081321954727,0.394395112991333,0.866574764251709,0.29745981097221375
458055,1775274324.5750284,0.7698525190353394,0.09854567050933838,0.34594354033470154,-0.0829802080988884,0.41109463572502136,0.86282879114151,0.2822093069553375
458056,1775274324.5861394,0.766812264919281,0.09790411591529846,0.3416268825531006,-0.09508894383907318,0.4263533353805542,0.8589094877243042,0.26731154322624207
458057,1775274324.5972507,0.763685941696167,0.09762798249721527,0.33754315972328186,-0.10737360268831253,0.44290396571159363,0.853717029094696,0.2519413232803345
458058,1775274324.6083617,0.7603601813316345,0.0974792093038559,0.33340245485305786,-0.11880429089069366,0.4589136242866516,0.8479295372962952,0.2372751086950302
458059,1775274324.619473,0.7572938203811646,0.09726665914058685,0.3290756940841675,-0.13044387102127075,0.47411876916885376,0.8417818546295166,0.2227085530757904
458060,1775274324.630584,0.7542723417282104,0.09694742411375046,0.3249567449092865,-0.1419212967157364,0.48879140615463257,0.8352934122085571,0.2079092413187027
458061,1775274324.641695,0.7514252662658691,0.09680113941431046,0.32053449749946594,-0.15247267484664917,0.5012012720108032,0.8298537135124207,0.1920737773180008
458062,1775274324.6528063,0.7482385635375977,0.09692475944757462,0.31609049439430237,-0.1630597859621048,0.5144626498222351,0.8225839734077454,0.1791520118713379
458063,1775274324.6639173,0.7452723979949951,0.09694007784128189,0.31223464012145996,-0.17350833117961884,0.5301215052604675,0.813412070274353,0.1650056540966034
458064,1775274324.6750283,0.7426697015762329,0.09689924120903015,0.30809780955314636,-0.18434691429138184,0.5444475412368774,0.804401695728302,0.15010371804237366
458065,1775274324.6861396,0.7396573424339294,0.09700524061918259,0.3039027750492096,-0.1945975422859192,0.5572410821914673,0.7955756187438965,0.13665135204792023
458066,1775274324.6972506,0.7371711134910583,0.09675292670726776,0.3001438081264496,-0.20455799996852875,0.5711771249771118,0.7855262160301208,0.12190664559602737
458067,1775274324.7083619,0.7345858216285706,0.09658321738243103,0.29609498381614685,-0.21405062079429626,0.5836595296859741,0.7757813930511475,0.10810763388872147
458068,1775274324.719473,0.7321495413780212,0.09658363461494446,0.29214200377464294,-0.22331629693508148,0.5970208644866943,0.7648084163665771,0.0936165452003479
458069,1775274324.730584,0.729768693447113,0.09663470089435577,0.28803789615631104,-0.23314566910266876,0.6092043519020081,0.7538315057754517,0.07906623184680939
458070,1775274324.7416952,0.7269695401191711,0.09670239686965942,0.2839468717575073,-0.24068401753902435,0.6210474967956543,0.7429524064064026,0.066279835999012
458071,1775274324.7528062,0.7244445085525513,0.09666034579277039,0.27978870272636414,-0.2500211000442505,0.6325895190238953,0.731072723865509,0.0534101277589798
458072,1775274324.7639172,0.7221308350563049,0.09656914323568344,0.27568382024765015,-0.25878164172172546,0.6438722610473633,0.7189617156982422,0.039428748190402985
458073,1775274324.7750285,0.7198760509490967,0.09665225446224213,0.2716793119907379,-0.26722392439842224,0.6551027297973633,0.7062490582466125,0.025380581617355347
458074,1775274324.7861395,0.7175559997558594,0.09692740440368652,0.26752156019210815,-0.275274395942688,0.6653152108192444,0.6938436031341553,0.01268166396766901
458075,1775274324.7972507,0.7156598567962646,0.09692046046257019,0.2636509835720062,-0.2834565043449402,0.6753230690956116,0.6808719635009766,-0.00216002413071692
458076,1775274324.8083618,0.7130935192108154,0.09708787500858307,0.25931984186172485,-0.2908397912979126,0.6853076815605164,0.6675006151199341,-0.014444681815803051
458077,1775274324.8194728,0.7108873128890991,0.09722302109003067,0.2553051710128784,-0.29903319478034973,0.6948660016059875,0.6534501910209656,-0.02726258896291256
458078,1775274324.830584,0.7085004448890686,0.09747377038002014,0.2511509954929352,-0.3055245280265808,0.7046158313751221,0.6391740441322327,-0.04034782946109772
458079,1775274324.841695,0.7063987255096436,0.0975930467247963,0.24705740809440613,-0.31217774748802185,0.7138403058052063,0.6246441602706909,-0.05288456007838249
458080,1775274324.852806,0.7041256427764893,0.09779120981693268,0.24318927526474,-0.3180428147315979,0.7230632305145264,0.60964435338974,-0.06604734808206558
458081,1775274324.8639174,0.7018945813179016,0.09800731390714645,0.2389761060476303,-0.3247181177139282,0.7315744757652283,0.594380795955658,-0.07790055125951767
458082,1775274324.8750284,0.6998797655105591,0.09808683395385742,0.23453493416309357,-0.33094316720962524,0.739388644695282,0.5794017910957336,-0.08985988795757294
458083,1775274324.8861396,0.6976444721221924,0.09830906987190247,0.23035858571529388,-0.33600857853889465,0.7477319240570068,0.5636268258094788,-0.10158784687519073
458084,1775274324.8972507,0.6953936815261841,0.09852374345064163,0.2268694043159485,-0.3404938280582428,0.7558688521385193,0.5471510291099548,-0.11555105447769165
458085,1775274324.9083617,0.6930151581764221,0.09915608912706375,0.22233308851718903,-0.34390920400619507,0.76226407289505,0.5335221290588379,-0.12662577629089355
458086,1775274324.919473,0.6910033226013184,0.09934427589178085,0.21826379001140594,-0.3501291871070862,0.7688120603561401,0.5167980194091797,-0.1387718766927719
458087,1775274324.930584,0.6887527704238892,0.09977442771196365,0.2139955312013626,-0.3550975024700165,0.7760394811630249,0.4992050528526306,-0.14987650513648987
458088,1775274324.941695,0.686964750289917,0.09981787204742432,0.20988667011260986,-0.36044636368751526,0.7818132042884827,0.48213616013526917,-0.16245444118976593
458089,1775274324.9528062,0.685180127620697,0.10010960698127747,0.2056276649236679,-0.3649287819862366,0.7875936627388,0.4650125205516815,-0.17403042316436768
458090,1775274324.9639173,0.6830247044563293,0.10034900903701782,0.20138424634933472,-0.36953824758529663,0.7928180694580078,0.4480089545249939,-0.1848486363887787
458091,1775274324.9750285,0.6810135245323181,0.10087622702121735,0.1970365196466446,-0.37278178334236145,0.7984603643417358,0.4297732710838318,-0.19695137441158295
458092,1775274324.9861395,0.679123044013977,0.10103285312652588,0.19292645156383514,-0.3770163059234619,0.8028449416160583,0.4120805859565735,-0.20853808522224426
458093,1775274324.9972506,0.676902174949646,0.10140243172645569,0.1888284683227539,-0.37924760580062866,0.807729184627533,0.3943483829498291,-0.21962299942970276
458094,1775274325.0083618,0.674894392490387,0.10169998556375504,0.1845996379852295,-0.38276106119155884,0.8121892213821411,0.3748805522918701,-0.23088392615318298
458095,1775274325.0194728,0.6730915904045105,0.10205232352018356,0.18013536930084229,-0.385907918214798,0.8155010938644409,0.3573239743709564,-0.24156317114830017
458096,1775274325.0305839,0.6709015369415283,0.10263073444366455,0.1756456196308136,-0.38760119676589966,0.8195018172264099,0.338161826133728,-0.252643346786499
458097,1775274325.041695,0.6689836978912354,0.10301440954208374,0.17133945226669312,-0.39085301756858826,0.8221206068992615,0.3193805515766144,-0.26333972811698914
458098,1775274325.0528061,0.6671367883682251,0.10326627641916275,0.16707557439804077,-0.39339494705200195,0.8246488571166992,0.29978373646736145,-0.2744531035423279
458099,1775274325.0639174,0.6650570034980774,0.10366971045732498,0.16296060383319855,-0.3940789997577667,0.8274757266044617,0.2809506058692932,-0.28469735383987427
458100,1775274325.0750284,0.6631424427032471,0.10396112501621246,0.1583949327468872,-0.39660385251045227,0.8290262222290039,0.26165634393692017,-0.2948845326900482
458101,1775274325.0861394,0.6611894369125366,0.1043953076004982,0.15409182012081146,-0.39765921235084534,0.8304036855697632,0.24296501278877258,-0.3053932189941406
458102,1775274325.0972507,0.6595559120178223,0.10456521809101105,0.14915767312049866,-0.40237054228782654,0.830116331577301,0.22423459589481354,-0.3142032325267792
458103,1775274325.1083617,0.6571788191795349,0.10503066331148148,0.14493562281131744,-0.40118521451950073,0.831910252571106,0.20415471494197845,-0.3244943916797638
458104,1775274325.119473,0.6551871299743652,0.10560020804405212,0.14037197828292847,-0.4012947976589203,0.832653820514679,0.18476080894470215,-0.333936482667923
458105,1775274325.130584,0.6535277962684631,0.10558110475540161,0.13563522696495056,-0.4052477180957794,0.8310279846191406,0.16539709270000458,-0.34323564171791077
458106,1775274325.141695,0.651408851146698,0.10599607229232788,0.13121439516544342,-0.4037805497646332,0.8313001990318298,0.1456288993358612,-0.3531198501586914
458107,1775274325.1528063,0.6496127843856812,0.10641643404960632,0.1267509013414383,-0.4039049744606018,0.8305714726448059,0.12504401803016663,-0.362457811832428
458108,1775274325.1639173,0.6476541757583618,0.10668281465768814,0.12228289246559143,-0.4039912223815918,0.8293967843055725,0.1048644557595253,-0.3713431656360626
458109,1775274325.1750283,0.6457545757293701,0.10747167468070984,0.11790239065885544,-0.40184757113456726,0.8282371163368225,0.08401630818843842,-0.3814226984977722
458110,1775274325.1861396,0.6439749598503113,0.10762094706296921,0.11270404607057571,-0.40282368659973145,0.8261111378669739,0.06591273844242096,-0.3884960114955902
458111,1775274325.1972506,0.6417791247367859,0.10808135569095612,0.10829734057188034,-0.3999567925930023,0.8244242072105408,0.045045316219329834,-0.3979072868824005
458112,1775274325.2083619,0.6397944092750549,0.10842521488666534,0.1035880520939827,-0.3972044885158539,0.8222663998603821,0.02526702918112278,-0.4067777991294861
458113,1775274325.219473,0.6380773782730103,0.10867342352867126,0.09868967533111572,-0.39553818106651306,0.8191727995872498,0.005023161415010691,-0.41530755162239075
458114,1775274325.230584,0.6363187432289124,0.10906346142292023,0.09374415129423141,-0.3933730125427246,0.8160697817802429,-0.015457774512469769,-0.42314162850379944
458115,1775274325.2416952,0.6345565319061279,0.10930126905441284,0.08885150402784348,-0.3912571966648102,0.8117998242378235,-0.03585897758603096,-0.43198728561401367
458116,1775274325.2528062,0.6329010725021362,0.10962092131376266,0.08382745087146759,-0.3896583318710327,0.8079109191894531,-0.055606234818696976,-0.4385821521282196
458117,1775274325.2639172,0.6308396458625793,0.11048482358455658,0.07919973134994507,-0.3836112916469574,0.8037112355232239,-0.0756082609295845,-0.44852414727211
458118,1775274325.2750285,0.6297007203102112,0.11062180995941162,0.0739547535777092,-0.38255053758621216,0.7981933355331421,-0.09646216034889221,-0.45523348450660706
458119,1775274325.2861395,0.627863347530365,0.11121529340744019,0.06920362263917923,-0.3772645592689514,0.793289065361023,-0.11680383235216141,-0.4633798599243164
458120,1775274325.2972507,0.6262243390083313,0.11133351176977158,0.06420205533504486,-0.3733905851840973,0.7876660823822021,-0.13691741228103638,-0.47054776549339294
458121,1775274325.3083618,0.6243684887886047,0.1116238385438919,0.05923142284154892,-0.3682754635810852,0.7816652059555054,-0.1571287214756012,-0.47820839285850525
458122,1775274325.3194728,0.6228718161582947,0.11184454709291458,0.054072946310043335,-0.3631240427494049,0.7754530310630798,-0.17767348885536194,-0.4850212633609772
458123,1775274325.330584,0.6212528944015503,0.11207710206508636,0.048712801188230515,-0.35922250151634216,0.7683331966400146,-0.19795404374599457,-0.4913627803325653
458124,1775274325.341695,0.6194756627082825,0.11254622042179108,0.043398093432188034,-0.35359570384025574,0.7610456347465515,-0.2181190848350525,-0.49820056557655334
458125,1775274325.352806,0.6178036332130432,0.11280223727226257,0.03828578442335129,-0.34798893332481384,0.7538144588470459,-0.2378178834915161,-0.5040934085845947
458126,1775274325.3639174,0.6160787343978882,0.11315502226352692,0.032872699201107025,-0.34150293469429016,0.7462525367736816,-0.2579471170902252,-0.5098491907119751
458127,1775274325.3750284,0.6142861843109131,0.11343930661678314,0.02773769572377205,-0.3351733386516571,0.737717866897583,-0.27769026160240173,-0.5160613059997559
458128,1775274325.3861396,0.6126242280006409,0.113515704870224,0.022339794784784317,-0.32874056696891785,0.7289748191833496,-0.2980327308177948,-0.5212503671646118
458129,1775274325.3972507,0.6108536720275879,0.11368760466575623,0.017054224386811256,-0.32197174429893494,0.7196274995803833,-0.31754010915756226,-0.5269142985343933
458130,1775274325.4083617,0.6086499691009521,0.11407097429037094,0.011732051149010658,-0.31441500782966614,0.7105302214622498,-0.33570122718811035,-0.5325362086296082
458131,1775274325.419473,0.6069944500923157,0.11436325311660767,0.006312370765954256,-0.3076778054237366,0.7002689242362976,-0.3556164503097534,-0.537117063999176
458132,1775274325.430584,0.6053243279457092,0.11452201008796692,0.0011982610449194908,-0.30018776655197144,0.6886335015296936,-0.3769489824771881,-0.541830837726593
458133,1775274325.441695,0.6035419702529907,0.1145867183804512,-0.004260603804141283,-0.2919553518295288,0.677602231502533,-0.39691829681396484,-0.5459609031677246
458134,1775274325.4528062,0.6020404696464539,0.11469971388578415,-0.009416026063263416,-0.2849707007408142,0.6662536859512329,-0.415751576423645,-0.5495893955230713
458135,1775274325.4639173,0.6003201007843018,0.1150737851858139,-0.015001291409134865,-0.27631676197052,0.6556355357170105,-0.4323676526546478,-0.5539397597312927
458136,1775274325.4750285,0.598719596862793,0.11498118937015533,-0.02061561867594719,-0.2684675455093384,0.6432389616966248,-0.45015713572502136,-0.5581464767456055
458137,1775274325.4861395,0.5973132252693176,0.11477172374725342,-0.02640949934720993,-0.2602319121360779,0.6313819885253906,-0.4685227572917938,-0.5604663491249084
458138,1775274325.4972506,0.5958257913589478,0.11478977650403976,-0.0318843312561512,-0.2509925961494446,0.6183039546012878,-0.48695656657218933,-0.5635390281677246
458139,1775274325.5083618,0.5943599939346313,0.11493092775344849,-0.037223342806100845,-0.2416711449623108,0.6053565144538879,-0.5041332840919495,-0.5665581822395325
458140,1775274325.5194728,0.5932134985923767,0.1147175282239914,-0.043442726135253906,-0.2344657927751541,0.5935031771659851,-0.5215069651603699,-0.5664011836051941
458141,1775274325.5305839,0.5913940668106079,0.11487830430269241,-0.04875178262591362,-0.22333967685699463,0.578909695148468,-0.5378674268722534,-0.5706851482391357
458142,1775274325.541695,0.5901184678077698,0.11490524560213089,-0.054365433752536774,-0.2140798717737198,0.5645646452903748,-0.5545421838760376,-0.5726426243782043
458143,1775274325.5528061,0.5884888768196106,0.11469529569149017,-0.05978471785783768,-0.20261690020561218,0.5491154193878174,-0.5716571807861328,-0.5750014781951904
458144,1775274325.5639174,0.5871636867523193,0.11437986046075821,-0.06556914746761322,-0.19345417618751526,0.5346562266349792,-0.587345540523529,-0.5759716629981995
458145,1775274325.5750284,0.5857190489768982,0.11408787965774536,-0.07138770818710327,-0.18356852233409882,0.51988285779953,-0.6024305820465088,-0.5771497488021851
458146,1775274325.5861394,0.5844845175743103,0.11362182348966599,-0.07712775468826294,-0.17274940013885498,0.5038049221038818,-0.6186318397521973,-0.577609658241272
458147,1775274325.5972507,0.5830134749412537,0.11369048058986664,-0.08257802575826645,-0.16040033102035522,0.48648056387901306,-0.6345027089118958,-0.5788045525550842
458148,1775274325.6083617,0.5817459225654602,0.11321327835321426,-0.08854705095291138,-0.14995905756950378,0.47021666169166565,-0.6486316323280334,-0.5793837904930115
458149,1775274325.619473,0.5807458758354187,0.113064706325531,-0.09416869282722473,-0.13891004025936127,0.4539095461368561,-0.6624447703361511,-0.5795145034790039
458150,1775274325.630584,0.5793907642364502,0.1127258911728859,-0.10011165589094162,-0.12693433463573456,0.4368784725666046,-0.6762650609016418,-0.5793879628181458
458151,1775274325.641695,0.5782080292701721,0.1121070384979248,-0.10591023415327072,-0.11474737524986267,0.4186553955078125,-0.6901344656944275,-0.5790295600891113
458152,1775274325.6528063,0.5770208239555359,0.11152195185422897,-0.11168466508388519,-0.10262731462717056,0.4009566307067871,-0.7025438547134399,-0.578907310962677
458153,1775274325.6639173,0.5760425329208374,0.11118990927934647,-0.11790657043457031,-0.09074211865663528,0.38353174924850464,-0.7146885395050049,-0.5778319239616394
458154,1775274325.6750283,0.5749959945678711,0.11105897277593613,-0.12380632758140564,-0.0772724449634552,0.3648354411125183,-0.7260584235191345,-0.5777224898338318
458155,1775274325.6861396,0.5743802785873413,0.11081680655479431,-0.1296331137418747,-0.06550823897123337,0.3462218940258026,-0.7380220293998718,-0.5754673480987549
458156,1775274325.6972506,0.5734484195709229,0.11071892082691193,-0.1356353461742401,-0.05180518329143524,0.3275871276855469,-0.7482801079750061,-0.574525773525238
458157,1775274325.7083619,0.5726926326751709,0.11039146035909653,-0.1414671540260315,-0.038608334958553314,0.3076559007167816,-0.7581875920295715,-0.5735929608345032
458158,1775274325.719473,0.5717292428016663,0.11013971269130707,-0.1473550945520401,-0.025810837745666504,0.2886428236961365,-0.7668575048446655,-0.5726679563522339
458159,1775274325.730584,0.5710816979408264,0.10966037213802338,-0.1530405879020691,-0.012647248804569244,0.26810500025749207,-0.7761965990066528,-0.570507287979126
458160,1775274325.7416952,0.5704116821289062,0.10919582843780518,-0.15905258059501648,0.001565983286127448,0.24720825254917145,-0.7843470573425293,-0.5689335465431213
458161,1775274325.7528062,0.5697120428085327,0.10881522297859192,-0.16494368016719818,0.01574750803411007,0.22691631317138672,-0.7919515371322632,-0.5666337013244629
458162,1775274325.7639172,0.5689667463302612,0.10847962647676468,-0.17067202925682068,0.029575007036328316,0.2063327431678772,-0.7982478141784668,-0.5651128888130188
458163,1775274325.7750285,0.5685079097747803,0.10794222354888916,-0.17638641595840454,0.04311532899737358,0.18542253971099854,-0.804935097694397,-0.5619957447052002
458164,1775274325.7861395,0.5682500600814819,0.10749473422765732,-0.18225911259651184,0.055529192090034485,0.16429804265499115,-0.8110669255256653,-0.5586529970169067
458165,1775274325.7972507,0.5675481557846069,0.10724543035030365,-0.18817535042762756,0.06981433928012848,0.14338162541389465,-0.815890908241272,-0.5557785034179688
458166,1775274325.8083618,0.5671964883804321,0.1069374680519104,-0.19402611255645752,0.08391726762056351,0.12249202281236649,-0.8205394148826599,-0.5519680976867676
458167,1775274325.8194728,0.5667827129364014,0.10658029466867447,-0.20002251863479614,0.09704867750406265,0.10248906910419464,-0.8235331177711487,-0.5494276881217957
458168,1775274325.830584,0.5666261911392212,0.10626666247844696,-0.20582404732704163,0.11058620363473892,0.08155134320259094,-0.8274728655815125,-0.5444344878196716
458169,1775274325.841695,0.566295325756073,0.10595760494470596,-0.21163427829742432,0.12443020939826965,0.059374336153268814,-0.8297860026359558,-0.5407838821411133
458170,1775274325.852806,0.5661283731460571,0.10558245331048965,-0.21709594130516052,0.13695712387561798,0.03816788271069527,-0.8313917517662048,-0.5371907353401184
458171,1775274325.8639174,0.5661230087280273,0.10526231676340103,-0.2228061556816101,0.15111863613128662,0.016715774312615395,-0.8323307037353516,-0.5330191850662231
458172,1775274325.8750284,0.566010594367981,0.10485991090536118,-0.2285301834344864,0.16421695053577423,-0.00374151230789721,-0.8327018022537231,-0.5287972092628479
458173,1775274325.8861396,0.5662026405334473,0.10424365848302841,-0.23398521542549133,0.17802539467811584,-0.025907985866069794,-0.8327046632766724,-0.523678183555603
458174,1775274325.8972507,0.5661768317222595,0.10409946739673615,-0.2396116703748703,0.1902996301651001,-0.04666176065802574,-0.8314512372016907,-0.5199014544487
458175,1775274325.9083617,0.5661716461181641,0.10394986718893051,-0.24503785371780396,0.2038363814353943,-0.06841768324375153,-0.8298282027244568,-0.5149320363998413
458176,1775274325.919473,0.5664335489273071,0.1035289615392685,-0.25056999921798706,0.2165965884923935,-0.08927778899669647,-0.8286203145980835,-0.5084327459335327
458177,1775274325.930584,0.5665781497955322,0.10354418307542801,-0.25607830286026,0.2287004142999649,-0.10948659479618073,-0.8255548477172852,-0.5041509866714478
458178,1775274325.941695,0.5666239857673645,0.103516586124897,-0.26154109835624695,0.2395252138376236,-0.12852562963962555,-0.823304295539856,-0.49827614426612854
458179,1775274325.9528062,0.5663493871688843,0.10359665751457214,-0.26696595549583435,0.24985936284065247,-0.147384375333786,-0.8189052939414978,-0.4952194094657898
458180,1775274325.9639173,0.5663373470306396,0.10371430218219757,-0.2722052037715912,0.26138660311698914,-0.1670711636543274,-0.8143899440765381,-0.4904419183731079
458181,1775274325.9750285,0.5667538046836853,0.10325978696346283,-0.27771517634391785,0.2735533118247986,-0.18608371913433075,-0.8098353147506714,-0.484467089176178
458182,1775274325.9861395,0.5666413903236389,0.10317587852478027,-0.2826094329357147,0.28448888659477234,-0.20715664327144623,-0.8040602803230286,-0.47920694947242737
458183,1775274325.9972506,0.566614031791687,0.10296572744846344,-0.2875595986843109,0.29488620162010193,-0.22710491716861725,-0.7976086139678955,-0.4746430516242981
458184,1775274326.0083618,0.5671776533126831,0.10244938731193542,-0.2925489544868469,0.30566051602363586,-0.24561883509159088,-0.791824460029602,-0.4682489335536957
458185,1775274326.0194728,0.5677325129508972,0.10206829011440277,-0.2976433038711548,0.31691858172416687,-0.2646884024143219,-0.7853103280067444,-0.46129220724105835
458186,1775274326.0305839,0.5679728388786316,0.10181434452533722,-0.3028441071510315,0.32721367478370667,-0.2832094132900238,-0.7776288986206055,-0.45608872175216675
458187,1775274326.041695,0.5682256817817688,0.10163936764001846,-0.30711135268211365,0.3377789556980133,-0.30402806401252747,-0.7692317962646484,-0.44917136430740356
458188,1775274326.0528061,0.5687596797943115,0.10149235278367996,-0.3122239410877228,0.3464992940425873,-0.321305513381958,-0.7621991634368896,-0.44244033098220825
458189,1775274326.0639174,0.5690528154373169,0.10116551071405411,-0.31717395782470703,0.35549086332321167,-0.33908480405807495,-0.7535930871963501,-0.436743825674057
458190,1775274326.0750284,0.5695828795433044,0.10109356045722961,-0.32217735052108765,0.3648430407047272,-0.3564748167991638,-0.7451411485671997,-0.42962780594825745
458191,1775274326.0861394,0.5702517628669739,0.10095204412937164,-0.326903760433197,0.3730967938899994,-0.37398648262023926,-0.7364096641540527,-0.42265084385871887
458192,1775274326.0972507,0.570776641368866,0.10085226595401764,-0.3314230442047119,0.3817177712917328,-0.39204642176628113,-0.7266913056373596,-0.41534432768821716
458193,1775274326.1083617,0.5711191296577454,0.10068100690841675,-0.3360326886177063,0.38915467262268066,-0.4097193777561188,-0.7167253494262695,-0.40864837169647217
458194,1775274326.119473,0.5717138051986694,0.10061192512512207,-0.3407283425331116,0.39681050181388855,-0.4262496829032898,-0.7064490914344788,-0.4022219181060791
458195,1775274326.130584,0.5723553895950317,0.10060065984725952,-0.34554269909858704,0.4054478108882904,-0.4414327144622803,-0.6960249543190002,-0.3953460454940796
458196,1775274326.141695,0.5729334354400635,0.10063935816287994,-0.3502422571182251,0.4119764566421509,-0.4578970968723297,-0.6847206354141235,-0.3895682394504547
458197,1775274326.1528063,0.5736944079399109,0.1004750058054924,-0.3548426926136017,0.41947951912879944,-0.4729034900665283,-0.6741229891777039,-0.38204383850097656
458198,1775274326.1639173,0.5746263861656189,0.10059688985347748,-0.3594856560230255,0.4253217875957489,-0.4881245195865631,-0.6628724336624146,-0.3760799169540405
458199,1775274326.1750283,0.5753399133682251,0.10074102133512497,-0.3639039993286133,0.43099260330200195,-0.5030263066291809,-0.6517873406410217,-0.3693011403083801
458200,1775274326.1861396,0.5761405229568481,0.10072959959506989,-0.3683710992336273,0.43567466735839844,-0.5179018974304199,-0.6404054760932922,-0.36310625076293945
458201,1775274326.1972506,0.5768613219261169,0.10032259672880173,-0.37275081872940063,0.4411173462867737,-0.5319666862487793,-0.6286729574203491,-0.35664746165275574
458202,1775274326.2083619,0.5785989165306091,0.10069628804922104,-0.37682485580444336,0.4467514455318451,-0.5469216704368591,-0.6142311692237854,-0.3521505296230316
458203,1775274326.219473,0.6119922995567322,0.09774483740329742,-0.36600279808044434,0.5054740905761719,-0.5322319865226746,-0.5544641017913818,-0.3921666443347931
458204,1775274326.230584,0.6482093930244446,0.10764314234256744,-0.3510337769985199,0.5204352140426636,-0.5154523849487305,-0.48741498589515686,-0.4752712547779083
458205,1775274326.2416952,0.6845924854278564,0.11778256297111511,-0.3335059881210327,0.5181134939193726,-0.4971282184123993,-0.4207998216152191,-0.5543912649154663
458206,1775274326.2528062,0.7231600284576416,0.12195128947496414,-0.3132276237010956,0.5175424814224243,-0.468990683555603,-0.3617384433746338,-0.6175296306610107
458207,1775274326.2639172,0.7627761363983154,0.12184126675128937,-0.2894313633441925,0.5194388628005981,-0.43887943029403687,-0.308455228805542,-0.6651492118835449
458208,1775274326.2750285,0.802871823310852,0.12119833379983902,-0.2658330798149109,0.5129586458206177,-0.40651026368141174,-0.25164416432380676,-0.7129502296447754
458209,1775274326.2861395,0.8428299427032471,0.11807277053594589,-0.2397332489490509,0.5070399641990662,-0.3726966977119446,-0.1985444724559784,-0.7513905167579651
458210,1775274326.2972507,0.8823227882385254,0.11356177926063538,-0.21319377422332764,0.4960225522518158,-0.3386542499065399,-0.13906660676002502,-0.7873597741127014
458211,1775274326.3083618,0.9175775051116943,0.1161685511469841,-0.1874590665102005,0.45404911041259766,-0.3203466534614563,-0.06845416873693466,-0.8285720348358154
458212,1775274326.3194728,0.9488130807876587,0.1180453896522522,-0.15850397944450378,0.4077930152416229,-0.31912246346473694,0.007244965527206659,-0.8554608821868896
458213,1775274326.330584,0.97800213098526,0.11855101585388184,-0.12952399253845215,0.35176077485084534,-0.32047906517982483,0.08863865584135056,-0.8750433325767517
458214,1775274326.341695,1.007830262184143,0.11758562922477722,-0.10008876025676727,0.29510462284088135,-0.3148273825645447,0.16324371099472046,-0.887213945388794
458215,1775274326.352806,1.0365813970565796,0.11450955271720886,-0.0704626813530922,0.2336777001619339,-0.3087460994720459,0.2388932853937149,-0.890505850315094
458216,1775274326.3639174,1.0644739866256714,0.11183304339647293,-0.04191959649324417,0.16227446496486664,-0.3013682961463928,0.31076276302337646,-0.8867190480232239
458217,1775274326.3750284,1.090631365776062,0.10897264629602432,-0.014034377411007881,0.07975251972675323,-0.29461854696273804,0.3793933689594269,-0.8734415769577026
458218,1775274326.3861396,1.1160435676574707,0.10444612801074982,0.013175591826438904,-0.007416631560772657,-0.285407692193985,0.4429223835468292,-0.8498867154121399
458219,1775274326.3972507,1.140372395515442,0.09990675002336502,0.03915613889694214,-0.09901793301105499,-0.2734282612800598,0.5014944672584534,-0.8148224949836731
458220,1775274326.4083617,1.1633002758026123,0.0955595076084137,0.06381075084209442,-0.19558055698871613,-0.2634690999984741,0.5506765246391296,-0.7675204873085022
458221,1775274326.419473,1.1849666833877563,0.09119946509599686,0.08653125166893005,-0.29415249824523926,-0.251804381608963,0.5913413763046265,-0.7073783874511719
458222,1775274326.430584,1.2051072120666504,0.0861542820930481,0.10734628140926361,-0.39403384923934937,-0.23892052471637726,0.623297393321991,-0.6317868828773499
458223,1775274326.441695,1.2239052057266235,0.08226905763149261,0.12643727660179138,-0.4900665879249573,-0.22451914846897125,0.6450848579406738,-0.5415639877319336
458224,1775274326.4528062,1.2414493560791016,0.07909645140171051,0.14379766583442688,-0.5782971382141113,-0.21001465618610382,0.6549957990646362,-0.43868768215179443
458225,1775274326.4639173,1.2604193687438965,0.07647193968296051,0.16111432015895844,-0.6559116840362549,-0.18961867690086365,0.6514661312103271,-0.3307816684246063
458226,1775274326.4750285,1.2782342433929443,0.07610687613487244,0.17596586048603058,-0.7233330607414246,-0.16897925734519958,0.6358475685119629,-0.20960263907909393
458227,1775274326.4861395,1.2965874671936035,0.0776476114988327,0.1907666027545929,-0.7758983969688416,-0.1463279277086258,0.6077123880386353,-0.0851796567440033
458228,1775274326.4972506,1.315550446510315,0.07935626804828644,0.20666566491127014,-0.8115917444229126,-0.11836754530668259,0.5709713697433472,0.03605155274271965
458229,1775274326.5083618,1.3351041078567505,0.08152687549591064,0.2224247306585312,-0.832494854927063,-0.08779287338256836,0.5228780508041382,0.1607590615749359
458230,1775274326.5194728,1.3546068668365479,0.08514423668384552,0.23911961913108826,-0.8355104923248291,-0.053194623440504074,0.46772295236587524,0.28342148661613464
458231,1775274326.5305839,1.3762909173965454,0.09143146872520447,0.25638291239738464,-0.8231545090675354,-0.021446747705340385,0.40114107728004456,0.40130099654197693
458232,1775274326.541695,1.3986283540725708,0.09725305438041687,0.2745230197906494,-0.7947553396224976,0.01306985691189766,0.32750001549720764,0.5108200311660767
458233,1775274326.5528061,1.4227733612060547,0.10189221054315567,0.29407286643981934,-0.7507733106613159,0.0432589165866375,0.25082942843437195,0.6095512509346008
458234,1775274326.5639174,1.4473739862442017,0.10664985328912735,0.31440240144729614,-0.692626416683197,0.07363061606884003,0.16748401522636414,0.6977079510688782
458235,1775274326.5750284,1.472597360610962,0.11190494894981384,0.33560651540756226,-0.6191132664680481,0.1023826003074646,0.08247334510087967,0.7742187976837158
458236,1775274326.5861394,1.4976859092712402,0.11470998823642731,0.35813483595848083,-0.5350205302238464,0.13264548778533936,-0.0051890779286623,0.8343448638916016
458237,1775274326.5972507,1.5230454206466675,0.11524173617362976,0.3814410865306854,-0.4413851499557495,0.15716467797756195,-0.09305325150489807,0.8785327076911926
458238,1775274326.6083617,1.5483975410461426,0.1159764900803566,0.4048736095428467,-0.3381626605987549,0.17951266467571259,-0.17614135146141052,0.9068602919578552
458239,1775274326.619473,1.573415994644165,0.11575862020254135,0.42836594581604004,-0.2313275784254074,0.1953272521495819,-0.2567670941352844,0.9178265929222107
458240,1775274326.630584,1.5977613925933838,0.11280175298452377,0.4516107141971588,-0.11854419857263565,0.20774078369140625,-0.33083173632621765,0.9128753542900085
458241,1775274326.641695,1.6205203533172607,0.10753537714481354,0.47469276189804077,-0.0045363386161625385,0.21621830761432648,-0.4017576277256012,0.8898426294326782
458242,1775274326.6528063,1.6425225734710693,0.10314862430095673,0.49664008617401123,0.11016688495874405,0.2208302766084671,-0.46514490246772766,0.8501396775245667
458243,1775274326.6639173,1.663415551185608,0.09844639897346497,0.5179592967033386,0.22157156467437744,0.2203696221113205,-0.5180040001869202,0.7962507605552673
458244,1775274326.6750283,1.68333101272583,0.09297744929790497,0.5383366942405701,0.3272932171821594,0.21600277721881866,-0.5616090893745422,0.7285720705986023
458245,1775274326.6861396,1.7019680738449097,0.087778240442276,0.5573135614395142,0.42885905504226685,0.20851220190525055,-0.5954104065895081,0.6465980410575867
458246,1775274326.6972506,1.7199784517288208,0.08411545306444168,0.5748241543769836,0.5225428938865662,0.1975305825471878,-0.6168389916419983,0.5544729828834534
458247,1775274326.7083619,1.7372972965240479,0.08057248592376709,0.5918880701065063,0.6055235266685486,0.18227346241474152,-0.6296465396881104,0.4512903392314911
458248,1775274326.719473,1.754396677017212,0.07713592052459717,0.6083799600601196,0.6769701242446899,0.162203848361969,-0.631119966506958,0.3421826958656311
458249,1775274326.730584,1.7713521718978882,0.07678557932376862,0.6232181191444397,0.7376201748847961,0.1431625783443451,-0.6209123730659485,0.22335810959339142
458250,1775274326.7416952,1.788101077079773,0.07866796106100082,0.6380978226661682,0.7841805815696716,0.11905615776777267,-0.6006296277046204,0.10065092891454697
458251,1775274326.7528062,1.8055733442306519,0.0811389833688736,0.6536870002746582,0.8148161172866821,0.09357667714357376,-0.5717300772666931,-0.021046463400125504
458252,1775274326.7639172,1.824118733406067,0.08353151381015778,0.6695218086242676,0.831766664981842,0.0659540444612503,-0.5324711799621582,-0.14243851602077484
458253,1775274326.7750285,1.8426371812820435,0.08664004504680634,0.6850870251655579,0.8331308364868164,0.03580053150653839,-0.48377689719200134,-0.26565244793891907
458254,1775274326.7861395,1.8624086380004883,0.09095694869756699,0.701931357383728,0.8189106583595276,0.004834179766476154,-0.4265143871307373,-0.3839891850948334
458255,1775274326.7972507,1.8840484619140625,0.09814386814832687,0.7196853160858154,0.7898112535476685,-0.02342882752418518,-0.36277252435684204,-0.49400949478149414
458256,1775274326.8083618,1.9065457582473755,0.10416889190673828,0.738653302192688,0.7460097074508667,-0.051682136952877045,-0.2937537133693695,-0.595405101776123
458257,1775274326.8194728,1.929864764213562,0.10873405635356903,0.7588328719139099,0.6875699758529663,-0.07968667149543762,-0.21846313774585724,-0.6878746747970581
458258,1775274326.830584,1.9538028240203857,0.11347563564777374,0.779887855052948,0.6162807941436768,-0.10656756162643433,-0.14088097214698792,-0.7674593925476074
458259,1775274326.841695,1.9783564805984497,0.11862938106060028,0.8022980093955994,0.5349643230438232,-0.1312216967344284,-0.06022903323173523,-0.8324461579322815
458260,1775274326.852806,2.003220319747925,0.12132193893194199,0.8254913091659546,0.4447705149650574,-0.1536710411310196,0.019224338233470917,-0.8821535706520081
458261,1775274326.8639174,2.027845621109009,0.1213374063372612,0.8489492535591125,0.3434464633464813,-0.1731976419687271,0.10139146447181702,-0.9174785614013672
458262,1775274326.8750284,2.0521793365478516,0.12076331675052643,0.872765839099884,0.23803655803203583,-0.18900661170482635,0.17874515056610107,-0.9357699751853943
458263,1775274326.8861396,2.076241970062256,0.11959429085254669,0.8965592980384827,0.1286531686782837,-0.19935929775238037,0.25248727202415466,-0.9380589127540588
458264,1775274326.8972507,2.099210262298584,0.11617887765169144,0.9202153086662292,0.01998903788626194,-0.20514795184135437,0.3226938545703888,-0.9237876534461975
458265,1775274326.9083617,2.1212353706359863,0.11048813164234161,0.9426436424255371,-0.0936250388622284,-0.2106834053993225,0.38649895787239075,-0.8930093050003052
458266,1775274326.919473,2.1420605182647705,0.10480941832065582,0.9643976092338562,-0.20398619771003723,-0.2104812115430832,0.4436286985874176,-0.8469244837760925
458267,1775274326.930584,2.1618621349334717,0.09999644011259079,0.9855970144271851,-0.30737969279289246,-0.2063363492488861,0.4928418695926666,-0.7874324917793274
458268,1775274326.941695,2.1803441047668457,0.09413345158100128,1.0053637027740479,-0.40707990527153015,-0.19918221235275269,0.533206045627594,-0.7143555283546448
458269,1775274326.9528062,2.1977570056915283,0.0881294533610344,1.0236338376998901,-0.5014317631721497,-0.18804650008678436,0.5652720928192139,-0.6274329423904419
458270,1775274326.9639173,2.213992118835449,0.08380715548992157,1.0415221452713013,-0.5848435759544373,-0.17245875298976898,0.5875839591026306,-0.5319408178329468
458271,1775274326.9750285,2.2303454875946045,0.08030027896165848,1.0580378770828247,-0.6588297486305237,-0.15543586015701294,0.5984569191932678,-0.4285234808921814
458272,1775274326.9861395,2.2461016178131104,0.07698480039834976,1.0742274522781372,-0.7209873199462891,-0.13454394042491913,0.601290225982666,-0.31705716252326965
458273,1775274326.9972506,2.2617368698120117,0.07608750462532043,1.0894964933395386,-0.7707340717315674,-0.11344587802886963,0.5940837860107422,-0.2004086673259735
458274,1775274327.0083618,2.2768781185150146,0.07783137261867523,1.1042709350585938,-0.8068563342094421,-0.08895356208086014,0.5789514183998108,-0.07671613246202469
458275,1775274327.0194728,2.2941811084747314,0.08014729619026184,1.1188452243804932,-0.8307918906211853,-0.0672755315899849,0.5506912469863892,0.04469869285821915
458276,1775274327.0305839,2.3115437030792236,0.08254244178533554,1.1347570419311523,-0.8399595618247986,-0.040696121752262115,0.5156720876693726,0.16399459540843964
458277,1775274327.041695,2.3293213844299316,0.08600176125764847,1.1506891250610352,-0.8334949612617493,-0.013110942207276821,0.4733048379421234,0.2847750186920166
458278,1775274327.0528061,2.348132371902466,0.09226858615875244,1.1677069664001465,-0.8130442500114441,0.013332955539226532,0.4232724606990814,0.39952701330184937
458279,1775274327.0639174,2.3684842586517334,0.09948112815618515,1.1860053539276123,-0.7781013250350952,0.039536260068416595,0.36731261014938354,0.5080124139785767
458280,1775274327.0750284,2.3893651962280273,0.10540397465229034,1.205223560333252,-0.7287802696228027,0.06590194255113602,0.3070170283317566,0.6085037589073181
458281,1775274327.0861394,2.4116814136505127,0.10995297133922577,1.2253074645996094,-0.6672763824462891,0.08989622443914413,0.23782774806022644,0.7000706195831299
458282,1775274327.0972507,2.4343366622924805,0.11269877105951309,1.2471275329589844,-0.5947306752204895,0.11439305543899536,0.16597482562065125,0.778242826461792
458283,1775274327.1083617,2.457773447036743,0.11760574579238892,1.2697888612747192,-0.5100044012069702,0.1368972510099411,0.09347900003194809,0.8440477252006531
458284,1775274327.119473,2.48150634765625,0.12128128111362457,1.2934924364089966,-0.4194188714027405,0.1563076227903366,0.020616158843040466,0.8939971327781677
458285,1775274327.130584,2.505500316619873,0.12253917753696442,1.3178129196166992,-0.3201848566532135,0.17101049423217773,-0.05405037850141525,0.9302234649658203
458286,1775274327.141695,2.52901291847229,0.12113777548074722,1.3419253826141357,-0.2139420360326767,0.1833270937204361,-0.127731055021286,0.9509494304656982
458287,1775274327.1528063,2.5524277687072754,0.11830681562423706,1.3665131330490112,-0.10656552016735077,0.19297492504119873,-0.1976337730884552,0.9551677107810974
458288,1775274327.1639173,2.574450969696045,0.11520782113075256,1.390581488609314,0.002348087029531598,0.19829951226711273,-0.2668984830379486,0.9430997371673584
458289,1775274327.1750283,2.5958404541015625,0.11024215817451477,1.4138996601104736,0.11229565739631653,0.20085488259792328,-0.3294411897659302,0.9157049655914307
458290,1775274327.1861396,2.616381883621216,0.10486480593681335,1.4365708827972412,0.21987229585647583,0.1985168755054474,-0.38485491275787354,0.8741475939750671
458291,1775274327.1972506,2.6358413696289062,0.09926372766494751,1.458315372467041,0.3211120069026947,0.19327807426452637,-0.4348357915878296,0.8188092708587646
458292,1775274327.2083619,2.6538188457489014,0.0928303599357605,1.4787201881408691,0.4201403856277466,0.18532678484916687,-0.47815269231796265,0.7486696243286133
458293,1775274327.219473,2.6710257530212402,0.08744961768388748,1.4975250959396362,0.5116047859191895,0.1756473034620285,-0.5114032626152039,0.6677389740943909
458294,1775274327.230584,2.6869943141937256,0.08325331658124924,1.5157665014266968,0.5938310027122498,0.16094692051410675,-0.5379294157028198,0.5762749910354614
458295,1775274327.2416952,2.7030551433563232,0.07856288552284241,1.533285140991211,0.6656588912010193,0.14309318363666534,-0.5544721484184265,0.47852200269699097
458296,1775274327.2528062,2.717391014099121,0.07420288026332855,1.5497881174087524,0.7259246706962585,0.1242055743932724,-0.5662903785705566,0.37002918124198914
458297,1775274327.2639172,2.732149362564087,0.07237648218870163,1.5644936561584473,0.7771919369697571,0.1049342080950737,-0.566009521484375,0.254154771566391
458298,1775274327.2750285,2.7471861839294434,0.07388556748628616,1.5797744989395142,0.8146180510520935,0.08258054405450821,-0.5573399066925049,0.137659952044487
458299,1775274327.2861395,2.7619082927703857,0.07619845867156982,1.594635009765625,0.839056134223938,0.059241458773612976,-0.54056715965271,0.016205184161663055
458300,1775274327.2972507,2.7773282527923584,0.07901173084974289,1.6094926595687866,0.849196195602417,0.03587251156568527,-0.5160151720046997,-0.10633692145347595
458301,1775274327.3083618,2.7933950424194336,0.08150024712085724,1.6255061626434326,0.844389021396637,0.010575005784630775,-0.4862533509731293,-0.22461801767349243
458302,1775274327.3194728,2.810793161392212,0.08565746247768402,1.6415624618530273,0.8265026211738586,-0.012120924890041351,-0.4460532069206238,-0.3431953191757202
458303,1775274327.330584,2.828652858734131,0.09338240325450897,1.659235954284668,0.7947396636009216,-0.037460919469594955,-0.39974257349967957,-0.45518288016319275
458304,1775274327.341695,2.847844362258911,0.10072609037160873,1.678108811378479,0.7500181198120117,-0.060637276619672775,-0.34935611486434937,-0.5583423972129822
458305,1775274327.352806,2.867952585220337,0.1067204624414444,1.69786536693573,0.6910097002983093,-0.08544593304395676,-0.29319584369659424,-0.6551646590232849
458306,1775274327.3639174,2.8890342712402344,0.11151210218667984,1.7197233438491821,0.6225656867027283,-0.1066427156329155,-0.23306037485599518,-0.7394066452980042
458307,1775274327.3750284,2.9108834266662598,0.11427877098321915,1.742262601852417,0.5452244281768799,-0.1285354644060135,-0.16675545275211334,-0.8114194869995117
458308,1775274327.3861396,2.9336907863616943,0.11793912202119827,1.7656716108322144,0.45717811584472656,-0.14426156878471375,-0.10135616362094879,-0.8717246055603027
458309,1775274327.3972507,2.9570698738098145,0.12173677980899811,1.7898662090301514,0.36287111043930054,-0.15931856632232666,-0.034296371042728424,-0.917478084564209
458310,1775274327.4083617,2.979600429534912,0.12326396256685257,1.8144505023956299,0.2586236298084259,-0.1738261729478836,0.0342913381755352,-0.9495907425880432
458311,1775274327.419473,3.0022830963134766,0.12200812995433807,1.8394957780838013,0.1554725617170334,-0.18408755958080292,0.10360550135374069,-0.9649901986122131
458312,1775274327.430584,3.0243632793426514,0.11980900913476944,1.8644561767578125,0.04757291078567505,-0.19039365649223328,0.17050661146640778,-0.9656161665916443
458313,1775274327.441695,3.0454318523406982,0.11654381453990936,1.8884992599487305,-0.06095496565103531,-0.1933853179216385,0.23491214215755463,-0.9506329894065857
458314,1775274327.4528062,3.066230297088623,0.11182047426700592,1.9118878841400146,-0.16788780689239502,-0.19492016732692719,0.2924964725971222,-0.9210134744644165
458315,1775274327.4639173,3.086266279220581,0.10719520598649979,1.9342122077941895,-0.2739819288253784,-0.19244953989982605,0.3421840965747833,-0.8779562711715698
458316,1775274327.4750285,3.1048057079315186,0.10164894163608551,1.95613431930542,-0.3723570704460144,-0.18535473942756653,0.3898833692073822,-0.8215745687484741
458317,1775274327.4861395,3.1220858097076416,0.09469474852085114,1.9766324758529663,-0.46527281403541565,-0.17529620230197906,0.4324823021888733,-0.7521644830703735
458318,1775274327.4972506,3.138094186782837,0.08919954299926758,1.995251178741455,-0.5521300435066223,-0.16474951803684235,0.4687090218067169,-0.6695684790611267
458319,1775274327.5083618,3.1538474559783936,0.08501461893320084,2.0135245323181152,-0.6293343901634216,-0.1490810364484787,0.49404191970825195,-0.5810642838478088
458320,1775274327.5194728,3.1684110164642334,0.08058798313140869,2.030611038208008,-0.6954161524772644,-0.131631001830101,0.5153130292892456,-0.4832412898540497
458321,1775274327.5305839,3.181978940963745,0.07654137909412384,2.0463898181915283,-0.7520728707313538,-0.11178698390722275,0.529781699180603,-0.37579450011253357
458322,1775274327.541695,3.196361541748047,0.07363560795783997,2.061727523803711,-0.797476589679718,-0.09366654604673386,0.5340832471847534,-0.2645990550518036
458323,1775274327.5528061,3.209645986557007,0.0750165656208992,2.076876163482666,-0.8298102617263794,-0.07170851528644562,0.5329206585884094,-0.14922602474689484
458324,1775274327.5639174,3.2238597869873047,0.07694832235574722,2.092132091522217,-0.8499584197998047,-0.04945764318108559,0.5234794020652771,-0.03307849541306496
458325,1775274327.5750284,3.2384562492370605,0.07954929769039154,2.107292413711548,-0.8580417633056641,-0.027351822704076767,0.5058664679527283,0.08435364812612534
458326,1775274327.5861394,3.25343918800354,0.0819663554430008,2.1230835914611816,-0.8537366986274719,-0.002675068797543645,0.4809456765651703,0.19954435527324677
458327,1775274327.5972507,3.269132614135742,0.0854812040925026,2.1388766765594482,-0.8355372548103333,0.02220885269343853,0.4487941563129425,0.31617727875709534
458328,1775274327.6083617,3.2848637104034424,0.09340141713619232,2.1560962200164795,-0.8029819130897522,0.04705352708697319,0.4111425280570984,0.4289146959781647
458329,1775274327.619473,3.3024497032165527,0.1021491289138794,2.173433542251587,-0.7572024464607239,0.06805798411369324,0.3658071458339691,0.5368404388427734
458330,1775274327.630584,3.321396827697754,0.10859159380197525,2.194281578063965,-0.7028331756591797,0.09025930613279343,0.32027682662010193,0.6287301778793335
458331,1775274327.641695,3.340894937515259,0.11420238018035889,2.214953899383545,-0.6363338232040405,0.10921435058116913,0.2702476680278778,0.7142252922058105
458332,1775274327.6528063,3.3615469932556152,0.1179557591676712,2.237016439437866,-0.5600961446762085,0.1275753378868103,0.21323834359645844,0.7902825474739075
458333,1775274327.6639173,3.382467031478882,0.11986134201288223,2.2595553398132324,-0.4724537134170532,0.14419767260551453,0.15185503661632538,0.8561160564422607
458334,1775274327.6750283,3.4039478302001953,0.12371446937322617,2.284010171890259,-0.38351675868034363,0.1603623777627945,0.09365525096654892,0.9046698212623596
458335,1775274327.6861396,3.4260594844818115,0.12817564606666565,2.3085834980010986,-0.28468191623687744,0.1723855882883072,0.03141159191727638,0.9424716234207153
458336,1775274327.6972506,3.4476397037506104,0.13041532039642334,2.3333725929260254,-0.1793428361415863,0.18262794613838196,-0.03304014727473259,0.9661219120025635
458337,1775274327.7083619,3.4692673683166504,0.12928470969200134,2.358128786087036,-0.07453282177448273,0.18783073127269745,-0.09407056123018265,0.9748411178588867
458338,1775274327.719473,3.4901604652404785,0.12582522630691528,2.382906198501587,0.029697157442569733,0.19037015736103058,-0.15301966667175293,0.9692586660385132
458339,1775274327.730584,3.5101304054260254,0.11925428360700607,2.4067065715789795,0.13729797303676605,0.19357959926128387,-0.21286359429359436,0.9478214383125305
458340,1775274327.7416952,3.5292246341705322,0.11288829147815704,2.429190158843994,0.24259446561336517,0.19105929136276245,-0.2675192058086395,0.9127310514450073
458341,1775274327.7528062,3.547135829925537,0.10960251092910767,2.451169967651367,0.3408336937427521,0.18539291620254517,-0.31915047764778137,0.8646414875984192
458342,1775274327.7639172,3.564578056335449,0.10560300946235657,2.472134590148926,0.43557554483413696,0.17806896567344666,-0.36084115505218506,0.8052075505256653
458343,1775274327.7750285,3.5808534622192383,0.10015427321195602,2.4920783042907715,0.5223233699798584,0.16705769300460815,-0.39923468232154846,0.7347665429115295
458344,1775274327.7861395,3.595581293106079,0.09296426177024841,2.5102622509002686,0.6028748154640198,0.15219636261463165,-0.4362548887729645,0.6504305601119995
458345,1775274327.7972507,3.6096179485321045,0.08626963943243027,2.527740478515625,0.6738409996032715,0.1376648247241974,-0.46241825819015503,0.5596036314964294
458346,1775274327.8083618,3.623509168624878,0.0801423192024231,2.544053077697754,0.7343077659606934,0.11758850514888763,-0.48287367820739746,0.46238312125205994
458347,1775274327.8194728,3.6325411796569824,0.0761125385761261,2.5556836128234863,0.7660524249076843,0.10839801281690598,-0.5029541254043579,0.38529324531555176
458348,1775274327.830584,3.6405105590820312,0.07527372241020203,2.562100648880005,0.7848701477050781,0.11231568455696106,-0.5011666417121887,0.3466929793357849
458349,1775274327.841695,3.636826515197754,0.07768642902374268,2.560708522796631,0.7629696130752563,0.12427797168493271,-0.5354109406471252,0.34024617075920105
458350,1775274327.852806,3.6342933177948,0.07436582446098328,2.556896209716797,0.7385173439979553,0.12634412944316864,-0.5707294940948486,0.3360017240047455
458351,1775274327.8639174,3.634221076965332,0.07414348423480988,2.55281662940979,0.7176691889762878,0.1274280995130539,-0.59344482421875,0.34137430787086487
458352,1775274327.8750284,3.6334431171417236,0.07442110776901245,2.5498204231262207,0.7068034410476685,0.12008728832006454,-0.6030985713005066,0.3496856391429901
458353,1775274327.8861396,3.6341898441314697,0.07389053702354431,2.5461244583129883,0.7018246650695801,0.10770990699529648,-0.6042539477348328,0.3615492582321167
458354,1775274327.8972507,3.6348583698272705,0.07355597615242004,2.542149782180786,0.6965027451515198,0.08890281617641449,-0.6037066578865051,0.3775161802768707
458355,1775274327.9083617,3.63492488861084,0.07334624230861664,2.5382184982299805,0.6902984380722046,0.0676359087228775,-0.6019123792648315,0.3957461714744568
458356,1775274327.919473,3.6343588829040527,0.07338596135377884,2.5344109535217285,0.6825982928276062,0.04722396656870842,-0.6001424193382263,0.41431713104248047
458357,1775274327.930584,3.63533091545105,0.0733339786529541,2.531435012817383,0.6791539192199707,0.029230430722236633,-0.5949655175209045,0.42884910106658936
458358,1775274327.941695,3.635125160217285,0.07345660030841827,2.5286195278167725,0.6722248792648315,0.012630896642804146,-0.5934097766876221,0.4425145983695984
458359,1775274327.9528062,3.6348230838775635,0.07384686172008514,2.5260369777679443,0.6660311818122864,-0.0035537825897336006,-0.5907534956932068,0.45541203022003174
458360,1775274327.9639173,3.6354620456695557,0.07427994906902313,2.5239102840423584,0.6621667742729187,-0.01594693213701248,-0.586264431476593,0.46644923090934753
458361,1775274327.9750285,3.6359331607818604,0.07506994903087616,2.521737813949585,0.6584792733192444,-0.027605649083852768,-0.5823950171470642,0.47587722539901733
458362,1775274327.9861395,3.636319398880005,0.07597185671329498,2.519719123840332,0.6545125246047974,-0.03825174272060394,-0.5799906253814697,0.48348841071128845
458363,1775274327.9972506,3.6365065574645996,0.07640735805034637,2.5176331996917725,0.649333655834198,-0.04984128847718239,-0.5777839422225952,0.49198320508003235
458364,1775274328.0083618,3.636456251144409,0.07618056237697601,2.515615224838257,0.6435284614562988,-0.060332976281642914,-0.5764697790145874,0.4999138116836548
458365,1775274328.0194728,3.6367135047912598,0.07640442997217178,2.5136358737945557,0.6389707326889038,-0.06995953619480133,-0.5745217204093933,0.5067019462585449
458366,1775274328.0305839,3.636509418487549,0.07681389898061752,2.5113141536712646,0.6323663592338562,-0.07946830987930298,-0.5750837326049805,0.5129096508026123
458367,1775274328.041695,3.636780261993408,0.07689690589904785,2.5091943740844727,0.6275495290756226,-0.08919703215360641,-0.572908341884613,0.5196167230606079
458368,1775274328.0528061,3.636932849884033,0.0769248902797699,2.5072529315948486,0.621433436870575,-0.09904301166534424,-0.5715641975402832,0.5266168713569641
458369,1775274328.0639174,3.6369078159332275,0.07740230858325958,2.5045599937438965,0.6156790256500244,-0.10676755756139755,-0.5706139802932739,0.5328599810600281
458370,1775274328.0750284,3.6371731758117676,0.07763200998306274,2.502899169921875,0.6100481152534485,-0.11701469123363495,-0.5682772397994995,0.5396386981010437
458371,1775274328.0861394,3.637484312057495,0.07791726291179657,2.500779867172241,0.6041619777679443,-0.12610945105552673,-0.5658981204032898,0.5466663241386414
458372,1775274328.0972507,3.6379506587982178,0.07831082493066788,2.4985902309417725,0.5987997055053711,-0.13556639850139618,-0.5631720423698425,0.5530804395675659
458373,1775274328.1083617,3.638418436050415,0.07869681715965271,2.4965014457702637,0.5925330519676208,-0.14468687772750854,-0.5608999133110046,0.5597870349884033
458374,1775274328.119473,3.638998508453369,0.07906268537044525,2.4943888187408447,0.5866675972938538,-0.15266914665699005,-0.5570796728134155,0.567605197429657
458375,1775274328.130584,3.6390163898468018,0.07950285077095032,2.492169141769409,0.5799345970153809,-0.16116857528686523,-0.5566068291664124,0.5726162791252136
458376,1775274328.141695,3.63915753364563,0.07972020655870438,2.489875078201294,0.5710605382919312,-0.16959083080291748,-0.554861307144165,0.5807390213012695
458377,1775274328.1528063,3.6392292976379395,0.080113485455513,2.487208366394043,0.5638958811759949,-0.1771356165409088,-0.5539113879203796,0.5863673686981201
458378,1775274328.1639173,3.6394150257110596,0.0802280381321907,2.485126256942749,0.5553586483001709,-0.18598207831382751,-0.5522240996360779,0.593326210975647
458379,1775274328.1750283,3.639671564102173,0.0807904526591301,2.4827065467834473,0.5490330457687378,-0.1936274915933609,-0.5508696436882019,0.5980080962181091
458380,1775274328.1861396,3.639620542526245,0.08118956536054611,2.480294704437256,0.541244387626648,-0.2025342732667923,-0.549112856388092,0.6037461757659912
458381,1775274328.1972506,3.6402461528778076,0.08152374625205994,2.477933645248413,0.5338540077209473,-0.2091016322374344,-0.5453653335571289,0.6114352345466614
458382,1775274328.2083619,3.6393699645996094,0.08218865096569061,2.4758248329162598,0.5238884091377258,-0.2181314080953598,-0.5466129779815674,0.6157709360122681
458383,1775274328.219473,3.6396617889404297,0.08247698098421097,2.4735803604125977,0.5152111053466797,-0.2255409061908722,-0.5439058542251587,0.6227802634239197
458384,1775274328.230584,3.6393399238586426,0.08312195539474487,2.470846652984619,0.5078379511833191,-0.2340598702430725,-0.5427307486534119,0.6267057061195374
458385,1775274328.2416952,3.6395668983459473,0.08366335928440094,2.468722343444824,0.4991667568683624,-0.2431665062904358,-0.5399097204208374,0.6326137185096741
458386,1775274328.2528062,3.6399848461151123,0.08400620520114899,2.4666171073913574,0.49015936255455017,-0.2513066828250885,-0.5354686379432678,0.640204668045044
458387,1775274328.2639172,3.639784336090088,0.08489543199539185,2.4640796184539795,0.48172324895858765,-0.25844576954841614,-0.5341991186141968,0.644809901714325
458388,1775274328.2750285,3.6402394771575928,0.0852729082107544,2.4614157676696777,0.4746381938457489,-0.2659948170185089,-0.5314387083053589,0.6492598056793213
458389,1775274328.2861395,3.640324354171753,0.08581948280334473,2.45906662940979,0.4660729467868805,-0.2718544602394104,-0.5279121398925781,0.6558811664581299
458390,1775274328.2972507,3.640277147293091,0.0864524096250534,2.4567229747772217,0.4570621848106384,-0.279641717672348,-0.5248080492019653,0.6614161133766174
458391,1775274328.3083618,3.6400909423828125,0.08722256124019623,2.454202651977539,0.44837918877601624,-0.2869515120983124,-0.5212787389755249,0.6669958829879761
458392,1775274328.3194728,3.640120267868042,0.08768151700496674,2.451965093612671,0.43857845664024353,-0.29373541474342346,-0.5180661082267761,0.6730348467826843
458393,1775274328.330584,3.6403210163116455,0.08838119357824326,2.4496192932128906,0.4303489327430725,-0.30064401030540466,-0.5150308609008789,0.6776106357574463
458394,1775274328.341695,3.640521287918091,0.08919164538383484,2.446903944015503,0.4227926433086395,-0.3095977008342743,-0.5089943408966064,0.6828765869140625
458395,1775274328.352806,3.640458822250366,0.08975867927074432,2.4445438385009766,0.4128192961215973,-0.31531697511672974,-0.5056242346763611,0.688839316368103
458396,1775274328.3639174,3.64080548286438,0.09059476852416992,2.442075729370117,0.40528666973114014,-0.32171422243118286,-0.5016669631004333,0.6932336688041687
458397,1775274328.3750284,3.640946388244629,0.09121296554803848,2.439502477645874,0.3946995139122009,-0.3277141749858856,-0.4978616237640381,0.699249267578125
458398,1775274328.3861396,3.641087770462036,0.09185127168893814,2.437148094177246,0.3862442076206207,-0.33540239930152893,-0.4932246208190918,0.7035979628562927
458399,1775274328.3972507,3.6409101486206055,0.09252505004405975,2.434385061264038,0.3766208589076996,-0.34184300899505615,-0.4894558787345886,0.7083311676979065
458400,1775274328.4083617,3.640857696533203,0.09346870332956314,2.4318268299102783,0.36710336804389954,-0.3483337163925171,-0.4865177869796753,0.7121791839599609
458401,1775274328.419473,3.6409494876861572,0.09409745037555695,2.429182529449463,0.358653724193573,-0.3553168475627899,-0.48147985339164734,0.716445803642273
458402,1775274328.430584,3.6408262252807617,0.09489448368549347,2.4266409873962402,0.34858426451683044,-0.3609781265258789,-0.478125661611557,0.7208187580108643
458403,1775274328.441695,3.640738010406494,0.09557297825813293,2.4241104125976562,0.33841973543167114,-0.36638474464416504,-0.473192036151886,0.7261704802513123
458404,1775274328.4528062,3.6409268379211426,0.09632092714309692,2.4213526248931885,0.32944291830062866,-0.3735058605670929,-0.4678308665752411,0.7301336526870728
458405,1775274328.4639173,3.640875816345215,0.0970737487077713,2.418766736984253,0.32013610005378723,-0.37880995869636536,-0.4630548655986786,0.7345721125602722
458406,1775274328.4750285,3.6408400535583496,0.0977555513381958,2.4162397384643555,0.3105595111846924,-0.38470906019210815,-0.45741406083106995,0.7391374111175537
458407,1775274328.4861395,3.641120195388794,0.09859868139028549,2.41377854347229,0.2999752461910248,-0.39122018218040466,-0.45094814896583557,0.7440480589866638
458408,1775274328.4972506,3.6410090923309326,0.09929249435663223,2.4112155437469482,0.2894655764102936,-0.3976512849330902,-0.44423413276672363,0.7488252520561218
458409,1775274328.5083618,3.64119553565979,0.10010561347007751,2.4088191986083984,0.2792736887931824,-0.402925968170166,-0.43857014179229736,0.753201961517334
458410,1775274328.5194728,3.641343355178833,0.10131731629371643,2.406101703643799,0.27072271704673767,-0.4097069799900055,-0.430873304605484,0.7570983171463013
458411,1775274328.5305839,3.6318228244781494,0.10358227044343948,2.405500888824463,0.27539587020874023,-0.4069862961769104,-0.3972146213054657,0.7750740647315979
458412,1775274328.541695,3.6243362426757812,0.10542409867048264,2.4053049087524414,0.27931588888168335,-0.4045148491859436,-0.3695072531700134,0.7885523438453674
458413,1775274328.5528061,3.6243362426757812,0.10542409867048264,2.4053049087524414,0.27931588888168335,-0.4045148491859436,-0.36950722336769104,0.7885523438453674
458414,1775274328.5639174,3.4875080585479736,0.1055222898721695,2.4081313610076904,0.28859126567840576,-0.5381405353546143,-0.4032835066318512,0.6815293431282043
458415,1775274328.5750284,3.443110466003418,0.10376118123531342,2.4096031188964844,0.292051762342453,-0.5730757117271423,-0.3916608691215515,0.6579451560974121
458416,1775274328.5861394,3.3996033668518066,0.10177811235189438,2.410074234008789,0.3010663092136383,-0.604291558265686,-0.37660858035087585,0.634316086769104
458417,1775274328.5972507,3.359800338745117,0.10346797108650208,2.409832239151001,0.3278706967830658,-0.6223529577255249,-0.3442636728286743,0.6218200922012329
458418,1775274328.6083617,3.3220877647399902,0.10513924062252045,2.4091415405273438,0.3636126220226288,-0.6353836059570312,-0.29969069361686707,0.6117671728134155
458419,1775274328.619473,3.2844324111938477,0.10589617490768433,2.408541440963745,0.3987696170806885,-0.6450893878936768,-0.25609660148620605,0.599380612373352
458420,1775274328.630584,3.246738910675049,0.10506124794483185,2.407534122467041,0.4303377866744995,-0.6549271941184998,-0.21057014167308807,0.5844141840934753
458421,1775274328.641695,3.2092363834381104,0.10302821546792984,2.4066696166992188,0.4587126076221466,-0.660929799079895,-0.16615501046180725,0.5702167749404907
458422,1775274328.6528063,3.17287278175354,0.09966421872377396,2.4054410457611084,0.49334824085235596,-0.6641870737075806,-0.1129763275384903,0.5501812696456909
458423,1775274328.6639173,3.13962459564209,0.09830444306135178,2.4034547805786133,0.5391973853111267,-0.6505438685417175,-0.051744718104600906,0.5323358774185181
458424,1775274328.6750283,3.1084675788879395,0.09722532331943512,2.4019834995269775,0.586311936378479,-0.6272090077400208,0.015407334081828594,0.5124547481536865
458425,1775274328.6861396,3.0778932571411133,0.09473253786563873,2.400616407394409,0.6293634176254272,-0.5988423824310303,0.08469521999359131,0.4879714548587799
458426,1775274328.6972506,3.04805588722229,0.0907275453209877,2.3985002040863037,0.6679674386978149,-0.5657019019126892,0.15261036157608032,0.45881474018096924
458427,1775274328.7083619,3.0198562145233154,0.08668870478868484,2.3964335918426514,0.705073356628418,-0.5231601595878601,0.22028125822544098,0.42503076791763306
458428,1775274328.719473,2.9943878650665283,0.08427199721336365,2.3949201107025146,0.7418970465660095,-0.46626612544059753,0.29120686650276184,0.383905291557312
458429,1775274328.730584,2.971616268157959,0.08136775344610214,2.3936214447021484,0.7723193168640137,-0.39793986082077026,0.3638684153556824,0.33580735325813293
458430,1775274328.7416952,2.948882818222046,0.07833130657672882,2.3917996883392334,0.7940213084220886,-0.3264179527759552,0.42811673879623413,0.2823079228401184
458431,1775274328.7528062,2.9271533489227295,0.0750434473156929,2.390683650970459,0.8058265447616577,-0.24931229650974274,0.48789146542549133,0.22460833191871643
458432,1775274328.7639172,2.906937599182129,0.07456563413143158,2.3899290561676025,0.8087665438652039,-0.16346298158168793,0.5413268804550171,0.16168425977230072
458433,1775274328.7750285,2.8870925903320312,0.07596412301063538,2.3895926475524902,0.7997868061065674,-0.07525946199893951,0.5876315832138062,0.09677909314632416
458434,1775274328.7861395,2.8671352863311768,0.0775197446346283,2.389991283416748,0.7787614464759827,0.014268290251493454,0.6264413595199585,0.029973335564136505
458435,1775274328.7972507,2.8467178344726562,0.07856550812721252,2.3902904987335205,0.7475512027740479,0.10413148999214172,0.6548857092857361,-0.03806052356958389
458436,1775274328.8083618,2.825246572494507,0.08023245632648468,2.390798568725586,0.7074257731437683,0.19013720750808716,0.6727147698402405,-0.10417094081640244
458437,1775274328.8194728,2.8034982681274414,0.08463779091835022,2.391855478286743,0.6564865708351135,0.2763861417770386,0.6811215281486511,-0.16943922638893127
458438,1775274328.830584,2.7801902294158936,0.09037648141384125,2.3932197093963623,0.5984364151954651,0.35774073004722595,0.6791607737541199,-0.22942565381526947
458439,1775274328.841695,2.7563297748565674,0.09538714587688446,2.3936007022857666,0.5306214690208435,0.43343523144721985,0.6675244569778442,-0.2915235161781311
458440,1775274328.852806,2.7311713695526123,0.09880324453115463,2.393685817718506,0.4545513093471527,0.5027602910995483,0.6472606658935547,-0.3488106429576874
458441,1775274328.8639174,2.704819679260254,0.10232707858085632,2.3943684101104736,0.37285831570625305,0.5675768256187439,0.6158334016799927,-0.3994777798652649
458442,1775274328.8750284,2.676905393600464,0.10751992464065552,2.3946564197540283,0.29010480642318726,0.620674729347229,0.5778325796127319,-0.44352176785469055
458443,1775274328.8861396,2.6486825942993164,0.1117219626903534,2.3943839073181152,0.2012966275215149,0.6668558716773987,0.5305671691894531,-0.4829922020435333
458444,1775274328.8972507,2.6198930740356445,0.11421921104192734,2.3944079875946045,0.10862895846366882,0.7063964009284973,0.4726189374923706,-0.5155921578407288
458445,1775274328.9083617,2.5907328128814697,0.11472994834184647,2.393376350402832,0.01569930464029312,0.7345497012138367,0.4118201732635498,-0.5390682816505432
458446,1775274328.919473,2.5611774921417236,0.11526677012443542,2.3920321464538574,-0.07865290343761444,0.7521859407424927,0.34350016713142395,-0.5568103194236755
458447,1775274328.930584,2.5319323539733887,0.11513704061508179,2.3903443813323975,-0.1703096330165863,0.7587745785713196,0.2719776928424835,-0.5668192505836487
458448,1775274328.941695,2.5026378631591797,0.1130424290895462,2.388444185256958,-0.2581648528575897,0.7545551061630249,0.1986999362707138,-0.5696629881858826
458449,1775274328.9528062,2.474364757537842,0.10932505130767822,2.3859589099884033,-0.34500300884246826,0.7428256273269653,0.11873727291822433,-0.5613239407539368
458450,1775274328.9639173,2.4467971324920654,0.10628170520067215,2.3835532665252686,-0.4251185357570648,0.7194587588310242,0.03873831033706665,-0.5478620529174805
458451,1775274328.9750285,2.420320510864258,0.10261040925979614,2.380631923675537,-0.5007538795471191,0.6859825849533081,-0.041492022573947906,-0.5262622237205505
458452,1775274328.9861395,2.394947052001953,0.09741861373186111,2.3780198097229004,-0.567987322807312,0.6434434652328491,-0.12095464020967484,-0.4987393915653229
458453,1775274328.9972506,2.3703513145446777,0.09200115501880646,2.375406503677368,-0.6256603598594666,0.5942714810371399,-0.1996648758649826,-0.46424612402915955
458454,1775274329.0083618,2.3473703861236572,0.08853359520435333,2.3729660511016846,-0.6767548322677612,0.5356233716011047,-0.27424687147140503,-0.42414531111717224
458455,1775274329.0194728,2.325326681137085,0.08521419763565063,2.370363235473633,-0.7192370295524597,0.4706873893737793,-0.343816876411438,-0.37807583808898926
458456,1775274329.0305839,2.3043439388275146,0.08112094551324844,2.368912935256958,-0.7511360049247742,0.3979118764400482,-0.4119146466255188,-0.3283096253871918
458457,1775274329.041695,2.2841482162475586,0.07679235935211182,2.366983413696289,-0.7745584845542908,0.3213825821876526,-0.47186461091041565,-0.2722432613372803
458458,1775274329.0528061,2.264641046524048,0.07368132472038269,2.3650074005126953,-0.7879434823989868,0.24070581793785095,-0.5255289077758789,-0.21219132840633392
458459,1775274329.0639174,2.2456319332122803,0.07440071552991867,2.3643555641174316,-0.7909183502197266,0.15510143339633942,-0.5720547437667847,-0.152134969830513
458460,1775274329.0750284,2.2263619899749756,0.07582708448171616,2.363771677017212,-0.7841890454292297,0.06926529854536057,-0.6099903583526611,-0.09034299105405807
458461,1775274329.0861394,2.2079215049743652,0.07668131589889526,2.3630521297454834,-0.767145037651062,-0.019918449223041534,-0.6407549977302551,-0.022909365594387054
458462,1775274329.0972507,2.188253402709961,0.07784891128540039,2.3631269931793213,-0.740264356136322,-0.10767167806625366,-0.6623713970184326,0.040983352810144424
458463,1775274329.1083617,2.1683027744293213,0.07889560610055923,2.3628644943237305,-0.7037276029586792,-0.1935870349407196,-0.6752082705497742,0.10670191049575806
458464,1775274329.119473,2.147146224975586,0.08387181162834167,2.362858533859253,-0.6591783761978149,-0.2772088646888733,-0.6784786581993103,0.1682436615228653
458465,1775274329.130584,2.1251254081726074,0.09071560204029083,2.3631625175476074,-0.6078004837036133,-0.35728609561920166,-0.6716300249099731,0.2276802808046341
458466,1775274329.141695,2.102196455001831,0.09690533578395844,2.3636882305145264,-0.5487338304519653,-0.4342852830886841,-0.6559566259384155,0.28285765647888184
458467,1775274329.1528063,2.078155994415283,0.10170573741197586,2.363015651702881,-0.48072880506515503,-0.5036139488220215,-0.6324757933616638,0.3394808769226074
458468,1775274329.1639173,2.0527687072753906,0.10527275502681732,2.3629164695739746,-0.4091266393661499,-0.5675166249275208,-0.60009765625,0.3878443241119385
458469,1775274329.1750283,2.026489019393921,0.10771398991346359,2.3630692958831787,-0.33050408959388733,-0.6260733008384705,-0.5584462285041809,0.4323623776435852
458470,1775274329.1861396,1.9991557598114014,0.11178676784038544,2.361480236053467,-0.2503083348274231,-0.671804666519165,-0.513433039188385,0.4716046154499054
458471,1775274329.1972506,1.971395492553711,0.11704543977975845,2.3600151538848877,-0.16549381613731384,-0.7119964361190796,-0.4581415355205536,0.5057461857795715
458472,1775274329.2083619,1.9430015087127686,0.12051210552453995,2.358689785003662,-0.0820932611823082,-0.7438390254974365,-0.39642053842544556,0.531803548336029
458473,1775274329.219473,1.9141372442245483,0.12107156217098236,2.3566596508026123,0.00658514816313982,-0.764549195766449,-0.3324143588542938,0.552197277545929
458474,1775274329.230584,1.885941505432129,0.11977633833885193,2.354466438293457,0.09482107311487198,-0.7770030498504639,-0.2600576877593994,0.5653718113899231
458475,1775274329.2416952,1.8573540449142456,0.11643707007169724,2.3520679473876953,0.17950254678726196,-0.7789488434791565,-0.186664879322052,0.5711164474487305
458476,1775274329.2528062,1.8292204141616821,0.11475025117397308,2.349005937576294,0.26179754734039307,-0.7712048292160034,-0.11189568042755127,0.5693720579147339
458477,1775274329.2639172,1.8021937608718872,0.11336643993854523,2.3458900451660156,0.3410611152648926,-0.7533702850341797,-0.03494409844279289,0.5611502528190613
458478,1775274329.2750285,1.7753888368606567,0.10984325408935547,2.3426427841186523,0.4136873483657837,-0.7270178198814392,0.041977278888225555,0.5463935136795044
458479,1775274329.2861395,1.7497029304504395,0.10479617118835449,2.3395440578460693,0.4818650782108307,-0.6921280026435852,0.11870220303535461,0.5240942239761353
458480,1775274329.2972507,1.724901795387268,0.09900188446044922,2.3363325595855713,0.5434483289718628,-0.6488927006721497,0.1932837963104248,0.49622949957847595
458481,1775274329.3083618,1.7019239664077759,0.09539882838726044,2.332958221435547,0.5999546647071838,-0.5968952178955078,0.2652481496334076,0.46196749806404114
458482,1775274329.3194728,1.680128574371338,0.09242139011621475,2.3298704624176025,0.6484432816505432,-0.5375392436981201,0.3353552520275116,0.42203065752983093
458483,1775274329.330584,1.6589903831481934,0.08888673037290573,2.327176809310913,0.6884945034980774,-0.4727016091346741,0.3985461890697479,0.3790639340877533
458484,1775274329.341695,1.63844895362854,0.08441310375928879,2.324838638305664,0.7183902263641357,-0.40274715423583984,0.4595094621181488,0.3325076103210449
458485,1775274329.352806,1.6196542978286743,0.07948973774909973,2.322439193725586,0.743072509765625,-0.3260077238082886,0.5140336155891418,0.27808600664138794
458486,1775274329.3639174,1.600958228111267,0.07575347274541855,2.320225715637207,0.7581934332847595,-0.24734103679656982,0.5612156987190247,0.22136437892913818
458487,1775274329.3750284,1.5826530456542969,0.07688958942890167,2.3185958862304688,0.7645153403282166,-0.1650024652481079,0.60096675157547,0.16471056640148163
458488,1775274329.3861396,1.5649619102478027,0.0789269506931305,2.317038059234619,0.7620401978492737,-0.07919754832983017,0.6341062784194946,0.10455569624900818
458489,1775274329.3972507,1.547348976135254,0.08102375268936157,2.3157081604003906,0.7497791051864624,0.0063465009443461895,0.6602651476860046,0.0429069884121418
458490,1775274329.4083617,1.5283894538879395,0.0829857736825943,2.3144683837890625,0.7310422658920288,0.09016039967536926,0.6761540174484253,-0.016253633424639702
458491,1775274329.419473,1.5093368291854858,0.08462418615818024,2.3133957386016846,0.7025359272956848,0.17434293031692505,0.6856092810630798,-0.0773811861872673
458492,1775274329.430584,1.4898746013641357,0.08596231043338776,2.312197208404541,0.6658236980438232,0.2569955885410309,0.6866311430931091,-0.13845504820346832
458493,1775274329.441695,1.46955406665802,0.0885334238409996,2.3111796379089355,0.6218028664588928,0.3359759449958801,0.6794723272323608,-0.19697391986846924
458494,1775274329.4528062,1.4483367204666138,0.09534388780593872,2.3100481033325195,0.5715716481208801,0.4124376177787781,0.6624638438224792,-0.2536589205265045
458495,1775274329.4639173,1.4255526065826416,0.10190937668085098,2.3087966442108154,0.5163017511367798,0.48215413093566895,0.6377577781677246,-0.3069608211517334
458496,1775274329.4750285,1.401636004447937,0.10680721700191498,2.3074984550476074,0.45544275641441345,0.5464586019515991,0.6057087182998657,-0.35647135972976685
458497,1775274329.4861395,1.3770389556884766,0.11040976643562317,2.3056724071502686,0.3885350525379181,0.604419469833374,0.5671603679656982,-0.40255045890808105
458498,1775274329.4972506,1.3512364625930786,0.11272301524877548,2.3037800788879395,0.3174251616001129,0.6566261053085327,0.5214157700538635,-0.44295498728752136
458499,1775274329.5083618,1.325109839439392,0.11694753170013428,2.3013625144958496,0.24193812906742096,0.7003401517868042,0.46864837408065796,-0.4809972643852234
458500,1775274329.5194728,1.298116683959961,0.12110593169927597,2.2984426021575928,0.1628626435995102,0.7356264591217041,0.41220733523368835,-0.5122642517089844
458501,1775274329.5305839,1.2705780267715454,0.12321826070547104,2.295747995376587,0.0838920921087265,0.7634035348892212,0.3481922149658203,-0.537530779838562
458502,1775274329.541695,1.2427806854248047,0.1235881820321083,2.292828321456909,0.004983191844075918,0.7820709347724915,0.2789284884929657,-0.5572604537010193
458503,1775274329.5528061,1.214638590812683,0.12313960492610931,2.289339065551758,-0.07561253756284714,0.7916890382766724,0.20996609330177307,-0.568705141544342
458504,1775274329.5639174,1.1867754459381104,0.12219913303852081,2.285874128341675,-0.1527748554944992,0.7921327948570251,0.13724124431610107,-0.5747612714767456
458505,1775274329.5750284,1.1597107648849487,0.11951646208763123,2.2818844318389893,-0.23166963458061218,0.7828341126441956,0.06659753620624542,-0.5736417174339294
458506,1775274329.5861394,1.1330927610397339,0.11545266956090927,2.277782440185547,-0.30645275115966797,0.7654264569282532,-0.006767452694475651,-0.5658297538757324
458507,1775274329.5972507,1.1072627305984497,0.11264116317033768,2.2742910385131836,-0.3757215440273285,0.738745927810669,-0.08432553708553314,-0.5531519651412964
458508,1775274329.6083617,1.0823379755020142,0.10939116030931473,2.270352840423584,-0.44048938155174255,0.7044752836227417,-0.15775732696056366,-0.5336632132530212
458509,1775274329.619473,1.057997465133667,0.10460172593593597,2.2664124965667725,-0.4994460642337799,0.6632276177406311,-0.22788028419017792,-0.508678138256073
458510,1775274329.630584,1.0354721546173096,0.09875425696372986,2.262542247772217,-0.5558621883392334,0.612136960029602,-0.2978076636791229,-0.47709158062934875
458511,1775274329.641695,1.013984203338623,0.0954260379076004,2.259124517440796,-0.603201687335968,0.5558851957321167,-0.36373353004455566,-0.4414038062095642
458512,1775274329.6528063,0.992927074432373,0.09242647886276245,2.255885601043701,-0.642979621887207,0.49397745728492737,-0.4256325364112854,-0.40174680948257446
458513,1775274329.6639173,0.9729614853858948,0.0887645035982132,2.252577543258667,-0.6765286922454834,0.42877304553985596,-0.480541855096817,-0.35713064670562744
458514,1775274329.6750283,0.9543405771255493,0.08427074551582336,2.249573230743408,-0.7038655281066895,0.3558516800403595,-0.532308042049408,-0.3075568377971649
458515,1775274329.6861396,0.9360530376434326,0.07959851622581482,2.2470433712005615,-0.7224177122116089,0.28046056628227234,-0.5776328444480896,-0.25650501251220703
458516,1775274329.6972506,0.9181505441665649,0.07708421349525452,2.2444732189178467,-0.7339680194854736,0.20097945630550385,-0.6166983246803284,-0.20144830644130707
458517,1775274329.7083619,0.9034914374351501,0.07583260536193848,2.2418816089630127,-0.7411463856697083,0.13460607826709747,-0.6398267149925232,-0.15233197808265686
458518,1775274329.719473,0.9028763175010681,0.07101612538099289,2.240922689437866,-0.7496209144592285,0.12235350161790848,-0.6315858364105225,-0.1555553674697876
458519,1775274329.730584,0.9027446508407593,0.07306994497776031,2.240283250808716,-0.7490172386169434,0.11653157323598862,-0.6330844163894653,-0.15683653950691223
458520,1775274329.7416952,0.9024920463562012,0.07231301069259644,2.2404043674468994,-0.7482162117958069,0.11532007157802582,-0.6348201632499695,-0.15452253818511963
458521,1775274329.7528062,0.9026530385017395,0.07146681100130081,2.240586996078491,-0.7460788488388062,0.11776139587163925,-0.6373170614242554,-0.1527271866798401
458522,1775274329.7639172,0.9034793376922607,0.07248234748840332,2.2400147914886475,-0.7422595024108887,0.12236521393060684,-0.6393237113952637,-0.15919436514377594
458523,1775274329.7750285,0.9044651985168457,0.07343080639839172,2.2390756607055664,-0.7383542656898499,0.12481305003166199,-0.6411248445510864,-0.1679695099592209
458524,1775274329.7861395,0.9051932096481323,0.07470326125621796,2.237617254257202,-0.7333468198776245,0.12330488115549088,-0.6448332071304321,-0.17660284042358398
458525,1775274329.7972507,0.9053072929382324,0.0769810751080513,2.2358078956604004,-0.7280564904212952,0.12001798301935196,-0.648276150226593,-0.1877967268228531
458526,1775274329.8083618,0.9055250287055969,0.07910430431365967,2.233764171600342,-0.7224547863006592,0.1152052953839302,-0.6524136662483215,-0.19784681499004364
458527,1775274329.8194728,0.9057300090789795,0.08036059141159058,2.231715440750122,-0.7168267965316772,0.11002643406391144,-0.6562324166297913,-0.20835667848587036
458528,1775274329.830584,0.9059590101242065,0.08051444590091705,2.2297024726867676,-0.7111015915870667,0.10447224974632263,-0.6600611209869385,-0.21849384903907776
458529,1775274329.841695,0.9061225056648254,0.08034784346818924,2.227564573287964,-0.704970121383667,0.0997731164097786,-0.6637828350067139,-0.22903050482273102
458530,1775274329.852806,0.9063220024108887,0.08159197866916656,2.2252931594848633,-0.6996976733207703,0.09479521960020065,-0.6668043732643127,-0.23834644258022308
458531,1775274329.8639174,0.9067873358726501,0.08275020122528076,2.223085641860962,-0.6937671899795532,0.08901838213205338,-0.670193076133728,-0.24820184707641602
458532,1775274329.8750284,0.9071986675262451,0.0827236995100975,2.2209689617156982,-0.6870372295379639,0.08250371366739273,-0.6740058064460754,-0.258629709482193
458533,1775274329.8861396,0.9071974158287048,0.08316487073898315,2.218588352203369,-0.6822911500930786,0.07798156142234802,-0.6755157709121704,-0.26847001910209656
458534,1775274329.8972507,0.9074132442474365,0.08428096771240234,2.2161905765533447,-0.6761782169342041,0.07284516841173172,-0.6780717372894287,-0.27873876690864563
458535,1775274329.9083617,0.9079325795173645,0.08484016358852386,2.2138898372650146,-0.669991135597229,0.06708956509828568,-0.680744469165802,-0.28844040632247925
458536,1775274329.919473,0.9082317352294922,0.08529007434844971,2.211564779281616,-0.6643118858337402,0.061145953834056854,-0.682591438293457,-0.2983621060848236
458537,1775274329.930584,0.9087435007095337,0.0860121101140976,2.209141254425049,-0.6578787565231323,0.05331012234091759,-0.6847550272941589,-0.30897292494773865
458538,1775274329.941695,0.909121036529541,0.08673183619976044,2.206775665283203,-0.6518427133560181,0.046632204204797745,-0.6861176490783691,-0.31963905692100525
458539,1775274329.9528062,0.9095613360404968,0.0873168408870697,2.2042689323425293,-0.6460831165313721,0.04001656174659729,-0.6870163679122925,-0.330127090215683
458540,1775274329.9639173,0.9096888303756714,0.08818912506103516,2.201460599899292,-0.6394214034080505,0.034611862152814865,-0.6880620718002319,-0.3413398563861847
458541,1775274329.9750285,0.9102773070335388,0.0889301672577858,2.198737382888794,-0.633253276348114,0.02688712626695633,-0.6888043880462646,-0.35187506675720215
458542,1775274329.9861395,0.9107111692428589,0.08965831995010376,2.196256637573242,-0.6272650361061096,0.019918549805879593,-0.6892005801200867,-0.3621387779712677
458543,1775274329.9972506,0.9110792875289917,0.09051784873008728,2.1933236122131348,-0.620859682559967,0.012512332759797573,-0.6895844340324402,-0.37262606620788574
458544,1775274330.0083618,0.9114466905593872,0.09149110317230225,2.190717935562134,-0.6131013035774231,0.004748666193336248,-0.6901991367340088,-0.38432982563972473
458545,1775274330.0194728,0.9118434190750122,0.0920352041721344,2.187591314315796,-0.6067352890968323,-0.002126696752384305,-0.6902456879615784,-0.39424437284469604
458546,1775274330.0305839,0.9123653769493103,0.09295350313186646,2.1848247051239014,-0.5994136333465576,-0.011401357129216194,-0.6900142431259155,-0.40552884340286255
458547,1775274330.041695,0.9127660393714905,0.09395600855350494,2.1819002628326416,-0.5925762057304382,-0.01933731883764267,-0.6896218657493591,-0.4158139228820801
458548,1775274330.0528061,0.9131795763969421,0.09485383331775665,2.1788597106933594,-0.5850223302841187,-0.027880115434527397,-0.6891021132469177,-0.4267432987689972
458549,1775274330.0639174,0.9135487079620361,0.09580451250076294,2.175788164138794,-0.5778276324272156,-0.03588634729385376,-0.6883348226547241,-0.43706125020980835
458550,1775274330.0750284,0.9138925075531006,0.09678270667791367,2.1725714206695557,-0.5704111456871033,-0.04457240551710129,-0.6869564652442932,-0.4480349123477936
458551,1775274330.0861394,0.914203941822052,0.09768035262823105,2.1694610118865967,-0.5626680850982666,-0.05352019891142845,-0.6855700612068176,-0.4588397741317749
458552,1775274330.0972507,0.9146589040756226,0.09882017970085144,2.166252851486206,-0.5550631880760193,-0.06290116161108017,-0.6841005086898804,-0.4689933955669403
458553,1775274330.1083617,0.915156900882721,0.09984612464904785,2.1629042625427246,-0.5473398566246033,-0.0714171752333641,-0.6820299625396729,-0.479743629693985
458554,1775274330.119473,0.9155862927436829,0.10076260566711426,2.1594910621643066,-0.5395160913467407,-0.0801713839173317,-0.6799910068511963,-0.4900074899196625
458555,1775274330.130584,0.9160469770431519,0.10172034800052643,2.156358242034912,-0.5307672023773193,-0.09005304425954819,-0.678038477897644,-0.5004404187202454
458556,1775274330.141695,0.9164494276046753,0.10272026062011719,2.1528706550598145,-0.5222709774971008,-0.09860718995332718,-0.6759496331214905,-0.5104917883872986
458557,1775274330.1528063,0.9170063138008118,0.1037193015217781,2.149259328842163,-0.5146450996398926,-0.1086140051484108,-0.6731674075126648,-0.519797146320343
458558,1775274330.1639173,0.9172942638397217,0.1047322228550911,2.145592212677002,-0.5058519244194031,-0.1175081878900528,-0.6697860360145569,-0.5307469367980957
458559,1775274330.1750283,0.9178017377853394,0.10553175956010818,2.141756057739258,-0.49705156683921814,-0.12785694003105164,-0.6666340231895447,-0.5405474901199341
458560,1775274330.1861396,0.9182395339012146,0.10644526034593582,2.138094425201416,-0.4874788820743561,-0.13874591886997223,-0.6632099747657776,-0.5506963133811951
458561,1775274330.1972506,0.9186130166053772,0.10748308897018433,2.1341423988342285,-0.4776119887828827,-0.14889800548553467,-0.6606676578521729,-0.5596736073493958
458562,1775274330.2083619,0.9193692207336426,0.10846544802188873,2.130035638809204,-0.4678623676300049,-0.15901227295398712,-0.6581230759620667,-0.5680616497993469
458563,1775274330.219473,0.9196159839630127,0.10936351120471954,2.1259872913360596,-0.4583539366722107,-0.16999199986457825,-0.6536852717399597,-0.5776763558387756
458564,1775274330.230584,0.9200060963630676,0.11038333177566528,2.1218957901000977,-0.449104368686676,-0.17948800325393677,-0.6484346985816956,-0.5878961086273193
458565,1775274330.2416952,0.9204965233802795,0.11154244840145111,2.1177029609680176,-0.4378158748149872,-0.19091574847698212,-0.6446751952171326,-0.5968772768974304
458566,1775274330.2528062,0.9208359122276306,0.11255944520235062,2.113291025161743,-0.42702385783195496,-0.20098862051963806,-0.6398475170135498,-0.6065058708190918
458567,1775274330.2639172,0.9212809205055237,0.11323880404233932,2.1089844703674316,-0.4163762629032135,-0.21218840777873993,-0.6358874440193176,-0.6142101883888245
458568,1775274330.2750285,0.921872615814209,0.11429166048765182,2.1045093536376953,-0.40565118193626404,-0.22285348176956177,-0.6313517689704895,-0.6222366094589233
458569,1775274330.2861395,0.9222688674926758,0.11530665308237076,2.0999133586883545,-0.39393866062164307,-0.23369112610816956,-0.6254045367240906,-0.6317198276519775
458570,1775274330.2972507,0.9225242137908936,0.1163049042224884,2.0954411029815674,-0.3826804459095001,-0.24461708962917328,-0.620108425617218,-0.6396746635437012
458571,1775274330.3083618,0.923004686832428,0.11718723922967911,2.0908732414245605,-0.37100595235824585,-0.2550830841064453,-0.6144616603851318,-0.6478612422943115
458572,1775274330.3194728,0.9233448505401611,0.11827918142080307,2.0860488414764404,-0.3599231541156769,-0.26594290137290955,-0.6081036329269409,-0.6556978821754456
458573,1775274330.330584,0.9238706231117249,0.11908996105194092,2.081392526626587,-0.34671521186828613,-0.27751970291137695,-0.6024071574211121,-0.6632322669029236
458574,1775274330.341695,0.9242830872535706,0.12010817229747772,2.0766968727111816,-0.33440524339675903,-0.2885100245475769,-0.596135139465332,-0.6704909205436707
458575,1775274330.352806,0.9247186779975891,0.12126931548118591,2.071824312210083,-0.32185178995132446,-0.29930010437965393,-0.5901457667350769,-0.6771697402000427
458576,1775274330.3639174,0.9251265525817871,0.12239407747983932,2.066969394683838,-0.30849096179008484,-0.3107999861240387,-0.5836416482925415,-0.6838123202323914
458577,1775274330.3750284,0.9250211119651794,0.123571015894413,2.0620832443237305,-0.2972966134548187,-0.3181888163089752,-0.5766059756278992,-0.6913003325462341
458578,1775274330.3861396,0.9255053997039795,0.12468420714139938,2.0573513507843018,-0.28383779525756836,-0.32984039187431335,-0.5698745250701904,-0.6970542073249817
458579,1775274330.3972507,0.9256027936935425,0.12563112378120422,2.052748441696167,-0.2712993025779724,-0.3400948643684387,-0.5628153085708618,-0.7028307914733887
458580,1775274330.4083617,0.9259992241859436,0.12616108357906342,2.0480098724365234,-0.2580752670764923,-0.34982532262802124,-0.555698812007904,-0.7086736559867859
458581,1775274330.419473,0.9262986779212952,0.12679928541183472,2.0432143211364746,-0.2457006722688675,-0.35926729440689087,-0.5485122203826904,-0.7139275670051575
458582,1775274330.430584,0.9263551831245422,0.12754665315151215,2.0383174419403076,-0.23498088121414185,-0.3693559467792511,-0.5406756401062012,-0.7183523178100586
458583,1775274330.441695,0.9265682697296143,0.1281031370162964,2.0336029529571533,-0.2220563292503357,-0.38027533888816833,-0.5327188968658447,-0.7226978540420532
458584,1775274330.4528062,0.9267823696136475,0.12856407463550568,2.0285823345184326,-0.2088695764541626,-0.38904866576194763,-0.5255544185638428,-0.7271913886070251
458585,1775274330.4639173,0.9270018339157104,0.12901723384857178,2.023376703262329,-0.1981227993965149,-0.39651626348495483,-0.5189259052276611,-0.7309160232543945
458586,1775274330.4750285,0.9272059202194214,0.12953129410743713,2.0183844566345215,-0.18358491361141205,-0.4070609211921692,-0.5097044706344604,-0.7353906631469727
458587,1775274330.4861395,0.9275966882705688,0.12998288869857788,2.0133495330810547,-0.1695229858160019,-0.41580843925476074,-0.5020133256912231,-0.7391535043716431
458588,1775274330.4972506,0.9278467893600464,0.13039907813072205,2.0084588527679443,-0.15749900043010712,-0.4242524802684784,-0.4937118589878082,-0.7425984740257263
458589,1775274330.5083618,0.9281590580940247,0.13062311708927155,2.0034589767456055,-0.1443512737751007,-0.4331139028072357,-0.48563435673713684,-0.7454759478569031
458590,1775274330.5194728,0.9285572171211243,0.13088591396808624,1.9983551502227783,-0.13132382929325104,-0.44155949354171753,-0.4769727885723114,-0.7485160827636719
458591,1775274330.5305839,0.9289649128913879,0.1312500536441803,1.9933836460113525,-0.11862339079380035,-0.449786901473999,-0.46782800555229187,-0.7515032887458801
458592,1775274330.541695,0.9294968247413635,0.1314641833305359,1.9883424043655396,-0.1048329547047615,-0.45766496658325195,-0.45904162526130676,-0.7542105913162231
458593,1775274330.5528061,0.9298946261405945,0.13183395564556122,1.9830918312072754,-0.09062112867832184,-0.46629154682159424,-0.4486978054046631,-0.7569876909255981
458594,1775274330.5639174,0.9302278757095337,0.13189460337162018,1.9783378839492798,-0.07797852903604507,-0.4745197892189026,-0.43966561555862427,-0.7585805654525757
458595,1775274330.5750284,0.9307542443275452,0.13219386339187622,1.9732334613800049,-0.06455139815807343,-0.48217684030532837,-0.42952248454093933,-0.7608212828636169
458596,1775274330.5861394,0.9310342073440552,0.13205967843532562,1.9681702852249146,-0.051904283463954926,-0.48971956968307495,-0.41975295543670654,-0.7624226212501526
458597,1775274330.5972507,0.9317071437835693,0.13223549723625183,1.963401436805725,-0.03891104832291603,-0.49726778268814087,-0.40988045930862427,-0.7636809945106506
458598,1775274330.6083617,0.9319019317626953,0.1322885900735855,1.9585156440734863,-0.026341943070292473,-0.5049229860305786,-0.3987879157066345,-0.7650667428970337
458599,1775274330.619473,0.9324119687080383,0.1323249191045761,1.9534193277359009,-0.012329512275755405,-0.5119746327400208,-0.3886497914791107,-0.7659513354301453
458600,1775274330.630584,0.9330527186393738,0.13234548270702362,1.9485220909118652,-0.00014106056187301874,-0.5181258916854858,-0.37865084409713745,-0.7669217586517334
458601,1775274330.641695,0.9332730174064636,0.13232198357582092,1.9436599016189575,0.01259751059114933,-0.52524334192276,-0.36849239468574524,-0.7669250965118408
458602,1775274330.6528063,0.9338343143463135,0.1322052925825119,1.9387385845184326,0.026268191635608673,-0.5312954187393188,-0.35719674825668335,-0.7677536606788635
458603,1775274330.6639173,0.9342391490936279,0.13209094107151031,1.9340234994888306,0.03789165988564491,-0.5372804403305054,-0.34772205352783203,-0.7674524784088135
458604,1775274330.6750283,0.9346354007720947,0.13202768564224243,1.9291918277740479,0.049990519881248474,-0.5434874296188354,-0.3370053768157959,-0.7671700119972229
458605,1775274330.6861396,0.9349767565727234,0.13189208507537842,1.9245346784591675,0.062422335147857666,-0.5491374731063843,-0.32591041922569275,-0.7670294046401978
458606,1775274330.6972506,0.9352918267250061,0.13190728425979614,1.9197734594345093,0.07239867001771927,-0.554233193397522,-0.3153526484966278,-0.7669007182121277
458607,1775274330.7083619,0.9358977675437927,0.13180340826511383,1.9153488874435425,0.08605226129293442,-0.5600827932357788,-0.3052421808242798,-0.7653296589851379
458608,1775274330.719473,0.936438798904419,0.1315339207649231,1.911279320716858,0.09938422590494156,-0.5655779242515564,-0.2951902151107788,-0.7636145353317261
458609,1775274330.730584,0.9369083046913147,0.13152533769607544,1.9068354368209839,0.11039721965789795,-0.5695897936820984,-0.2853218913078308,-0.7628705501556396
458610,1775274330.7416952,0.9372490048408508,0.1312168389558792,1.9026391506195068,0.1212799921631813,-0.5743657946586609,-0.27513572573661804,-0.7613773345947266
458611,1775274330.7528062,0.9374510645866394,0.13103850185871124,1.8983795642852783,0.13111619651317596,-0.5787032842636108,-0.2658293843269348,-0.7597669959068298
458612,1775274330.7639172,0.9380284547805786,0.13097122311592102,1.8943084478378296,0.14082279801368713,-0.5820990204811096,-0.25711995363235474,-0.7584319114685059
458613,1775274330.7750285,0.9382655620574951,0.13082145154476166,1.890234351158142,0.1503513753414154,-0.5862596035003662,-0.2467477023601532,-0.7568420171737671
458614,1775274330.7861395,0.9387521147727966,0.1303703933954239,1.8864891529083252,0.1605031043291092,-0.5893987417221069,-0.23822979629039764,-0.7550460696220398
458615,1775274330.7972507,0.9388468861579895,0.1300165057182312,1.8828833103179932,0.17035827040672302,-0.5932325720787048,-0.22709763050079346,-0.7533126473426819
458616,1775274330.8083618,0.9393044114112854,0.12974140048027039,1.8790773153305054,0.17913897335529327,-0.5964639782905579,-0.22022734582424164,-0.7507595419883728
458617,1775274330.8194728,0.9396860599517822,0.1293066143989563,1.8754514455795288,0.18879473209381104,-0.5992011427879333,-0.21075329184532166,-0.7489310503005981
458618,1775274330.830584,0.9398796558380127,0.12886597216129303,1.8718281984329224,0.19782760739326477,-0.602791965007782,-0.2013370394706726,-0.746303915977478
458619,1775274330.841695,0.9398937821388245,0.12823542952537537,1.8684287071228027,0.2075081616640091,-0.6055859327316284,-0.19233514368534088,-0.743783175945282
458620,1775274330.852806,0.9403164386749268,0.12761496007442474,1.8646706342697144,0.21591807901859283,-0.6083707213401794,-0.1858655959367752,-0.7407553791999817
458621,1775274330.8639174,0.9407231211662292,0.12713661789894104,1.8611154556274414,0.22419816255569458,-0.610704779624939,-0.17680326104164124,-0.7385901808738708
458622,1775274330.8750284,0.9408015608787537,0.12679167091846466,1.85740065574646,0.23181815445423126,-0.6134203672409058,-0.16729328036308289,-0.7361988425254822
458623,1775274330.8861396,0.9410932660102844,0.12607209384441376,1.854070782661438,0.24030764400959015,-0.6163966655731201,-0.15839266777038574,-0.732952356338501
458624,1775274330.8972507,0.9412814378738403,0.12549637258052826,1.8507001399993896,0.24897152185440063,-0.6185029149055481,-0.15054216980934143,-0.7299345135688782
458625,1775274330.9083617,0.941856324672699,0.12508153915405273,1.8476758003234863,0.2583652436733246,-0.6203287839889526,-0.14363689720630646,-0.7265040874481201
458626,1775274330.919473,0.9419271945953369,0.124666728079319,1.844548225402832,0.26702243089675903,-0.6222484111785889,-0.13570435345172882,-0.7232498526573181
458627,1775274330.930584,0.942101001739502,0.1241963654756546,1.8415921926498413,0.2751414179801941,-0.6241898536682129,-0.12764035165309906,-0.7199946045875549
458628,1775274330.941695,0.9421724081039429,0.12382219731807709,1.8383067846298218,0.28184282779693604,-0.6248437166213989,-0.12096687406301498,-0.717984676361084
458629,1775274330.9528062,0.9424511790275574,0.12315278500318527,1.8355978727340698,0.28941383957862854,-0.6268747448921204,-0.11317232251167297,-0.7144646644592285
458630,1775274330.9639173,0.9424196481704712,0.12278305739164352,1.8327350616455078,0.2974923849105835,-0.6280423998832703,-0.10574335604906082,-0.7112520337104797
458631,1775274330.9750285,0.9424824714660645,0.12216947972774506,1.8299471139907837,0.3043654263019562,-0.6299507021903992,-0.09698707610368729,-0.7078964114189148
458632,1775274330.9861395,0.9426854848861694,0.12153227627277374,1.8271584510803223,0.3125756084918976,-0.6308446526527405,-0.09039133042097092,-0.7043868899345398
458633,1775274330.9972506,0.9425642490386963,0.12112420797348022,1.8244054317474365,0.31895989179611206,-0.632304847240448,-0.08325207233428955,-0.701088011264801
458634,1775274331.0083618,0.9426679015159607,0.12009554356336594,1.8219566345214844,0.3282449245452881,-0.6332297325134277,-0.07467612624168396,-0.6969210505485535
458635,1775274331.0194728,0.942538321018219,0.11977151781320572,1.8193316459655762,0.3360249400138855,-0.6345325112342834,-0.06798624247312546,-0.692700207233429
458636,1775274331.0305839,0.9422745704650879,0.1191822737455368,1.816461205482483,0.34223663806915283,-0.6354280114173889,-0.06221994012594223,-0.689372181892395
458637,1775274331.041695,0.942436933517456,0.11870269477367401,1.8138765096664429,0.3500216603279114,-0.635572075843811,-0.05659536272287369,-0.6858060359954834
458638,1775274331.0528061,0.9424622654914856,0.11820565164089203,1.811303734779358,0.35732871294021606,-0.6358308792114258,-0.05044684559106827,-0.6822686195373535
458639,1775274331.0639174,0.9424885511398315,0.11765114217996597,1.8088618516921997,0.3637716472148895,-0.6360563635826111,-0.044902391731739044,-0.6790333390235901
458640,1775274331.0750284,0.9422765374183655,0.11716504395008087,1.8065345287322998,0.3706094026565552,-0.6366605758666992,-0.03905430808663368,-0.6751198172569275
458641,1775274331.0861394,0.9420570731163025,0.11655829846858978,1.804283857345581,0.3776496350765228,-0.6371533274650574,-0.03217148780822754,-0.6711046695709229
458642,1775274331.0972507,0.9420140385627747,0.11615398526191711,1.8018734455108643,0.383687824010849,-0.6367686986923218,-0.027647819370031357,-0.6682401299476624
458643,1775274331.1083617,0.9419674277305603,0.115515798330307,1.7996865510940552,0.39017024636268616,-0.6364309787750244,-0.021815521642565727,-0.6650164723396301
458644,1775274331.119473,0.9418423771858215,0.11514583230018616,1.7975164651870728,0.3969542384147644,-0.6366328597068787,-0.017007960006594658,-0.6609362959861755
458645,1775274331.130584,0.9418017268180847,0.1146378219127655,1.7954398393630981,0.40239477157592773,-0.6366593241691589,-0.011853259056806564,-0.6577255129814148
458646,1775274331.141695,0.9416748285293579,0.11430887132883072,1.7934107780456543,0.40784916281700134,-0.6366903185844421,-0.006403916049748659,-0.6544031500816345
458647,1775274331.1528063,0.9417299628257751,0.11369168758392334,1.7914961576461792,0.41406741738319397,-0.6362885236740112,-0.001227879198268056,-0.6509098410606384
458648,1775274331.1639173,0.9415481090545654,0.11310254037380219,1.7896784543991089,0.41953182220458984,-0.6366788148880005,0.004591660108417273,-0.6470024585723877
458649,1775274331.1750283,0.941478431224823,0.11279032379388809,1.7875031232833862,0.4246728718280792,-0.6363204717636108,0.00862576812505722,-0.6439526081085205
458650,1775274331.1861396,0.9414968490600586,0.11219359189271927,1.785888433456421,0.4298524558544159,-0.6358973979949951,0.013997046276926994,-0.6408319473266602
458651,1775274331.1972506,0.9414436221122742,0.1117488443851471,1.7839792966842651,0.4349086284637451,-0.6360728740692139,0.018719686195254326,-0.6371148824691772
458652,1775274331.2083619,0.9414048790931702,0.11119735985994339,1.782243251800537,0.4390750527381897,-0.6362062096595764,0.0243562962859869,-0.6339254975318909
458653,1775274331.219473,0.9412395358085632,0.11074478179216385,1.780348777770996,0.44367164373397827,-0.6358739733695984,0.029044069349765778,-0.630853533744812
458654,1775274331.230584,0.9412782192230225,0.11023510992527008,1.7786715030670166,0.44827622175216675,-0.6356233954429626,0.03406190872192383,-0.627591609954834
458655,1775274331.2416952,0.9413955211639404,0.10989440977573395,1.7769280672073364,0.4525686204433441,-0.6353443264961243,0.03905266523361206,-0.6244952082633972
458656,1775274331.2528062,0.9415762424468994,0.1097106784582138,1.7747598886489868,0.45556142926216125,-0.6347174644470215,0.0407932884991169,-0.6228431463241577
458657,1775274331.2639172,0.9414357542991638,0.10937774926424026,1.7732094526290894,0.45909518003463745,-0.635035514831543,0.04627378657460213,-0.6195324063301086
458658,1775274331.2750285,0.9413700699806213,0.10872836410999298,1.7715809345245361,0.4633960425853729,-0.6343839764595032,0.05041279271245003,-0.616668164730072
458659,1775274331.2861395,0.9413064122200012,0.10820318758487701,1.770148515701294,0.4688117504119873,-0.6337066888809204,0.05598483607172966,-0.6127782464027405
458660,1775274331.2972507,0.9413309097290039,0.10786481201648712,1.7684822082519531,0.4723682701587677,-0.633265495300293,0.059884585440158844,-0.6101285815238953
458661,1775274331.3083618,0.941152811050415,0.1073279157280922,1.7668887376785278,0.4763418138027191,-0.6333189606666565,0.06392376869916916,-0.6065635085105896
458662,1775274331.3194728,0.9413185119628906,0.10687375068664551,1.7655528783798218,0.4809556305408478,-0.6323654651641846,0.06834302097558975,-0.6034276485443115
458663,1775274331.330584,0.9414917826652527,0.10624442249536514,1.7641156911849976,0.48600733280181885,-0.6307159662246704,0.07181593775749207,-0.6006968021392822
458664,1775274331.341695,0.9412776827812195,0.10587591677904129,1.7626011371612549,0.490436315536499,-0.6301242113113403,0.07576822489500046,-0.5972226858139038
458665,1775274331.352806,0.9411240220069885,0.10537883639335632,1.7613252401351929,0.4944640100002289,-0.6295537352561951,0.08073721826076508,-0.593842625617981
458666,1775274331.3639174,0.9408895373344421,0.10513905435800552,1.759777545928955,0.4984081983566284,-0.6290675401687622,0.08342204242944717,-0.5906811356544495
458667,1775274331.3750284,0.9408779144287109,0.10472111403942108,1.758530855178833,0.5026488900184631,-0.6280422210693359,0.08694303035736084,-0.5876631736755371
458668,1775274331.3861396,0.940854012966156,0.10434125363826752,1.7571865320205688,0.5063167810440063,-0.6269741654396057,0.09093448519706726,-0.5850450396537781
458669,1775274331.3972507,0.9408477544784546,0.10359533131122589,1.7559109926223755,0.5114259123802185,-0.6256625056266785,0.0946207270026207,-0.5814093351364136
458670,1775274331.4083617,0.9407150149345398,0.10322403907775879,1.7546635866165161,0.5153236389160156,-0.6247241497039795,0.09726820141077042,-0.5785328149795532
458671,1775274331.419473,0.9405341744422913,0.10284677892923355,1.753319263458252,0.5183321237564087,-0.6238125562667847,0.10075540095567703,-0.5762274265289307
458672,1775274331.430584,0.940490186214447,0.1025807112455368,1.7523598670959473,0.5220344662666321,-0.6232577562332153,0.10493555665016174,-0.5727289319038391
458673,1775274331.441695,0.9403018355369568,0.10227233171463013,1.7511544227600098,0.525424063205719,-0.6227012872695923,0.10791198909282684,-0.5696732997894287
458674,1775274331.4528062,0.9400710463523865,0.10183973610401154,1.749855637550354,0.5280797481536865,-0.6224002242088318,0.11127038300037384,-0.5668939352035522
458675,1775274331.4639173,0.940256655216217,0.10139620304107666,1.7488868236541748,0.5317357778549194,-0.6215233206748962,0.11444474756717682,-0.5637980699539185
458676,1775274331.4750285,0.9400705695152283,0.10108305513858795,1.7477997541427612,0.534393310546875,-0.6212745308876038,0.11705862730741501,-0.5610162019729614
458677,1775274331.4861395,0.9402825832366943,0.10077182948589325,1.7465213537216187,0.537688136100769,-0.619879961013794,0.11879841238260269,-0.5590413212776184
458678,1775274331.4972506,0.940246045589447,0.10034066438674927,1.745477318763733,0.5407471060752869,-0.6191912889480591,0.12320675700902939,-0.5558910965919495
458679,1775274331.5083618,0.9400210976600647,0.09998107701539993,1.7446366548538208,0.5432251691818237,-0.6188911199569702,0.12746562063694,-0.5528405904769897
458680,1775274331.5194728,0.9400623440742493,0.09974200278520584,1.743632197380066,0.545779287815094,-0.6183518171310425,0.129802405834198,-0.5503793358802795
458681,1775274331.5305839,0.9399937987327576,0.09950360655784607,1.7423624992370605,0.5479026436805725,-0.6178818345069885,0.1320299208164215,-0.5482634902000427
458682,1775274331.541695,0.9399972558021545,0.09923399984836578,1.7410950660705566,0.5506017804145813,-0.6169156432151794,0.13484005630016327,-0.5459587574005127
458683,1775274331.5528061,0.9399559497833252,0.09887917339801788,1.7403203248977661,0.5532481074333191,-0.6161971688270569,0.13792656362056732,-0.5433174967765808
458684,1775274331.5639174,0.9399268627166748,0.09853944182395935,1.7393970489501953,0.5554235577583313,-0.6155188679695129,0.14123524725437164,-0.5410118699073792
458685,1775274331.5750284,0.9398104548454285,0.09825065732002258,1.7382752895355225,0.5579401850700378,-0.6149442791938782,0.1430278867483139,-0.53859943151474
458686,1775274331.5861394,0.9396842122077942,0.09814821183681488,1.7371538877487183,0.5598809719085693,-0.614710807800293,0.14491215348243713,-0.5363435745239258
458687,1775274331.5972507,0.9394435882568359,0.09777557849884033,1.736396074295044,0.5624651312828064,-0.6142929792404175,0.1480603814125061,-0.5332497358322144
458688,1775274331.6083617,0.9393632411956787,0.09760071337223053,1.735498070716858,0.5645965933799744,-0.613267719745636,0.15098847448825836,-0.5313529372215271
458689,1775274331.619473,0.9396733641624451,0.09720223397016525,1.7346969842910767,0.5682011246681213,-0.6111827492713928,0.15285106003284454,-0.5293768048286438
458690,1775274331.630584,0.9396517872810364,0.09686607122421265,1.733763337135315,0.5706210136413574,-0.6102805137634277,0.15458877384662628,-0.5273061394691467
458691,1775274331.641695,0.939595639705658,0.09657107293605804,1.7328009605407715,0.5727903246879578,-0.6097003817558289,0.15747053921222687,-0.5247663259506226
458692,1775274331.6528063,0.9395760893821716,0.09625457227230072,1.732106328010559,0.5752643346786499,-0.6085618138313293,0.15943516790866852,-0.5227848291397095
458693,1775274331.6639173,0.9395189881324768,0.09598200023174286,1.7313235998153687,0.5777809023857117,-0.6072549223899841,0.1611081212759018,-0.5210134387016296
458694,1775274331.6750283,0.9393954277038574,0.09586181491613388,1.730682611465454,0.5794842839241028,-0.6066486835479736,0.16337482631206512,-0.5191184878349304
458695,1775274331.6861396,0.9391520619392395,0.09579955041408539,1.7299690246582031,0.581124484539032,-0.6063669323921204,0.16522584855556488,-0.5170241594314575
458696,1775274331.6972506,0.9390593767166138,0.09546614438295364,1.7292351722717285,0.5835346579551697,-0.6051465272903442,0.16745547950267792,-0.515018105506897
458697,1775274331.7083619,0.9388452172279358,0.09528695791959763,1.7282871007919312,0.5856145024299622,-0.6043079495429993,0.16950732469558716,-0.5129667520523071
458698,1775274331.719473,0.938820481300354,0.09495507180690765,1.7275166511535645,0.5878309011459351,-0.6029829978942871,0.17150647938251495,-0.5113237500190735
458699,1775274331.730584,0.9387465119361877,0.09464817494153976,1.727017879486084,0.589897632598877,-0.602083146572113,0.17332780361175537,-0.5093861818313599
458700,1775274331.7416952,0.9386337399482727,0.0943288579583168,1.7264693975448608,0.5915018320083618,-0.6016267538070679,0.1761557161808014,-0.5070897936820984
458701,1775274331.7528062,0.9384645223617554,0.09430821239948273,1.7257297039031982,0.5930020809173584,-0.6011119484901428,0.17749881744384766,-0.505477249622345
458702,1775274331.7639172,0.9382705092430115,0.09415456652641296,1.7249869108200073,0.5948357582092285,-0.6003681421279907,0.17807601392269135,-0.5040014386177063
458703,1775274331.7750285,0.9381765127182007,0.09386873245239258,1.7244212627410889,0.5969781279563904,-0.5991335511207581,0.17942343652248383,-0.5024573802947998
458704,1775274331.7861395,0.9383130073547363,0.09358850121498108,1.7238167524337769,0.5992153882980347,-0.597536563873291,0.1812424510717392,-0.5010411739349365
458705,1775274331.7972507,0.9383404850959778,0.09338831901550293,1.7233474254608154,0.6009485125541687,-0.596429705619812,0.18381290137767792,-0.4993448555469513
458706,1775274331.8083618,0.9380715489387512,0.09310220181941986,1.7228388786315918,0.6029564142227173,-0.5957707762718201,0.18532694876194,-0.49714645743370056
458707,1775274331.8194728,0.9381568431854248,0.09309712797403336,1.722335696220398,0.6046067476272583,-0.594992458820343,0.18647119402885437,-0.49564430117607117
458708,1775274331.830584,0.9382337331771851,0.09309148788452148,1.7216639518737793,0.6055505871772766,-0.5946475863456726,0.1879567801952362,-0.49434301257133484
458709,1775274331.841695,0.9381198287010193,0.09286856651306152,1.721226453781128,0.6072957515716553,-0.5937430262565613,0.18902526795864105,-0.4928799569606781
458710,1775274331.852806,0.9380271434783936,0.09271778911352158,1.7206532955169678,0.6086587905883789,-0.5933620929718018,0.1896234154701233,-0.49142542481422424
458711,1775274331.8639174,0.9378510117530823,0.09240061044692993,1.7200359106063843,0.61002516746521,-0.5927286148071289,0.19175727665424347,-0.4896644353866577
458712,1775274331.8750284,0.9378857016563416,0.09231311082839966,1.7196018695831299,0.6110219955444336,-0.5922667384147644,0.19351857900619507,-0.4882855713367462
458713,1775274331.8861396,0.9378412365913391,0.09227634221315384,1.719191551208496,0.6121556758880615,-0.5917879343032837,0.1946462243795395,-0.4869961738586426
458714,1775274331.8972507,0.9375892877578735,0.0920242890715599,1.7188516855239868,0.6132350564002991,-0.5914452075958252,0.1962142288684845,-0.485422819852829
458715,1775274331.9083617,0.937586784362793,0.0918346717953682,1.718393087387085,0.6143648028373718,-0.5912654995918274,0.19749395549297333,-0.4836912155151367
458716,1775274331.919473,0.9376879334449768,0.09167899191379547,1.7179161310195923,0.6157251000404358,-0.5905088186264038,0.19804547727108002,-0.4826592803001404
458717,1775274331.930584,0.9376159906387329,0.09166484326124191,1.7175543308258057,0.6166409254074097,-0.5898562669754028,0.20011946558952332,-0.4814310669898987
458718,1775274331.941695,0.9376943111419678,0.09152675420045853,1.7171438932418823,0.6178197860717773,-0.5892310738563538,0.20110686123371124,-0.4802722930908203
458719,1775274331.9528062,0.9377194046974182,0.09145210683345795,1.7167348861694336,0.6185965538024902,-0.5887486338615417,0.20206576585769653,-0.47946107387542725
458720,1775274331.9639173,0.9376993775367737,0.09144581854343414,1.7161705493927002,0.6191350817680359,-0.5885143280029297,0.20316998660564423,-0.47858601808547974
458721,1775274331.9750285,0.9377292394638062,0.09126608818769455,1.7157952785491943,0.6200888752937317,-0.5882062911987305,0.20429949462413788,-0.4772472679615021
458722,1775274331.9861395,0.937720000743866,0.09108968824148178,1.7153453826904297,0.6211873888969421,-0.587868869304657,0.20546236634254456,-0.4757327139377594
458723,1775274331.9972506,0.9377846121788025,0.09098189324140549,1.7149982452392578,0.6218693852424622,-0.5875667333602905,0.2066589891910553,-0.47469562292099
458724,1775274332.0083618,0.9377073049545288,0.09087765961885452,1.714795708656311,0.6226745843887329,-0.5874587297439575,0.20801667869091034,-0.4731783866882324
458725,1775274332.0194728,0.9378212094306946,0.09081807732582092,1.7144581079483032,0.6231159567832947,-0.5872794985771179,0.20884492993354797,-0.47245433926582336
458726,1775274332.0305839,0.9379335045814514,0.0906546413898468,1.714159369468689,0.6237952709197998,-0.5869630575180054,0.20977558195590973,-0.47153812646865845
458727,1775274332.041695,0.9379335641860962,0.09045170247554779,1.7139596939086914,0.6244569420814514,-0.5871067047119141,0.21080051362514496,-0.47002390027046204
458728,1775274332.0528061,0.9380128979682922,0.09037002921104431,1.7137538194656372,0.6250343322753906,-0.5868357419967651,0.21176210045814514,-0.469161719083786
458729,1775274332.0639174,0.9379973411560059,0.09039081633090973,1.7135602235794067,0.6251950860023499,-0.5869016647338867,0.2132997065782547,-0.46816760301589966
458730,1775274332.0750284,0.93809574842453,0.09029363840818405,1.7133070230484009,0.6255465745925903,-0.5867969393730164,0.21429423987865448,-0.46737444400787354
458731,1775274332.0861394,0.9380908012390137,0.09019917249679565,1.7131398916244507,0.6259748339653015,-0.5867267847061157,0.21504272520542145,-0.46654459834098816
458732,1775274332.0972507,0.9380733966827393,0.09016382694244385,1.7128852605819702,0.6259018778800964,-0.5870255827903748,0.2154945731163025,-0.4660578668117523
458733,1775274332.1083617,0.9383898973464966,0.09001871198415756,1.7127782106399536,0.6262434720993042,-0.5869466662406921,0.21633265912532806,-0.46530941128730774
458734,1775274332.119473,0.938500702381134,0.09000223129987717,1.7126413583755493,0.6264572143554688,-0.5870046615600586,0.2172389030456543,-0.46452566981315613
458735,1775274332.130584,0.9385836720466614,0.08998791128396988,1.7123876810073853,0.6264433860778809,-0.5872448086738586,0.21748250722885132,-0.46412673592567444
458736,1775274332.141695,0.9388141632080078,0.08995173871517181,1.7122048139572144,0.626850426197052,-0.5869197249412537,0.2179528921842575,-0.46376755833625793
458737,1775274332.1528063,0.9387029409408569,0.09000210464000702,1.7120447158813477,0.6263114213943481,-0.5876152515411377,0.21859320998191833,-0.46331363916397095
458738,1775274332.1639173,0.9388445019721985,0.09003613889217377,1.7118847370147705,0.6261992454528809,-0.5879892110824585,0.21893629431724548,-0.4628283977508545
458739,1775274332.1750283,0.9389746189117432,0.09004674851894379,1.7116832733154297,0.6256336569786072,-0.5884729623794556,0.21979039907455444,-0.4625735282897949
458740,1775274332.1861396,0.9387919306755066,0.09009629487991333,1.7115672826766968,0.624745786190033,-0.5895034670829773,0.2210882604122162,-0.4618423283100128
458741,1775274332.1972506,0.939203679561615,0.08999540656805038,1.7114475965499878,0.6252467632293701,-0.5892055630683899,0.22039853036403656,-0.46187421679496765
458742,1775274332.2083619,0.9393108487129211,0.09003087878227234,1.7113721370697021,0.6252163052558899,-0.5895107984542847,0.22072458267211914,-0.46136996150016785
458743,1775274332.219473,0.9392759203910828,0.09005053341388702,1.71142578125,0.6250050067901611,-0.5896603465080261,0.22163990139961243,-0.46102622151374817
458744,1775274332.230584,0.939429521560669,0.0900353416800499,1.71140718460083,0.6249368190765381,-0.5898760557174683,0.2218378633260727,-0.4607475697994232
458745,1775274332.2416952,0.9394588470458984,0.0901000052690506,1.711298942565918,0.624494731426239,-0.590471088886261,0.22182779014110565,-0.4605894386768341
458746,1775274332.2528062,0.9394972920417786,0.0901183933019638,1.7113312482833862,0.623910665512085,-0.5910566449165344,0.2225649505853653,-0.46027427911758423
458747,1775274332.2639172,0.9395332932472229,0.09014574438333511,1.7113354206085205,0.6234786510467529,-0.5915440320968628,0.222695454955101,-0.4601703882217407
458748,1775274332.2750285,0.939689040184021,0.09013400971889496,1.7113803625106812,0.6231345534324646,-0.5916533470153809,0.22295090556144714,-0.4603721797466278
458749,1775274332.2861395,0.9399552345275879,0.09015357494354248,1.7113945484161377,0.6225866675376892,-0.5920050144195557,0.22346562147140503,-0.46041178703308105
458750,1775274332.2972507,0.9400371313095093,0.09019016474485397,1.71145761013031,0.6219902634620667,-0.5926002860069275,0.22368262708187103,-0.4603467583656311
458751,1775274332.3083618,0.9401766061782837,0.09021168947219849,1.7115668058395386,0.6217725872993469,-0.5928578972816467,0.22408048808574677,-0.460115522146225
458752,1775274332.3194728,0.9403445720672607,0.09020795673131943,1.711629033088684,0.6213738322257996,-0.5932105183601379,0.22403953969478607,-0.4602198600769043
458753,1775274332.330584,0.9404635429382324,0.09015101194381714,1.7117856740951538,0.621078610420227,-0.5937145352363586,0.22410045564174652,-0.45993852615356445
458754,1775274332.341695,0.9407496452331543,0.0903015285730362,1.7117961645126343,0.6203432679176331,-0.5938657522201538,0.223892942070961,-0.46083590388298035
458755,1775274332.352806,0.940936803817749,0.09034527093172073,1.7118321657180786,0.6197295784950256,-0.5941197276115417,0.2239784598350525,-0.4612923562526703
458756,1775274332.3639174,0.9410926699638367,0.09041987359523773,1.7119669914245605,0.6189048290252686,-0.5946671962738037,0.2238786518573761,-0.4617423713207245
458757,1775274332.3750284,0.9413222074508667,0.09042027592658997,1.7121775150299072,0.6185692548751831,-0.5946758985519409,0.22386501729488373,-0.4621873199939728
458758,1775274332.3861396,0.9414564371109009,0.09039302170276642,1.7124295234680176,0.6178876161575317,-0.5951799154281616,0.22393099963665009,-0.46241846680641174
458759,1775274332.3972507,0.9415482878684998,0.09039726853370667,1.7126343250274658,0.6170994639396667,-0.5957726836204529,0.2236946076154709,-0.46282169222831726
458760,1775274332.4083617,0.9416462779045105,0.09050479531288147,1.7128187417984009,0.6160966157913208,-0.5965465307235718,0.22343893349170685,-0.4632842540740967
458761,1775274332.419473,0.9418829083442688,0.09048713743686676,1.7129837274551392,0.6155619025230408,-0.5969601273536682,0.2230832725763321,-0.46363362669944763
458762,1775274332.430584,0.9420846700668335,0.09068155288696289,1.713077425956726,0.6141300797462463,-0.5977889895439148,0.22299665212631226,-0.46450525522232056
458763,1775274332.441695,0.9421938061714172,0.0908193588256836,1.7132744789123535,0.6130020618438721,-0.5986394882202148,0.22217120230197906,-0.46529483795166016
458764,1775274332.4528062,0.9422016143798828,0.09086291491985321,1.7135493755340576,0.6119683384895325,-0.5996222496032715,0.22205869853496552,-0.46544384956359863
458765,1775274332.4639173,0.9422929286956787,0.09092901647090912,1.7137035131454468,0.6109032034873962,-0.6004292964935303,0.22144344449043274,-0.4660951793193817
458766,1775274332.4750285,0.9424620270729065,0.09111383557319641,1.7139610052108765,0.6096295714378357,-0.6014915108680725,0.2207772582769394,-0.4667089879512787
458767,1775274332.4861395,0.9426356554031372,0.09116410464048386,1.7142223119735718,0.6088164448738098,-0.6022732853889465,0.22001582384109497,-0.4671214520931244
458768,1775274332.4972506,0.9425725936889648,0.09129124134778976,1.7144877910614014,0.6076029539108276,-0.6033065915107727,0.21941640973091125,-0.467649906873703
458769,1775274332.5083618,0.9428288340568542,0.09124778211116791,1.7149287462234497,0.6072894930839539,-0.6035305857658386,0.21918237209320068,-0.4678776264190674
458770,1775274332.5194728,0.9427879452705383,0.09130996465682983,1.7152434587478638,0.6060594916343689,-0.6045278310775757,0.21872825920581818,-0.46839725971221924
458771,1775274332.5305839,0.9429755806922913,0.09134967625141144,1.715518593788147,0.6052716374397278,-0.6047232151031494,0.21789368987083435,-0.4695514738559723
458772,1775274332.541695,0.9432686567306519,0.09152182936668396,1.7159581184387207,0.6042741537094116,-0.6054007411003113,0.21732103824615479,-0.4702279269695282
458773,1775274332.5528061,0.9435778856277466,0.09166838973760605,1.7162446975708008,0.60272216796875,-0.6063379049301147,0.21762952208518982,-0.47086912393569946
458774,1775274332.5639174,0.9436261057853699,0.09171698242425919,1.7165744304656982,0.6014019250869751,-0.6074782013893127,0.21718987822532654,-0.4712902903556824
458775,1775274332.5750284,0.9437676668167114,0.09176207333803177,1.7170125246047974,0.6002954840660095,-0.60848468542099,0.21702708303928375,-0.4714773893356323
458776,1775274332.5861394,0.9440003633499146,0.09183266758918762,1.7173478603363037,0.5991817712783813,-0.6090841889381409,0.21640746295452118,-0.4724040627479553
458777,1775274332.5972507,0.9442072510719299,0.09199898689985275,1.7176527976989746,0.5976834297180176,-0.6099839806556702,0.21582452952861786,-0.47340667247772217
458778,1775274332.6083617,0.9442475438117981,0.09209185838699341,1.7179269790649414,0.5962284207344055,-0.6111487746238708,0.21525844931602478,-0.473996639251709
458779,1775274332.619473,0.9440202713012695,0.09217073023319244,1.7182642221450806,0.594367265701294,-0.6127638816833496,0.214988574385643,-0.4743711054325104
458780,1775274332.630584,0.9443122148513794,0.09242995828390121,1.7185529470443726,0.5926090478897095,-0.6136430501937866,0.21467462182044983,-0.4755750596523285
458781,1775274332.641695,0.9444044828414917,0.09272710233926773,1.718911051750183,0.5910481810569763,-0.6148103475570679,0.21351492404937744,-0.4765308201313019
458782,1775274332.6528063,0.944699227809906,0.09287605434656143,1.7190442085266113,0.5893049836158752,-0.6158313751220703,0.2114943116903305,-0.4782693386077881
458783,1775274332.6639173,0.9450737237930298,0.09314260631799698,1.7194335460662842,0.587285578250885,-0.6170597076416016,0.21088439226150513,-0.479437917470932
458784,1775274332.6750283,0.9453378319740295,0.09324029088020325,1.7197924852371216,0.5855188369750977,-0.6184606552124023,0.211104154586792,-0.4796970784664154
458785,1775274332.6861396,0.9462046027183533,0.09349408745765686,1.720000982284546,0.583792507648468,-0.6200456023216248,0.210994154214859,-0.47980329394340515
458786,1775274332.6972506,0.9958905577659607,0.09671329706907272,1.777000904083252,-0.22647415101528168,-0.5075839161872864,-0.8312103748321533,-0.012549053877592087
458787,1775274332.7083619,1.0637255907058716,0.0926993265748024,1.7119646072387695,-0.5740413069725037,0.6114059090614319,-0.2394426316022873,0.48921021819114685
458788,1775274332.719473,1.1295708417892456,0.0924898087978363,1.707637071609497,-0.5601914525032043,0.6146895289421082,-0.26535162329673767,0.48778170347213745
458789,1775274332.730584,1.1890844106674194,0.09926869720220566,1.7629225254058838,0.22499020397663116,0.5071497559547424,0.8261005878448486,0.0986735075712204
458790,1775274332.7416952,1.258884310722351,0.09155504405498505,1.6988461017608643,0.5199710130691528,-0.6294419169425964,0.32080668210983276,-0.4801209270954132
458791,1775274332.7528062,1.3206744194030762,0.09296155720949173,1.6936850547790527,0.485403448343277,-0.6447235345840454,0.35577717423439026,-0.471314936876297
458792,1775274332.7639172,1.3815165758132935,0.09337273240089417,1.690251111984253,0.4499851167201996,-0.6588426828384399,0.39570164680480957,-0.45481860637664795
458793,1775274332.7750285,1.4425808191299438,0.09320690482854843,1.6846630573272705,0.407211035490036,-0.6728383898735046,0.4296080470085144,-0.4437393844127655
458794,1775274332.7861395,1.5023555755615234,0.09335613995790482,1.6810410022735596,0.36261725425720215,-0.68675696849823,0.46870994567871094,-0.42093294858932495
458795,1775274332.7972507,1.5598690509796143,0.09420882910490036,1.67741060256958,0.3069913387298584,-0.7001780867576599,0.5127599239349365,-0.39062026143074036
458796,1775274332.8083618,1.6157889366149902,0.09525588154792786,1.6736547946929932,0.243325337767601,-0.7112541794776917,0.5569310188293457,-0.35318300127983093
458797,1775274332.8194728,1.672253131866455,0.09565640985965729,1.6695865392684937,0.17781418561935425,-0.7181247472763062,0.594701886177063,-0.31465649604797363
458798,1775274332.830584,1.7280569076538086,0.0957411378622055,1.6652909517288208,0.10820690542459488,-0.7207372188568115,0.6285538673400879,-0.27156803011894226
458799,1775274332.841695,1.7822529077529907,0.09681856632232666,1.6612962484359741,0.031128237023949623,-0.7177762985229492,0.6606281399726868,-0.21771232783794403
458800,1775274332.852806,1.8349298238754272,0.09865804761648178,1.6574687957763672,-0.05400273948907852,-0.7064502239227295,0.6886295676231384,-0.15427623689174652
458801,1775274332.8639174,1.8893386125564575,0.09954611212015152,1.6534450054168701,-0.13375157117843628,-0.6880427002906799,0.70701003074646,-0.09404566884040833
458802,1775274332.8750284,1.942535400390625,0.09923436492681503,1.6496096849441528,-0.21558575332164764,-0.6603954434394836,0.7187820672988892,-0.027441462501883507
458803,1775274332.8861396,1.9959145784378052,0.09819114208221436,1.6457111835479736,-0.2955556809902191,-0.6257132887840271,0.7207705974578857,0.04024416580796242
458804,1775274332.8972507,2.047748565673828,0.09901436418294907,1.6424676179885864,-0.38151881098747253,-0.5756168961524963,0.7134774327278137,0.11856889724731445
458805,1775274332.9083617,2.0980637073516846,0.10036835074424744,1.6387239694595337,-0.46643173694610596,-0.5111322999000549,0.6922914981842041,0.20473834872245789
458806,1775274332.919473,2.1487510204315186,0.10014333575963974,1.6352349519729614,-0.5408931374549866,-0.43933922052383423,0.6572031378746033,0.2872278094291687
458807,1775274332.930584,2.1988136768341064,0.10010015964508057,1.6309409141540527,-0.6074900031089783,-0.35685983300209045,0.604427695274353,0.371852308511734
458808,1775274332.941695,2.247263193130493,0.10123290121555328,1.6281625032424927,-0.6642016768455505,-0.2527240216732025,0.5375688076019287,0.453857421875
458809,1775274332.9528062,2.294379472732544,0.10170143842697144,1.6254194974899292,-0.7059986591339111,-0.13846701383590698,0.45075076818466187,0.5284094214439392
458810,1775274332.9639173,2.340259313583374,0.10153453052043915,1.622821569442749,-0.7260696291923523,-0.01536731980741024,0.34902945160865784,0.5922542810440063
458811,1775274332.9750285,2.3858931064605713,0.09989504516124725,1.6200281381607056,-0.726527988910675,0.1064801812171936,0.23504352569580078,0.6368465423583984
458812,1775274332.9861395,2.429088830947876,0.09884066134691238,1.6176544427871704,-0.7021247148513794,0.23336966335773468,0.10607834160327911,0.6643092632293701
458813,1775274332.9972506,2.4708991050720215,0.0988503247499466,1.6156833171844482,-0.6542906165122986,0.3531903624534607,-0.029131125658750534,0.6680656671524048
458814,1775274333.0083618,2.510531425476074,0.09866252541542053,1.6139134168624878,-0.5808402895927429,0.46363401412963867,-0.16719645261764526,0.6478530168533325
458815,1775274333.0194728,2.5502750873565674,0.09765993058681488,1.6115822792053223,-0.4870989918708801,0.5540131330490112,-0.2963913381099701,0.606593906879425
458816,1775274333.0305839,2.589427947998047,0.09640567004680634,1.60971999168396,-0.3768465220928192,0.6241225600242615,-0.4165705740451813,0.5430715084075928
458817,1775274333.041695,2.628084897994995,0.09464983642101288,1.6080050468444824,-0.25424060225486755,0.6718953847885132,-0.5236071944236755,0.45798900723457336
458818,1775274333.0528061,2.6660189628601074,0.0924919918179512,1.606360673904419,-0.12347063422203064,0.6948913335800171,-0.6134343147277832,0.35437196493148804
458819,1775274333.0639174,2.706002950668335,0.09341428428888321,1.6043498516082764,0.009727612137794495,0.6941969394683838,-0.6769464015960693,0.24441692233085632
458820,1775274333.0750284,2.746051788330078,0.09822262078523636,1.6009539365768433,0.1414303034543991,0.6743693947792053,-0.7141820192337036,0.12315621972084045
458821,1775274333.0861394,2.785717487335205,0.10234177857637405,1.5988640785217285,0.2744929790496826,0.6252312064170837,-0.7305426597595215,-0.006855275947600603
458822,1775274333.0972507,2.827052354812622,0.10476963222026825,1.597003698348999,0.3920806348323822,0.5537989139556885,-0.7220154404640198,-0.13517901301383972
458823,1775274333.1083617,2.8697457313537598,0.10597659647464752,1.5937522649765015,0.49592524766921997,0.4672797620296478,-0.6841442584991455,-0.2601047158241272
458824,1775274333.119473,2.9129810333251953,0.10547342896461487,1.5910921096801758,0.5817819237709045,0.36173802614212036,-0.6240959763526917,-0.3757387697696686
458825,1775274333.130584,2.9566237926483154,0.10327263176441193,1.5878324508666992,0.6440964341163635,0.24549050629138947,-0.5411033630371094,-0.48174840211868286
458826,1775274333.141695,3.0000007152557373,0.1035233587026596,1.586408257484436,0.6864169239997864,0.11597149074077606,-0.4383552372455597,-0.5685306787490845
458827,1775274333.1528063,3.0436418056488037,0.10665105283260345,1.5847386121749878,0.704325795173645,-0.0135091133415699,-0.32288098335266113,-0.6320526599884033
458828,1775274333.1639173,3.0859456062316895,0.10857336223125458,1.583070158958435,0.6946818828582764,-0.1434253305196762,-0.1928500235080719,-0.6779787540435791
458829,1775274333.1750283,3.1278152465820312,0.107978455722332,1.58151376247406,0.6619704961776733,-0.26741331815719604,-0.05511761084198952,-0.6980310082435608
458830,1775274333.1861396,3.1681315898895264,0.10598855465650558,1.5797114372253418,0.6033979058265686,-0.38154491782188416,0.08361208438873291,-0.6952291131019592
458831,1775274333.1972506,3.207308530807495,0.1026836708188057,1.5783461332321167,0.525283932685852,-0.48123258352279663,0.2231554090976715,-0.6653522849082947
458832,1775274333.2083619,3.2455499172210693,0.0992644876241684,1.5767689943313599,0.42711305618286133,-0.5646080374717712,0.3518607020378113,-0.6123611927032471
458833,1775274333.219473,3.28193998336792,0.09512533247470856,1.5750360488891602,0.3154333829879761,-0.6258796453475952,0.4706007242202759,-0.5360144972801208
458834,1775274333.230584,3.320589303970337,0.09256768226623535,1.5737406015396118,0.19537727534770966,-0.6615169644355774,0.5702186226844788,-0.4461768865585327
458835,1775274333.2416952,3.3583950996398926,0.09443213790655136,1.5723953247070312,0.07209902256727219,-0.6740208268165588,0.6515963673591614,-0.34047022461891174
458836,1775274333.2528062,3.3959639072418213,0.0965750589966774,1.570562481880188,-0.05717422813177109,-0.6654024124145508,0.710715651512146,-0.2210296094417572
458837,1775274333.2639172,3.4342682361602783,0.098393015563488,1.567732334136963,-0.18146224319934845,-0.6385887861251831,0.7418380975723267,-0.09461549669504166
458838,1775274333.2750285,3.4740049839019775,0.10054901242256165,1.565603494644165,-0.29800325632095337,-0.5901780128479004,0.7495214939117432,0.0331890769302845
458839,1775274333.2861395,3.5135700702667236,0.10025760531425476,1.5641608238220215,-0.40704870223999023,-0.5131464600563049,0.7380643486976624,0.1620279997587204
458840,1775274333.2972507,3.5546910762786865,0.10073862969875336,1.5615204572677612,-0.5006870627403259,-0.42456287145614624,0.6963087916374207,0.2901948392391205
458841,1775274333.3083618,3.595564842224121,0.1041407585144043,1.5591394901275635,-0.57478928565979,-0.31575533747673035,0.6318431496620178,0.41314682364463806
458842,1775274333.3194728,3.6379923820495605,0.10807013511657715,1.5572532415390015,-0.6289956569671631,-0.19974108040332794,0.5427685379981995,0.5194904804229736
458843,1775274333.330584,3.681540012359619,0.10909087210893631,1.555950403213501,-0.6622268557548523,-0.07806768268346786,0.43607690930366516,0.6043160557746887
458844,1775274333.341695,3.724210023880005,0.10846655070781708,1.5544991493225098,-0.6714845895767212,0.047688256949186325,0.3113735318183899,0.6707316040992737
458845,1775274333.352806,3.767336368560791,0.10896307229995728,1.5536398887634277,-0.6580381393432617,0.169343501329422,0.180223748087883,0.7112158536911011
458846,1775274333.3639174,3.8094820976257324,0.1098107099533081,1.5515528917312622,-0.6177704930305481,0.2827509939670563,0.04669306054711342,0.7322781682014465
458847,1775274333.3750284,3.8511574268341064,0.10689590871334076,1.5504919290542603,-0.5617734789848328,0.3851655423641205,-0.0938107818365097,0.7261251211166382
458848,1775274333.3861396,3.8904225826263428,0.10326017439365387,1.5500783920288086,-0.4856951832771301,0.4766595959663391,-0.23137834668159485,0.6952409744262695
458849,1775274333.3972507,3.929874897003174,0.10121279954910278,1.5493271350860596,-0.38818490505218506,0.5491630434989929,-0.3564733862876892,0.6485824584960938
458850,1775274333.4083617,3.9691009521484375,0.09850864112377167,1.547271490097046,-0.2845533490180969,0.6003009080886841,-0.4714395999908447,0.5800111293792725
458851,1775274333.419473,4.006443977355957,0.09793795645236969,1.5453075170516968,-0.18269553780555725,0.6365771889686584,-0.5678137540817261,0.4888553321361542
458852,1775274333.430584,4.041383266448975,0.0954199731349945,1.5449897050857544,-0.0573987178504467,0.6514495611190796,-0.6570979952812195,0.3748883008956909
458853,1775274333.441695,4.075979232788086,0.09517805278301239,1.544751524925232,0.06061650067567825,0.6439080238342285,-0.720976710319519,0.24879863858222961
458854,1775274333.4528062,4.111557483673096,0.09488524496555328,1.5428041219711304,0.17008018493652344,0.6124787926673889,-0.7579795718193054,0.14631971716880798
458855,1775274333.4639173,4.139803886413574,0.09480315446853638,1.5413936376571655,0.2527630925178528,0.5778830051422119,-0.7734845876693726,0.06232060492038727
458856,1775274333.4750285,4.139803886413574,0.09480315446853638,1.5413936376571655,0.2527630627155304,0.5778830051422119,-0.773484468460083,0.06232060119509697
458857,1775274333.4861395,4.139803886413574,0.09480315446853638,1.5413936376571655,0.2527630627155304,0.5778830051422119,-0.773484468460083,0.06232060119509697
458858,1775274333.4972506,4.139803886413574,0.09480315446853638,1.5413936376571655,0.2527630627155304,0.5778830051422119,-0.773484468460083,0.06232060119509697
458859,1775274333.5083618,4.139803886413574,0.09480315446853638,1.5413936376571655,0.2527630627155304,0.5778830051422119,-0.773484468460083,0.06232060119509697
458860,1775274333.5194728,4.137570381164551,0.08440554141998291,1.5193276405334473,0.3294452130794525,0.4758135676383972,-0.7917736768722534,0.19535034894943237
458861,1775274333.5305839,4.137729167938232,0.08469733595848083,1.5191642045974731,0.32874372601509094,0.47852495312690735,-0.7934949994087219,0.18250250816345215
458862,1775274333.541695,4.138176441192627,0.08553241938352585,1.5188769102096558,0.33044666051864624,0.47982653975486755,-0.7934595346450806,0.1760500967502594
458863,1775274333.5528061,4.139504432678223,0.08599745482206345,1.5195121765136719,0.3359924256801605,0.48112019896507263,-0.7916950583457947,0.1698569506406784
458864,1775274333.5639174,4.140536785125732,0.08681858330965042,1.5192707777023315,0.3408355414867401,0.4803066849708557,-0.7916880249977112,0.16237832605838776
458865,1775274333.5750284,4.141722679138184,0.08768048882484436,1.5194356441497803,0.34568363428115845,0.4793718755245209,-0.7920050621032715,0.15308025479316711
458866,1775274333.5861394,4.143319129943848,0.08827147632837296,1.5193406343460083,0.3512774705886841,0.47831079363822937,-0.7908475399017334,0.14961028099060059
458867,1775274333.5972507,4.144556045532227,0.08904881030321121,1.5197317600250244,0.35677534341812134,0.4779198467731476,-0.7903159856796265,0.14037282764911652
458868,1775274333.6083617,4.146579742431641,0.0894586592912674,1.5204486846923828,0.3628295063972473,0.4773785471916199,-0.7888755798339844,0.13468405604362488
458869,1775274333.619473,4.148298740386963,0.08930526673793793,1.5210827589035034,0.36790114641189575,0.4752331078052521,-0.7889581322669983,0.12785685062408447
458870,1775274333.630584,4.150306224822998,0.08927647024393082,1.5218427181243896,0.37358522415161133,0.4727788269519806,-0.7887536287307739,0.12158159166574478
458871,1775274333.641695,4.151880741119385,0.09009892493486404,1.5217859745025635,0.37846189737319946,0.4737287759780884,-0.78725665807724,0.11213704198598862
458872,1775274333.6528063,4.153684139251709,0.08992058783769608,1.5234006643295288,0.3838251531124115,0.4711761772632599,-0.7871411442756653,0.10526187717914581
458873,1775274333.6639173,4.15524959564209,0.08987192809581757,1.5239934921264648,0.38871943950653076,0.4703376889228821,-0.7863151431083679,0.09689301997423172
458874,1775274333.6750283,4.157386302947998,0.09004339575767517,1.525107741355896,0.3938969075679779,0.4686214327812195,-0.7854843139648438,0.0908486396074295
458875,1775274333.6861396,4.15903902053833,0.09011286497116089,1.5259898900985718,0.3990023732185364,0.46742740273475647,-0.7844797968864441,0.08306840807199478
458876,1775274333.6972506,4.160409450531006,0.09046678245067596,1.5266653299331665,0.4034440219402313,0.46703940629959106,-0.7833327054977417,0.07414262741804123
458877,1775274333.7083619,4.161975860595703,0.09080243110656738,1.5275189876556396,0.4076552391052246,0.46689778566360474,-0.781898021697998,0.06677784770727158
458878,1775274333.719473,4.163568496704102,0.09110993146896362,1.528281807899475,0.4140208959579468,0.46552640199661255,-0.7801312804222107,0.05715911462903023
458879,1775274333.730584,4.165635108947754,0.0910198837518692,1.5287606716156006,0.41913068294525146,0.46403658390045166,-0.7787485718727112,0.050499193370342255
458880,1775274333.7416952,4.167623043060303,0.09152890741825104,1.5290868282318115,0.42353323101997375,0.4639616012573242,-0.7768866419792175,0.042505115270614624
458881,1775274333.7528062,4.169410705566406,0.09158451110124588,1.5298089981079102,0.42705899477005005,0.46346747875213623,-0.7756680250167847,0.03402195870876312
458882,1775274333.7639172,4.171038627624512,0.09199465066194534,1.530591368675232,0.4308188259601593,0.4638611078262329,-0.7736750245094299,0.02559797652065754
458883,1775274333.7750285,4.1727213859558105,0.09252208471298218,1.5313953161239624,0.43491330742836,0.46368980407714844,-0.7717344760894775,0.016377339139580727
458884,1775274333.7861395,4.174604892730713,0.0930175706744194,1.5330078601837158,0.4410529136657715,0.462775319814682,-0.7689321041107178,0.007407966069877148
458885,1775274333.7972507,4.17628812789917,0.0934503823518753,1.533981204032898,0.44451600313186646,0.4632493257522583,-0.7666847705841064,-0.00044999804231338203
458886,1775274333.8083618,4.177577018737793,0.09354756772518158,1.5349276065826416,0.44796067476272583,0.4621085524559021,-0.7652885913848877,-0.01096800621598959
458887,1775274333.8194728,4.179147720336914,0.09375196695327759,1.5352602005004883,0.45157578587532043,0.46299317479133606,-0.7623380422592163,-0.023610902950167656
458888,1775274333.830584,4.180863857269287,0.09426607936620712,1.536178469657898,0.455145001411438,0.46365687251091003,-0.7594357132911682,-0.033509280532598495
458889,1775274333.841695,4.182497978210449,0.09462229162454605,1.5376288890838623,0.4607114791870117,0.4618154764175415,-0.7568871974945068,-0.0399157740175724
458890,1775274333.852806,4.184212684631348,0.09509223699569702,1.5386141538619995,0.4648241102695465,0.46227124333381653,-0.7535002827644348,-0.049812640994787216
458891,1775274333.8639174,4.185918807983398,0.09545779228210449,1.5398085117340088,0.4685855209827423,0.46221646666526794,-0.7505228519439697,-0.05915346369147301
458892,1775274333.8750284,4.188408851623535,0.09537109732627869,1.5408891439437866,0.4729165732860565,0.46162477135658264,-0.7476317882537842,-0.06556808948516846
458893,1775274333.8861396,4.190598487854004,0.09556803107261658,1.5421446561813354,0.4775688946247101,0.46183907985687256,-0.743872880935669,-0.07270445674657822
458894,1775274333.8972507,4.192368507385254,0.0958670973777771,1.5435104370117188,0.48125171661376953,0.46091991662979126,-0.7410728931427002,-0.08222383260726929
458895,1775274333.9083617,4.194387912750244,0.09622859209775925,1.5450726747512817,0.4841172397136688,0.4609040319919586,-0.7381075024604797,-0.09162594377994537
458896,1775274333.919473,4.195958137512207,0.09667780250310898,1.5465025901794434,0.48700323700904846,0.4613272547721863,-0.7344774603843689,-0.10270293802022934
458897,1775274333.930584,4.198202610015869,0.09703473746776581,1.5479199886322021,0.4901967942714691,0.46214398741722107,-0.7304940819740295,-0.11184131354093552
458898,1775274333.941695,4.199996471405029,0.09763244539499283,1.5495518445968628,0.4937847852706909,0.4628346562385559,-0.7257577776908875,-0.12343548238277435
458899,1775274333.9528062,4.202164173126221,0.09788724780082703,1.5510525703430176,0.49731671810150146,0.4630236327648163,-0.7216841578483582,-0.13212616741657257
458900,1775274333.9639173,4.2043352127075195,0.09829799830913544,1.5526143312454224,0.5012560486793518,0.46299538016319275,-0.7169456481933594,-0.14271165430545807
458901,1775274333.9750285,4.205719947814941,0.09913813322782516,1.5544134378433228,0.5029651522636414,0.46381664276123047,-0.7124022841453552,-0.1561513990163803
458902,1775274333.9861395,4.207928657531738,0.09963474422693253,1.5560011863708496,0.5066919922828674,0.46444109082221985,-0.7068097591400146,-0.16726568341255188
458903,1775274333.9972506,4.209830284118652,0.10021252930164337,1.5573879480361938,0.5103582143783569,0.4644260108470917,-0.7015707492828369,-0.17788061499595642
458904,1775274334.0083618,4.211718559265137,0.100648432970047,1.558944582939148,0.5126070976257324,0.4651319086551666,-0.6966062188148499,-0.18874917924404144
458905,1775274334.0194728,4.213229179382324,0.10099715739488602,1.5601898431777954,0.5143512487411499,0.4656468629837036,-0.6925605535507202,-0.19742290675640106
458906,1775274334.0305839,4.1395063400268555,0.10079638659954071,1.5287774801254272,0.48382124304771423,0.4740311801433563,-0.712826669216156,-0.1819058209657669
458907,1775274334.041695,4.1395063400268555,0.10079638659954071,1.5287774801254272,0.48382121324539185,0.47403115034103394,-0.7128266096115112,-0.1819058209657669
458908,1775274334.0528061,4.047452449798584,0.09957274049520493,1.4908514022827148,0.4455922245979309,0.49328961968421936,-0.7313172817230225,-0.15260420739650726
458909,1775274334.0639174,4.003904342651367,0.09823158383369446,1.4723997116088867,0.41953352093696594,0.5020256638526917,-0.7459784150123596,-0.12441149353981018
458910,1775274334.0750284,3.9617881774902344,0.09799601137638092,1.454150915145874,0.3895798921585083,0.5151450634002686,-0.7580292820930481,-0.09080047160387039
458911,1775274334.0861394,3.9199862480163574,0.096560999751091,1.4366455078125,0.3590300381183624,0.5237624645233154,-0.7705651521682739,-0.054769523441791534
458912,1775274334.0972507,3.8792786598205566,0.09439423680305481,1.4197245836257935,0.32415342330932617,0.5347087979316711,-0.7802760004997253,-0.013436190783977509
458913,1775274334.1083617,3.8392107486724854,0.09230726957321167,1.4048643112182617,0.278129518032074,0.5345818996429443,-0.7972847819328308,0.034687697887420654
458914,1775274334.119473,3.8023433685302734,0.09094318747520447,1.3892531394958496,0.23207932710647583,0.535895586013794,-0.8063797354698181,0.09331030398607254
458915,1775274334.130584,3.7666921615600586,0.08865253627300262,1.3734196424484253,0.1827702671289444,0.5372593998908997,-0.8090705871582031,0.152814120054245
458916,1775274334.141695,3.731213092803955,0.0865093246102333,1.3587918281555176,0.13036492466926575,0.5272192358970642,-0.8118171691894531,0.21447081863880157
458917,1775274334.1528063,3.69675350189209,0.08613520860671997,1.3454782962799072,0.07027275860309601,0.5159199833869934,-0.8085550665855408,0.2740930914878845
458918,1775274334.1639173,3.6642696857452393,0.08501854538917542,1.3318183422088623,0.012170535512268543,0.5000336766242981,-0.7967106699943542,0.3392202854156494
458919,1775274334.1750283,3.632523536682129,0.0839654952287674,1.3177502155303955,-0.05084756761789322,0.4805009365081787,-0.7767179608345032,0.40403294563293457
458920,1775274334.1861396,3.60150146484375,0.08359356224536896,1.304585337638855,-0.11536036431789398,0.4542660713195801,-0.751762866973877,0.4638824462890625
458921,1775274334.1972506,3.572667360305786,0.08434966206550598,1.2925053834915161,-0.1881202757358551,0.41344138979911804,-0.7132889032363892,0.5337564945220947
458922,1775274334.2083619,3.5441946983337402,0.08556096255779266,1.2809176445007324,-0.2577674984931946,0.3682042360305786,-0.6692507266998291,0.5916798114776611
458923,1775274334.219473,3.5168826580047607,0.08727690577507019,1.2692748308181763,-0.3278807997703552,0.31472280621528625,-0.6127210855484009,0.6465420722961426
458924,1775274334.230584,3.4898760318756104,0.09086204320192337,1.2579195499420166,-0.39716050028800964,0.2530750334262848,-0.5443997979164124,0.6941509246826172
458925,1775274334.2416952,3.4623043537139893,0.09554574638605118,1.2466093301773071,-0.4622487723827362,0.1854543387889862,-0.4664652347564697,0.7309876680374146
458926,1775274334.2528062,3.435408592224121,0.09974925965070724,1.2348105907440186,-0.5184651017189026,0.10794926434755325,-0.376372367143631,0.7601873278617859
458927,1775274334.2639172,3.406047821044922,0.10410501062870026,1.222747564315796,-0.5675831437110901,0.03039662167429924,-0.28142333030700684,0.7731276750564575
458928,1775274334.2750285,3.376223087310791,0.10950466990470886,1.210721731185913,-0.6106550693511963,-0.0520898699760437,-0.17576314508914948,0.7703858613967896
458929,1775274334.2861395,3.3449878692626953,0.11426534503698349,1.1977803707122803,-0.6392576098442078,-0.1342540830373764,-0.06713947653770447,0.754200279712677
458930,1775274334.2972507,3.3123791217803955,0.11679773032665253,1.1848734617233276,-0.6581964492797852,-0.21431514620780945,0.04443700611591339,0.720327615737915
458931,1775274334.3083618,3.2790393829345703,0.11861211061477661,1.1713769435882568,-0.6587890982627869,-0.29346346855163574,0.15544460713863373,0.675065279006958
458932,1775274334.3194728,3.2450954914093018,0.12010318040847778,1.157716155052185,-0.6470327973365784,-0.3664744198322296,0.2650158703327179,0.6138498783111572
458933,1775274334.330584,3.211284637451172,0.11888664960861206,1.1437541246414185,-0.619711697101593,-0.4344400465488434,0.3684873878955841,0.5398484468460083
458934,1775274334.341695,3.177154302597046,0.11677886545658112,1.1307753324508667,-0.5816130638122559,-0.49063098430633545,0.46415844559669495,0.45339223742485046
458935,1775274334.352806,3.1436548233032227,0.11394492536783218,1.117888331413269,-0.5298662781715393,-0.5368496179580688,0.5501148700714111,0.35834047198295593
458936,1775274334.3639174,3.111476421356201,0.11059242486953735,1.106200098991394,-0.46615365147590637,-0.5729846358299255,0.6243082284927368,0.2542215585708618
458937,1775274334.3750284,3.080625057220459,0.1068841964006424,1.0941736698150635,-0.3932589590549469,-0.5973268151283264,0.6828820705413818,0.1490645706653595
458938,1775274334.3861396,3.0509321689605713,0.10207141935825348,1.0833420753479004,-0.3131268620491028,-0.607558012008667,0.7287566065788269,0.041698504239320755
458939,1775274334.3972507,3.0233497619628906,0.09807261824607849,1.0721802711486816,-0.22788482904434204,-0.6074578762054443,0.7582138180732727,-0.06461606919765472
458940,1775274334.4083617,2.996734619140625,0.09368720650672913,1.0623979568481445,-0.13503457605838776,-0.5937689542770386,0.7741357088088989,-0.1729682832956314
458941,1775274334.419473,2.971968650817871,0.09021326899528503,1.0536702871322632,-0.04158632829785347,-0.5679082274436951,0.7743409872055054,-0.27594730257987976
458942,1775274334.430584,2.9474070072174072,0.08824789524078369,1.0443801879882812,0.05111069977283478,-0.5325936675071716,0.759765625,-0.36944276094436646
458943,1775274334.441695,2.923518657684326,0.08671487867832184,1.0357708930969238,0.14426684379577637,-0.48611631989479065,0.7323225140571594,-0.45451268553733826
458944,1775274334.4528062,2.8997344970703125,0.08548709750175476,1.0264664888381958,0.23143461346626282,-0.4320572018623352,0.6908798217773438,-0.5314598679542542
458945,1775274334.4639173,2.8768093585968018,0.08611957728862762,1.017531394958496,0.3178916275501251,-0.3679138720035553,0.6353549957275391,-0.5999236702919006
458946,1775274334.4750285,2.8538105487823486,0.09039172530174255,1.0084936618804932,0.39589768648147583,-0.2954930067062378,0.5685335397720337,-0.657813549041748
458947,1775274334.4861395,2.829143762588501,0.09541913121938705,0.998677134513855,0.4658903181552887,-0.22182771563529968,0.4903604984283447,-0.7023428082466125
458948,1775274334.4972506,2.8031117916107178,0.10006239265203476,0.988166332244873,0.5264049172401428,-0.1439562886953354,0.40698686242103577,-0.7324863076210022
458949,1775274334.5083618,2.776460886001587,0.10409963130950928,0.9772853851318359,0.5774841904640198,-0.06028814986348152,0.3131512701511383,-0.7515409588813782
458950,1775274334.5194728,2.7481324672698975,0.10729289054870605,0.9667124152183533,0.6196207404136658,0.024902427569031715,0.2155018448829651,-0.7543267607688904
458951,1775274334.5305839,2.7194318771362305,0.11186913400888443,0.9554271697998047,0.6497535705566406,0.11424620449542999,0.10929455608129501,-0.7435205578804016
458952,1775274334.541695,2.6886472702026367,0.1162765622138977,0.9429285526275635,0.6650979518890381,0.1997230499982834,0.003876893315464258,-0.7195419073104858
458953,1775274334.5528061,2.6568028926849365,0.11923085153102875,0.930079996585846,0.6676775813102722,0.28194892406463623,-0.1019168496131897,-0.6814135909080505
458954,1775274334.5639174,2.6234519481658936,0.12047725170850754,0.9175822734832764,0.6575154662132263,0.35901111364364624,-0.20677921175956726,-0.6293066143989563
458955,1775274334.5750284,2.5897200107574463,0.12070456892251968,0.9052759408950806,0.6368489861488342,0.42758792638778687,-0.30883723497390747,-0.5623269081115723
458956,1775274334.5861394,2.5563783645629883,0.11985335499048233,0.8924265503883362,0.5997427701950073,0.49188920855522156,-0.4036182165145874,-0.4852277636528015
458957,1775274334.5972507,2.523144006729126,0.11797261983156204,0.8801199197769165,0.5510323643684387,0.5441848039627075,-0.4916118085384369,-0.3981761038303375
458958,1775274334.6083617,2.490593433380127,0.11493872106075287,0.8683149814605713,0.49005240201950073,0.5858224630355835,-0.5693855881690979,-0.3040737509727478
458959,1775274334.619473,2.459090232849121,0.11189360171556473,0.8568648099899292,0.42105117440223694,0.6142109632492065,-0.6354054808616638,-0.20425643026828766
458960,1775274334.630584,2.4289071559906006,0.10774492472410202,0.8457069396972656,0.3435545265674591,0.6326090097427368,-0.6864482164382935,-0.10278676450252533
458961,1775274334.641695,2.4003024101257324,0.1027417704463005,0.8354862928390503,0.25881701707839966,0.6371435523033142,-0.7259902954101562,0.00014384121459443122
458962,1775274334.6528063,2.3736531734466553,0.09769447147846222,0.825654149055481,0.16937364637851715,0.6304932832717896,-0.7503867745399475,0.10349147766828537
458963,1775274334.6639173,2.3480823040008545,0.09371084719896317,0.8155524134635925,0.07837279140949249,0.61297607421875,-0.7594987750053406,0.20317432284355164
458964,1775274334.6750283,2.3233299255371094,0.0907202735543251,0.8067877292633057,-0.014719008468091488,0.5814480185508728,-0.7572668790817261,0.29706642031669617
458965,1775274334.6861396,2.299440383911133,0.08801132440567017,0.7981973886489868,-0.10546304285526276,0.5404712557792664,-0.7407786250114441,0.3847278654575348
458966,1775274334.6972506,2.2761001586914062,0.08577661216259003,0.7899121046066284,-0.1952841579914093,0.4899904429912567,-0.7118590474128723,0.46371346712112427
458967,1775274334.7083619,2.2536861896514893,0.08504786342382431,0.7811658978462219,-0.28133663535118103,0.4313850998878479,-0.6680076122283936,0.5371428728103638
458968,1775274334.719473,2.230997085571289,0.08694351464509964,0.7726359963417053,-0.36189672350883484,0.36406803131103516,-0.6131144762039185,0.6004797220230103
458969,1775274334.730584,2.2081589698791504,0.08949405699968338,0.7639566659927368,-0.4366433024406433,0.2901354730129242,-0.5477318167686462,0.6520382165908813
458970,1775274334.7416952,2.1843619346618652,0.09259233623743057,0.754555344581604,-0.5018166303634644,0.21120856702327728,-0.47246912121772766,0.6930685043334961
458971,1775274334.7528062,2.1592202186584473,0.09706854820251465,0.7449139356613159,-0.5575376152992249,0.12837213277816772,-0.3914586901664734,0.720716655254364
458972,1775274334.7639172,2.133002519607544,0.10201643407344818,0.7350640296936035,-0.6052768230438232,0.043237172067165375,-0.30135011672973633,0.7354989647865295
458973,1775274334.7750285,2.1056416034698486,0.10691257566213608,0.724554181098938,-0.6408610939979553,-0.04427416995167732,-0.20619744062423706,0.7381189465522766
458974,1775274334.7861395,2.0766236782073975,0.11053423583507538,0.7133617997169495,-0.6652535200119019,-0.1300685554742813,-0.10833410173654556,0.7271751165390015
458975,1775274334.7972507,2.0466697216033936,0.11433539539575577,0.7021605968475342,-0.6770271062850952,-0.2158246487379074,-0.006495087873190641,0.7035707831382751
458976,1775274334.8083618,2.0154974460601807,0.11804181337356567,0.6905107498168945,-0.6765235662460327,-0.29956290125846863,0.0969671979546547,0.6657142043113708
458977,1775274334.8194728,1.9832683801651,0.11962808668613434,0.6784135699272156,-0.6625715494155884,-0.37776464223861694,0.1965199112892151,0.6161758899688721
458978,1775274334.830584,1.9505687952041626,0.11947128921747208,0.6661920547485352,-0.6360580921173096,-0.450258731842041,0.2943230867385864,0.5532370209693909
458979,1775274334.841695,1.9175996780395508,0.11899664252996445,0.6541443467140198,-0.5968272686004639,-0.5133339166641235,0.38763609528541565,0.4796079993247986
458980,1775274334.852806,1.884936809539795,0.11816298216581345,0.6424014568328857,-0.5457459688186646,-0.5665059685707092,0.47344619035720825,0.39633458852767944
458981,1775274334.8639174,1.8528246879577637,0.11497741937637329,0.6306813359260559,-0.48362523317337036,-0.6094090342521667,0.5484791994094849,0.30642765760421753
458982,1775274334.8750284,1.8218082189559937,0.11158590018749237,0.6194291114807129,-0.41273748874664307,-0.6399768590927124,0.6129006147384644,0.21078521013259888
458983,1775274334.8861396,1.791838526725769,0.10864987224340439,0.6083675026893616,-0.33484262228012085,-0.659237265586853,0.6634159088134766,0.11474306136369705
458984,1775274334.8972507,1.7635060548782349,0.10387708246707916,0.5983549952507019,-0.25029292702674866,-0.6652186512947083,0.7032821774482727,0.015226798132061958
458985,1775274334.9083617,1.7364517450332642,0.09792779386043549,0.5889631509780884,-0.16118279099464417,-0.6577396392822266,0.731003999710083,-0.08385653793811798
458986,1775274334.919473,1.7107677459716797,0.09339816868305206,0.58012855052948,-0.07102510333061218,-0.6388490200042725,0.744499146938324,-0.18041175603866577
458987,1775274334.930584,1.6860871315002441,0.09050687402486801,0.5714164972305298,0.020673207938671112,-0.6094789505004883,0.745215654373169,-0.26974374055862427
458988,1775274334.941695,1.662722110748291,0.08726319670677185,0.5625900030136108,0.11018800735473633,-0.5696572065353394,0.7318803071975708,-0.357352077960968
458989,1775274334.9528062,1.640239953994751,0.08408628404140472,0.5545682311058044,0.19978086650371552,-0.5195707678794861,0.7065082788467407,-0.4370124340057373
458990,1775274334.9639173,1.617386817932129,0.08256537467241287,0.5469078421592712,0.28528258204460144,-0.4610312879085541,0.6705710291862488,-0.5063580870628357
458991,1775274334.9750285,1.5953686237335205,0.0840381607413292,0.5386012196540833,0.36250168085098267,-0.3962063789367676,0.6234807372093201,-0.568229615688324
458992,1775274334.9861395,1.5732170343399048,0.08639677613973618,0.5303594470024109,0.437136173248291,-0.3226053714752197,0.5628402233123779,-0.6229355335235596
458993,1775274334.9972506,1.5501222610473633,0.08888833969831467,0.5218746662139893,0.5022761225700378,-0.24348856508731842,0.4959908425807953,-0.66515052318573
458994,1775274335.0083618,1.5267246961593628,0.09194550663232803,0.5129613280296326,0.5601645708084106,-0.15982511639595032,0.41835859417915344,-0.6968843340873718
458995,1775274335.0194728,1.5014594793319702,0.09649240970611572,0.5036936402320862,0.6079034805297852,-0.07488147914409637,0.336115300655365,-0.7154527306556702
458996,1775274335.0305839,1.475313663482666,0.10186993330717087,0.4943080544471741,0.6448307037353516,0.01311889011412859,0.24833351373672485,-0.722739040851593
458997,1775274335.041695,1.4479893445968628,0.10671056807041168,0.4838257431983948,0.6703552603721619,0.10060929507017136,0.15470194816589355,-0.7187273502349854
458998,1775274335.0528061,1.4193029403686523,0.10965905338525772,0.4734317362308502,0.6857323050498962,0.18860791623592377,0.05886281654238701,-0.7005237340927124
458999,1775274335.0639174,1.3896383047103882,0.11313380300998688,0.46214303374290466,0.6862231492996216,0.2756991684436798,-0.03954048454761505,-0.6719556450843811
459000,1775274335.0750284,1.3585584163665771,0.11705967038869858,0.4509132504463196,0.6757888197898865,0.3567241132259369,-0.13560906052589417,-0.6306089758872986
459001,1775274335.0861394,1.3265949487686157,0.11880727857351303,0.43935680389404297,0.6542876958847046,0.4310075640678406,-0.23172211647033691,-0.5765805244445801
459002,1775274335.0972507,1.293749213218689,0.1182962954044342,0.42773887515068054,0.6193585395812988,0.4977094531059265,-0.32088202238082886,-0.5154755115509033
459003,1775274335.1083617,1.2615318298339844,0.11678126454353333,0.41590026021003723,0.5727729797363281,0.5582473278045654,-0.4089082181453705,-0.43941444158554077
459004,1775274335.119473,1.2295459508895874,0.11586469411849976,0.4043514132499695,0.514491081237793,0.6080383062362671,-0.4882197976112366,-0.3566930294036865
459005,1775274335.130584,1.1982975006103516,0.11293534934520721,0.3931850492954254,0.44807523488998413,0.6460046768188477,-0.5562605261802673,-0.26922252774238586
459006,1775274335.141695,1.177946925163269,0.10855551064014435,0.3857381343841553,0.4060545563697815,0.6624785661697388,-0.59477698802948,-0.20611201226711273
459007,1775274335.1528063,1.183066725730896,0.10481587052345276,0.38492414355278015,0.4276675581932068,0.6539580821990967,-0.5902433395385742,-0.20261333882808685
459008,1775274335.1639173,1.1873093843460083,0.1066226214170456,0.3816775679588318,0.4401673972606659,0.6391355991363525,-0.5949468016624451,-0.20927688479423523
459009,1775274335.1750283,1.1916970014572144,0.10488039255142212,0.378774493932724,0.4494175612926483,0.6214748024940491,-0.6016173958778381,-0.22326983511447906
459010,1775274335.1861396,1.19357168674469,0.10389349609613419,0.376202255487442,0.45476213097572327,0.6104602217674255,-0.6089701056480408,-0.22290168702602386
459011,1775274335.1972506,1.1958305835723877,0.10362935811281204,0.3736894130706787,0.46734851598739624,0.6023603081703186,-0.60923832654953,-0.21811936795711517
459012,1775274335.2083619,1.198339581489563,0.10348878055810928,0.3712419867515564,0.4771833121776581,0.5942829847335815,-0.6109851598739624,-0.2140587419271469
459013,1775274335.219473,1.1987353563308716,0.10396174341440201,0.3686316907405853,0.4828232228755951,0.5865366458892822,-0.6149312257766724,-0.21146176755428314
459014,1775274335.230584,1.1982070207595825,0.10400357842445374,0.3663581609725952,0.48619040846824646,0.5794393420219421,-0.621525228023529,-0.2039007544517517
459015,1775274335.2416952,1.1972383260726929,0.10420547425746918,0.3635404109954834,0.4879705309867859,0.5753419995307922,-0.6276743412017822,-0.19207116961479187
459016,1775274335.2528062,1.1955780982971191,0.10382333397865295,0.36038529872894287,0.4875414967536926,0.5726374387741089,-0.634735107421875,-0.1774856001138687
459017,1775274335.2639172,1.194168210029602,0.10294442623853683,0.3573065996170044,0.4890386760234833,0.5680416226387024,-0.6417807340621948,-0.1621340662240982
459018,1775274335.2750285,1.192427158355713,0.10202721506357193,0.3544745147228241,0.4889826774597168,0.56380695104599,-0.6489722728729248,-0.1478264182806015
459019,1775274335.2861395,1.1909955739974976,0.10106490552425385,0.35161182284355164,0.48873603343963623,0.5608431696891785,-0.6550650596618652,-0.13221867382526398
459020,1775274335.2972507,1.1893442869186401,0.10047086328268051,0.34886568784713745,0.4891285002231598,0.5558986067771912,-0.6615209579467773,-0.11882790178060532
459021,1775274335.3083618,1.1877743005752563,0.0995979905128479,0.34612128138542175,0.48750048875808716,0.5526427030563354,-0.6677577495574951,-0.1050187274813652
459022,1775274335.3194728,1.1864736080169678,0.09855087101459503,0.3434286415576935,0.4872126877307892,0.548435628414154,-0.6736372709274292,-0.08974975347518921
459023,1775274335.330584,1.1847374439239502,0.09793756902217865,0.34057706594467163,0.48576679825782776,0.5455753207206726,-0.6785387396812439,-0.07722371816635132
459024,1775274335.341695,1.1832520961761475,0.0972549319267273,0.3381210267543793,0.4844004809856415,0.5416992902755737,-0.6839444637298584,-0.06432731449604034
459025,1775274335.352806,1.1815173625946045,0.09688173234462738,0.3357680141925812,0.4828895330429077,0.5369012355804443,-0.6897061467170715,-0.05348166078329086
459026,1775274335.3639174,1.1796668767929077,0.09628813713788986,0.3332687020301819,0.48015210032463074,0.5337053537368774,-0.694880485534668,-0.04187704995274544
459027,1775274335.3750284,1.178051471710205,0.0955788642168045,0.3309319019317627,0.47769033908843994,0.53007572889328,-0.6999592185020447,-0.02981189265847206
459028,1775274335.3861396,1.1768102645874023,0.09493178129196167,0.32857075333595276,0.4753072261810303,0.5264831185340881,-0.7047174572944641,-0.016488688066601753
459029,1775274335.3972507,1.1754372119903564,0.09438243508338928,0.32635757327079773,0.4734809398651123,0.5227791666984558,-0.7088643908500671,-0.0053862761706113815
459030,1775274335.4083617,1.1741513013839722,0.09359970688819885,0.3243424594402313,0.4696989357471466,0.5195107460021973,-0.7137382626533508,0.008320026099681854
459031,1775274335.419473,1.172333002090454,0.09287608414888382,0.32251742482185364,0.4671788513660431,0.5140494108200073,-0.7191444635391235,0.018123570829629898
459032,1775274335.430584,1.1709762811660767,0.09218023717403412,0.32045868039131165,0.4640989899635315,0.5099284052848816,-0.7236477732658386,0.030317243188619614
459033,1775274335.441695,1.169490933418274,0.09160338342189789,0.31818491220474243,0.46050265431404114,0.5067325830459595,-0.7276087999343872,0.041771017014980316
459034,1775274335.4528062,1.1679496765136719,0.09097195416688919,0.3162994682788849,0.457165390253067,0.5030812621116638,-0.7315833568572998,0.051911644637584686
459035,1775274335.4639173,1.1663910150527954,0.09049360454082489,0.3145935535430908,0.4529774785041809,0.49913161993026733,-0.7360196113586426,0.06288342922925949
459036,1775274335.4750285,1.1647993326187134,0.08999115228652954,0.31277555227279663,0.4489094316959381,0.49583756923675537,-0.7398313283920288,0.0726293995976448
459037,1775274335.4861395,1.1635117530822754,0.08931198716163635,0.3108310103416443,0.4446926414966583,0.49267613887786865,-0.7433274984359741,0.08356469869613647
459038,1775274335.4972506,1.1618373394012451,0.08887462317943573,0.30914342403411865,0.44089770317077637,0.48946499824523926,-0.7465652227401733,0.09313234686851501
459039,1775274335.5083618,1.1603866815567017,0.08833816647529602,0.30746567249298096,0.43624308705329895,0.4854496419429779,-0.7505724430084229,0.10330361872911453
459040,1775274335.5194728,1.1589751243591309,0.08799897134304047,0.30562928318977356,0.43205979466438293,0.483402281999588,-0.7529141902923584,0.11299077421426773
459041,1775274335.5305839,1.1574969291687012,0.0873841866850853,0.30374884605407715,0.42769381403923035,0.4798172414302826,-0.756036639213562,0.12354017794132233
459042,1775274335.541695,1.1559797525405884,0.08696284145116806,0.3024533987045288,0.422934353351593,0.4756576716899872,-0.7597006559371948,0.1331586390733719
459043,1775274335.5528061,1.1542800664901733,0.08631698787212372,0.3009464144706726,0.4182279407978058,0.4725326597690582,-0.76253741979599,0.1426011472940445
459044,1775274335.5639174,1.1528147459030151,0.08600669354200363,0.29930755496025085,0.4132528305053711,0.47032463550567627,-0.7648975253105164,0.15148845314979553
459045,1775274335.5750284,1.1514540910720825,0.08545594662427902,0.2978059649467468,0.40837979316711426,0.4673860967159271,-0.7672243714332581,0.16168805956840515
459046,1775274335.5861394,1.1496939659118652,0.08511452376842499,0.2963416576385498,0.4035007953643799,0.4629230797290802,-0.7705047726631165,0.1709146499633789
459047,1775274335.5972507,1.1484296321868896,0.08460141718387604,0.2949613630771637,0.39847251772880554,0.45986607670783997,-0.7726786732673645,0.18086116015911102
459048,1775274335.6083617,1.1470543146133423,0.0843576118350029,0.29334595799446106,0.39382946491241455,0.45761263370513916,-0.7742787003517151,0.18968793749809265
459049,1775274335.619473,1.1456412076950073,0.08396404981613159,0.29197534918785095,0.388790100812912,0.454437792301178,-0.7762219309806824,0.19951997697353363
459050,1775274335.630584,1.1443936824798584,0.08366448432207108,0.2906198799610138,0.3838822543621063,0.4517230987548828,-0.7780888080596924,0.20774653553962708
459051,1775274335.641695,1.142760157585144,0.08318255096673965,0.2893182635307312,0.379323810338974,0.4476643204689026,-0.7802327871322632,0.21667230129241943
459052,1775274335.6528063,1.1416584253311157,0.083054319024086,0.2877744734287262,0.37371814250946045,0.4466950297355652,-0.78102707862854,0.22537758946418762
459053,1775274335.6639173,1.1403521299362183,0.08265898376703262,0.2865830659866333,0.3688179850578308,0.44310620427131653,-0.7828547358512878,0.23402732610702515
459054,1775274335.6750283,1.1389812231063843,0.08247680962085724,0.2852647304534912,0.36348244547843933,0.44023898243904114,-0.7846223711967468,0.24173960089683533
459055,1775274335.6861396,1.1376465559005737,0.08215529471635818,0.2842419743537903,0.3590109348297119,0.4360944628715515,-0.7865020036697388,0.2496945559978485
459056,1775274335.6972506,1.1365432739257812,0.08184662461280823,0.2827044427394867,0.35377535223960876,0.43367889523506165,-0.7871715426445007,0.25908827781677246
459057,1775274335.7083619,1.1348528861999512,0.08189527690410614,0.28145816922187805,0.349700391292572,0.4311858117580414,-0.7886205911636353,0.2643220126628876
459058,1775274335.719473,1.1338995695114136,0.08153806626796722,0.2800557613372803,0.34501439332962036,0.4291289746761322,-0.7887080311775208,0.2734103202819824
459059,1775274335.730584,1.1323074102401733,0.08144396543502808,0.27884945273399353,0.3410094678401947,0.42606064677238464,-0.7899308204650879,0.2796322703361511
459060,1775274335.7416952,1.1314477920532227,0.08141506463289261,0.27790090441703796,0.336421936750412,0.42303815484046936,-0.7905024886131287,0.2880362570285797
459061,1775274335.7528062,1.1301660537719727,0.08144204318523407,0.2768670916557312,0.33202216029167175,0.4208313524723053,-0.7909787893295288,0.2949827015399933
459062,1775274335.7639172,1.1289341449737549,0.08123603463172913,0.2759058475494385,0.3278626501560211,0.41854217648506165,-0.791427493095398,0.30161410570144653
459063,1775274335.7750285,1.1279428005218506,0.08110956847667694,0.27459022402763367,0.32402724027633667,0.416485995054245,-0.7913948893547058,0.30860963463783264
459064,1775274335.7861395,1.126879096031189,0.08115439116954803,0.273803174495697,0.32024893164634705,0.41519203782081604,-0.7909899353981018,0.315263569355011
459065,1775274335.7972507,1.125733494758606,0.08112359046936035,0.27302074432373047,0.31540530920028687,0.41338348388671875,-0.791343092918396,0.32157400250434875
459066,1775274335.8083618,1.1249722242355347,0.08102493733167648,0.27217596769332886,0.3119499087333679,0.41097140312194824,-0.7912166714668274,0.32827720046043396
459067,1775274335.8194728,1.123721957206726,0.08095983415842056,0.2715435326099396,0.3081665337085724,0.40956223011016846,-0.7909559011459351,0.33418720960617065
459068,1775274335.830584,1.122666358947754,0.08089928328990936,0.2709304392337799,0.3040722608566284,0.40755948424339294,-0.7910167574882507,0.3401879668235779
459069,1775274335.841695,1.1217176914215088,0.08075719326734543,0.270221084356308,0.30016565322875977,0.405781090259552,-0.7908400297164917,0.3461422622203827
459070,1775274335.852806,1.120722770690918,0.08079808950424194,0.26927971839904785,0.2968812584877014,0.40499359369277954,-0.7901331782341003,0.35147035121917725
459071,1775274335.8639174,1.1195956468582153,0.08064684271812439,0.26868385076522827,0.29267972707748413,0.4042102098464966,-0.7896518111228943,0.35693517327308655
459072,1775274335.8750284,1.1185133457183838,0.08059602975845337,0.2681557238101959,0.2889209985733032,0.402177631855011,-0.7895699143409729,0.3624323606491089
459073,1775274335.8861396,1.1173632144927979,0.0804581418633461,0.2676304876804352,0.2851296067237854,0.400748610496521,-0.7891463041305542,0.3678993284702301
459074,1775274335.8972507,1.1163359880447388,0.08056946098804474,0.2669946253299713,0.28173115849494934,0.3996717929840088,-0.7885330319404602,0.3729689121246338
459075,1775274335.9083617,1.1152416467666626,0.08046254515647888,0.2664184868335724,0.2776477336883545,0.39921504259109497,-0.7877897620201111,0.37805625796318054
459076,1775274335.919473,1.114282250404358,0.08055584132671356,0.26583895087242126,0.27370747923851013,0.39777663350105286,-0.7873102426528931,0.38340651988983154
459077,1775274335.930584,1.1133009195327759,0.08035706728696823,0.2651040852069855,0.2707787752151489,0.3971518576145172,-0.7862100005149841,0.3883597254753113
459078,1775274335.941695,1.1124324798583984,0.08040161430835724,0.2644910514354706,0.26735779643058777,0.395569771528244,-0.7856489419937134,0.3934466540813446
459079,1775274335.9528062,1.1112359762191772,0.08061950653791428,0.26400256156921387,0.26418423652648926,0.39486995339393616,-0.7851996421813965,0.3971724510192871
459080,1775274335.9639173,1.110289216041565,0.08053959161043167,0.2634626030921936,0.2603985369205475,0.39436790347099304,-0.7839773297309875,0.4025493860244751
459081,1775274335.9750285,1.1095637083053589,0.08055643737316132,0.26287510991096497,0.2573874294757843,0.39334115386009216,-0.7827520966529846,0.4078403413295746
459082,1775274335.9861395,1.1088618040084839,0.08064550161361694,0.2623608112335205,0.2546205520629883,0.3928529620170593,-0.7814019322395325,0.4126090407371521
459083,1775274335.9972506,1.108069896697998,0.08067178726196289,0.2619570195674896,0.25080209970474243,0.3920179605484009,-0.7806110978126526,0.4172126352787018
459084,1775274336.0083618,1.1070897579193115,0.08062631636857986,0.26181936264038086,0.2459103763103485,0.390749990940094,-0.7803372740745544,0.42180135846138
459085,1775274336.0194728,1.1062707901000977,0.08071612566709518,0.26136764883995056,0.2436433583498001,0.389879047870636,-0.7793962359428406,0.4256451725959778
459086,1775274336.0305839,1.1054527759552002,0.08077222108840942,0.26067620515823364,0.24212691187858582,0.38910651206970215,-0.7778927087783813,0.42994606494903564
459087,1775274336.041695,1.104638934135437,0.08073008805513382,0.2598085105419159,0.2402769774198532,0.38923177123069763,-0.7757916450500488,0.43464115262031555
459088,1775274336.0528061,1.1038841009140015,0.08087409287691116,0.25953003764152527,0.2375142127275467,0.3888148367404938,-0.774758517742157,0.4383596181869507
459089,1775274336.0639174,1.1028739213943481,0.08085668087005615,0.2593996524810791,0.2342841923236847,0.38816574215888977,-0.774109959602356,0.4418056309223175
459090,1775274336.0750284,1.1020708084106445,0.08094771206378937,0.25915390253067017,0.23160065710544586,0.3871780335903168,-0.773192286491394,0.44567716121673584
459091,1775274336.0861394,1.1010631322860718,0.08096654713153839,0.2590170204639435,0.22894258797168732,0.38593363761901855,-0.7729424834251404,0.4485538899898529
459092,1775274336.0972507,1.1003003120422363,0.08096136152744293,0.25892165303230286,0.2252083271741867,0.3853189945220947,-0.7719025611877441,0.4527440369129181
459093,1775274336.1083617,1.0997041463851929,0.0810626745223999,0.25862008333206177,0.22294475138187408,0.38522207736968994,-0.7704127430915833,0.4564688503742218
459094,1775274336.119473,1.0988651514053345,0.08112379908561707,0.25827333331108093,0.22122040390968323,0.385367214679718,-0.7687420845031738,0.4599885046482086
459095,1775274336.130584,1.0979533195495605,0.08118997514247894,0.2580125331878662,0.21923328936100006,0.3849697411060333,-0.7676639556884766,0.46306276321411133
459096,1775274336.141695,1.0971524715423584,0.08132515847682953,0.2577226161956787,0.21734340488910675,0.3853763937950134,-0.7662394046783447,0.4659659266471863
459097,1775274336.1528063,1.0967514514923096,0.08135838061571121,0.25748148560523987,0.2148660570383072,0.38537755608558655,-0.7641215920448303,0.4705687165260315
459098,1775274336.1639173,1.09602952003479,0.08145195245742798,0.25722789764404297,0.21263085305690765,0.38566434383392334,-0.7624728679656982,0.47401097416877747
459099,1775274336.1750283,1.0950981378555298,0.08155808597803116,0.2571412920951843,0.21077248454093933,0.3857141435146332,-0.7613704800605774,0.47656548023223877
459100,1775274336.1861396,1.0944032669067383,0.08164927363395691,0.25693488121032715,0.20896783471107483,0.3856518864631653,-0.7596314549446106,0.48017194867134094
459101,1775274336.1972506,1.0937026739120483,0.08178367465734482,0.25672662258148193,0.206727534532547,0.3854188919067383,-0.7582864165306091,0.48344388604164124
459102,1775274336.2083619,1.0929964780807495,0.081881582736969,0.2565804719924927,0.20473997294902802,0.3859764039516449,-0.7564022541046143,0.4867847263813019
459103,1775274336.219473,1.0922980308532715,0.0819869413971901,0.2564693093299866,0.20249858498573303,0.3866795301437378,-0.7548597455024719,0.4895508587360382
459104,1775274336.230584,1.091469407081604,0.08199905604124069,0.25633716583251953,0.200515478849411,0.38666731119155884,-0.7532618045806885,0.49282723665237427
459105,1775274336.2416952,1.0907806158065796,0.08207038044929504,0.2562144100666046,0.19893093407154083,0.3872414827346802,-0.7513201236724854,0.49597251415252686
459106,1775274336.2528062,1.0901910066604614,0.08225297182798386,0.25581783056259155,0.19725584983825684,0.38811931014060974,-0.7487744688987732,0.4997902810573578
459107,1775274336.2639172,1.0894638299942017,0.08240344375371933,0.25579172372817993,0.1950587034225464,0.38830772042274475,-0.7471798062324524,0.5028833746910095
459108,1775274336.2750285,1.0888302326202393,0.08251786231994629,0.25559982657432556,0.19422928988933563,0.38866710662841797,-0.7450036406517029,0.5061447024345398
459109,1775274336.2861395,1.0880056619644165,0.08282308280467987,0.25548818707466125,0.1927543729543686,0.38960427045822144,-0.7430599331855774,0.5088381767272949
459110,1775274336.2972507,1.0873029232025146,0.08304804563522339,0.2555893361568451,0.19040462374687195,0.3897398114204407,-0.7413007020950317,0.5121740698814392
459111,1775274336.3083618,1.086733102798462,0.08311393111944199,0.2556781768798828,0.18802127242088318,0.39030027389526367,-0.7394271492958069,0.5153263807296753
459112,1775274336.3194728,1.0860722064971924,0.08305615186691284,0.25564587116241455,0.18615838885307312,0.3900311589241028,-0.7378865480422974,0.5184054374694824
459113,1775274336.330584,1.0851346254348755,0.08319689333438873,0.2556270956993103,0.18424837291240692,0.39001408219337463,-0.7361629009246826,0.5215416550636292
459114,1775274336.341695,1.0842794179916382,0.08334362506866455,0.25553765892982483,0.18272796273231506,0.3909524083137512,-0.7345396876335144,0.5236585140228271
459115,1775274336.352806,1.0835427045822144,0.08345071226358414,0.255454421043396,0.18136215209960938,0.39177417755126953,-0.7325929403305054,0.526239812374115
459116,1775274336.3639174,1.0829198360443115,0.08359767496585846,0.25578975677490234,0.1797475665807724,0.3922496438026428,-0.7307568192481995,0.5289853811264038
459117,1775274336.3750284,1.0822690725326538,0.08371137082576752,0.2559100389480591,0.1782662570476532,0.3932007849216461,-0.7284497022628784,0.531954288482666
459118,1775274336.3861396,1.0815415382385254,0.08400866389274597,0.2558484375476837,0.17772196233272552,0.3945724070072174,-0.726308286190033,0.5340446829795837
459119,1775274336.3972507,1.0808781385421753,0.08419576287269592,0.2557241916656494,0.17670178413391113,0.3958284556865692,-0.7240543365478516,0.5365088582038879
459120,1775274336.4083617,1.0801596641540527,0.08433347940444946,0.2558940351009369,0.1751534789800644,0.3968726098537445,-0.7215530276298523,0.5396060943603516
459121,1775274336.419473,1.079598069190979,0.08450388163328171,0.25597047805786133,0.17431175708770752,0.39725399017333984,-0.7199671268463135,0.5417121052742004
459122,1775274336.430584,1.079166293144226,0.08465950191020966,0.25589248538017273,0.17340895533561707,0.39850082993507385,-0.7175673246383667,0.5442641973495483
459123,1775274336.441695,1.0785374641418457,0.08478818833827972,0.2560580372810364,0.17246732115745544,0.3995184302330017,-0.7159000039100647,0.5460103750228882
459124,1775274336.4528062,1.0778553485870361,0.08496934175491333,0.2561686336994171,0.171495720744133,0.4010467231273651,-0.7132225632667542,0.5486933588981628
459125,1775274336.4639173,1.0771608352661133,0.08503998070955276,0.25663793087005615,0.1699286550283432,0.40119168162345886,-0.7119601368904114,0.5507106781005859
459126,1775274336.4750285,1.0766602754592896,0.08521752804517746,0.2567177414894104,0.16945843398571014,0.402138888835907,-0.7101199626922607,0.552537739276886
459127,1775274336.4861395,1.0761550664901733,0.08549696952104568,0.25679588317871094,0.16926297545433044,0.4034823775291443,-0.7082470059394836,0.5540201663970947
459128,1775274336.4972506,1.0756062269210815,0.0856432318687439,0.2567986845970154,0.16829627752304077,0.4049535393714905,-0.7055914402008057,0.5566235780715942
459129,1775274336.5083618,1.0749996900558472,0.08575672656297684,0.2568453848361969,0.16738936305046082,0.4059266746044159,-0.7035675644874573,0.5587459206581116
459130,1775274336.5194728,1.0745970010757446,0.08584263920783997,0.2570769488811493,0.16726054251194,0.40737587213516235,-0.7010338306427002,0.5609103441238403
459131,1775274336.5305839,1.0739834308624268,0.08612928539514542,0.2572557330131531,0.1674060970544815,0.40895965695381165,-0.6993612051010132,0.5618016719818115
459132,1775274336.541695,1.0733959674835205,0.0863429605960846,0.2574281394481659,0.16710524260997772,0.40982016921043396,-0.6973045468330383,0.5638171434402466
459133,1775274336.5528061,1.0727633237838745,0.0864076316356659,0.2578335702419281,0.16610907018184662,0.4100837707519531,-0.6961104273796082,0.5653930902481079
459134,1775274336.5639174,1.0723614692687988,0.08660629391670227,0.25808972120285034,0.16553917527198792,0.4107179343700409,-0.6943575739860535,0.5672523975372314
459135,1775274336.5750284,1.0718934535980225,0.08675923198461533,0.258417010307312,0.16488628089427948,0.41200050711631775,-0.6925449967384338,0.5687263011932373
459136,1775274336.5861394,1.0714280605316162,0.08686967194080353,0.25893282890319824,0.16346587240695953,0.41290515661239624,-0.6905142068862915,0.5709452033042908
459137,1775274336.5972507,1.0707340240478516,0.0870429277420044,0.259279727935791,0.16282735764980316,0.41367480158805847,-0.6895871758460999,0.5716903805732727
459138,1775274336.6083617,1.0702615976333618,0.08720356225967407,0.2594393789768219,0.1622990518808365,0.41444024443626404,-0.6878150105476379,0.5734186172485352
459139,1775274336.619473,1.0697587728500366,0.08734536170959473,0.2596009373664856,0.16232632100582123,0.41599681973457336,-0.6860569715499878,0.5743889212608337
459140,1775274336.630584,1.0692930221557617,0.08747148513793945,0.2598443627357483,0.16230365633964539,0.41763734817504883,-0.6838139891624451,0.5758776664733887
459141,1775274336.641695,1.0690546035766602,0.08772579580545425,0.25980716943740845,0.16290362179279327,0.41978687047958374,-0.6800119280815125,0.5786407589912415
459142,1775274336.6528063,1.0686190128326416,0.08790896087884903,0.26004505157470703,0.16301654279232025,0.4215448200702667,-0.677381157875061,0.5804139375686646
459143,1775274336.6639173,1.068182349205017,0.08811484277248383,0.26031845808029175,0.1631234735250473,0.423460453748703,-0.6750525236129761,0.5817010998725891
459144,1775274336.6750283,1.0677262544631958,0.08836416155099869,0.2604842782020569,0.16318002343177795,0.42549780011177063,-0.6725134253501892,0.5831378102302551
459145,1775274336.6861396,1.0672283172607422,0.0886324867606163,0.2607822120189667,0.16342712938785553,0.4267865717411041,-0.6703963875770569,0.5845627784729004
459146,1775274336.6972506,1.066847801208496,0.08877924084663391,0.26096808910369873,0.16364814341068268,0.4286597967147827,-0.6674831509590149,0.5864608287811279
459147,1775274336.7083619,1.0660208463668823,0.08882476389408112,0.2616848349571228,0.16283035278320312,0.4290446639060974,-0.6667231321334839,0.5872711539268494
459148,1775274336.719473,1.0653786659240723,0.08899062871932983,0.26215922832489014,0.16310042142868042,0.4305483102798462,-0.6648985743522644,0.5881635546684265
459149,1775274336.730584,1.0650218725204468,0.08927181363105774,0.26274123787879944,0.16354015469551086,0.43287014961242676,-0.6618808507919312,0.5897388458251953
459150,1775274336.7416952,1.064476490020752,0.08949421346187592,0.26315075159072876,0.16442711651325226,0.435309499502182,-0.6588416695594788,0.5910982489585876
459151,1775274336.7528062,1.0638538599014282,0.08973819017410278,0.26355403661727905,0.1642429530620575,0.4374054968357086,-0.655720591545105,0.593069314956665
459152,1775274336.7639172,1.0634516477584839,0.08998437225818634,0.264165997505188,0.16409599781036377,0.43905094265937805,-0.6530624628067017,0.5948246121406555
459153,1775274336.7750285,1.0629632472991943,0.0901842787861824,0.2646467089653015,0.16413766145706177,0.44113773107528687,-0.6503152251243591,0.596277117729187
459154,1775274336.7861395,1.0623116493225098,0.09045872092247009,0.2651269733905792,0.16429853439331055,0.4428793489933014,-0.6474635004997253,0.5980426669120789
459155,1775274336.7972507,1.061698079109192,0.09074513614177704,0.26569661498069763,0.16480141878128052,0.44592416286468506,-0.6440163850784302,0.5993621945381165
459156,1775274336.8083618,1.0609771013259888,0.09092265367507935,0.2662666440010071,0.1651913970708847,0.4488867521286011,-0.6407427191734314,0.6005508303642273
459157,1775274336.8194728,1.0603381395339966,0.09114468842744827,0.26688113808631897,0.1659363955259323,0.45130670070648193,-0.6374556422233582,0.6020280718803406
459158,1775274336.830584,1.0596058368682861,0.09152204543352127,0.26739761233329773,0.16581927239894867,0.4540470838546753,-0.6339038610458374,0.603747546672821
459159,1775274336.841695,1.0590770244598389,0.09182087332010269,0.2679975628852844,0.16618525981903076,0.45600050687789917,-0.6303624510765076,0.6058788299560547
459160,1775274336.852806,1.0585694313049316,0.09203055500984192,0.2686852812767029,0.16687414050102234,0.45850467681884766,-0.6265799403190613,0.6077203750610352
459161,1775274336.8639174,1.0578465461730957,0.09243732690811157,0.26930418610572815,0.1671188324689865,0.4612773656845093,-0.6226004362106323,0.6096418499946594
459162,1775274336.8750284,1.0568058490753174,0.0927865207195282,0.26991406083106995,0.16749808192253113,0.4645862877368927,-0.6194432377815247,0.6102409362792969
459163,1775274336.8861396,1.0559958219528198,0.09302967041730881,0.2707057297229767,0.16754166781902313,0.4671686589717865,-0.6157110333442688,0.6120321154594421
459164,1775274336.8972507,1.0552566051483154,0.09335403144359589,0.27135834097862244,0.16804219782352448,0.4698193669319153,-0.6118130683898926,0.6137722730636597
459165,1775274336.9083617,1.0545856952667236,0.09363964200019836,0.2720595598220825,0.16834156215190887,0.47247514128685,-0.6077762842178345,0.6156592965126038
459166,1775274336.919473,1.0538780689239502,0.09388317167758942,0.27272671461105347,0.1687023937702179,0.47488081455230713,-0.6038493514060974,0.6175707578659058
459167,1775274336.930584,1.0531084537506104,0.09440268576145172,0.2734520733356476,0.16925285756587982,0.4777815341949463,-0.5994402170181274,0.6194753646850586
459168,1775274336.941695,1.0522207021713257,0.09467480331659317,0.2744927406311035,0.16940738260746002,0.48042741417884827,-0.5958126187324524,0.620884895324707
459169,1775274336.9528062,1.0513882637023926,0.09511224925518036,0.27499377727508545,0.1706923395395279,0.4844056963920593,-0.5909146666526794,0.6221215724945068
459170,1775274336.9639173,1.0506120920181274,0.09546252340078354,0.2758598327636719,0.1714082956314087,0.4875410795211792,-0.5864427089691162,0.6237049698829651
459171,1775274336.9750285,1.0498310327529907,0.09584671258926392,0.27678555250167847,0.17196916043758392,0.4904747009277344,-0.5819694995880127,0.6254379749298096
459172,1775274336.9861395,1.049060344696045,0.09628283977508545,0.27747926115989685,0.17313465476036072,0.4937487542629242,-0.5771043300628662,0.6270464658737183
459173,1775274336.9972506,1.0480724573135376,0.09659875184297562,0.2784198820590973,0.17386260628700256,0.49700233340263367,-0.5728111267089844,0.628210186958313
459174,1775274337.0083618,1.047110676765442,0.09692972898483276,0.2792842388153076,0.17488917708396912,0.5003455877304077,-0.5682976841926575,0.6293694972991943
459175,1775274337.0194728,1.046333909034729,0.09709364175796509,0.2804170846939087,0.1753508299589157,0.5032004117965698,-0.5637823939323425,0.6310237646102905
459176,1775274337.0305839,1.0454875230789185,0.09763166308403015,0.28146791458129883,0.17598731815814972,0.5066074132919312,-0.5585423707962036,0.6327779293060303
459177,1775274337.041695,1.044656753540039,0.09797075390815735,0.28257283568382263,0.17652654647827148,0.5095452070236206,-0.5539537668228149,0.634300708770752
459178,1775274337.0528061,1.0438717603683472,0.0984179824590683,0.28346487879753113,0.17792396247386932,0.513363242149353,-0.5486848950386047,0.6354103088378906
459179,1775274337.0639174,1.0430505275726318,0.09885970503091812,0.2846260368824005,0.1790040284395218,0.5167887806892395,-0.5428211092948914,0.6373634338378906
459180,1775274337.0750284,1.0420260429382324,0.09931859374046326,0.2857065498828888,0.18033665418624878,0.5199644565582275,-0.5376996397972107,0.6387446522712708
459181,1775274337.0861394,1.0411906242370605,0.0996895581483841,0.28679805994033813,0.18086294829845428,0.5235505104064941,-0.5327251553535461,0.6398338675498962
459182,1775274337.0972507,1.0403586626052856,0.09999146312475204,0.2881190776824951,0.1814270317554474,0.5269238352775574,-0.5274660587310791,0.6412605047225952
459183,1775274337.1083617,1.039322018623352,0.10053873062133789,0.28930798172950745,0.18365614116191864,0.5309373736381531,-0.5214700102806091,0.6422188878059387
459184,1775274337.119473,1.0384060144424438,0.10094721615314484,0.2904680371284485,0.1852872669696808,0.5344251990318298,-0.5158398747444153,0.643403172492981
459185,1775274337.130584,1.0373222827911377,0.10151119530200958,0.291739821434021,0.18646182119846344,0.5382850766181946,-0.5100592970848083,0.6444538235664368
459186,1775274337.141695,1.0364364385604858,0.10194084793329239,0.29309991002082825,0.18745476007461548,0.5416679382324219,-0.5045605897903442,0.6456586718559265
459187,1775274337.1528063,1.0356335639953613,0.10241850465536118,0.29435738921165466,0.1883099377155304,0.5458076000213623,-0.49783506989479065,0.6471428275108337
459188,1775274337.1639173,1.0345407724380493,0.10283955931663513,0.2956950068473816,0.18971844017505646,0.5495433807373047,-0.49146613478660583,0.6484366059303284
459189,1775274337.1750283,1.0334348678588867,0.10335063189268112,0.2969540059566498,0.19215117394924164,0.5533484816551208,-0.4856935739517212,0.6488337516784668
459190,1775274337.1861396,1.032501220703125,0.1039443165063858,0.2983678877353668,0.19325241446495056,0.5567671656608582,-0.479531466960907,0.6501641273498535
459191,1775274337.1972506,1.0316601991653442,0.1044471487402916,0.29976725578308105,0.19406938552856445,0.5611268281936646,-0.47249144315719604,0.6513261198997498
459192,1775274337.2083619,1.0303370952606201,0.10482236742973328,0.30117347836494446,0.19696974754333496,0.5654366612434387,-0.46612295508384705,0.6513168811798096
459193,1775274337.219473,1.0293939113616943,0.10553564876317978,0.3027091920375824,0.19829191267490387,0.569058358669281,-0.45939189195632935,0.6525427103042603
459194,1775274337.230584,1.0284502506256104,0.10571438074111938,0.30426013469696045,0.19963066279888153,0.5724954009056091,-0.45369866490364075,0.6531111598014832
459195,1775274337.2416952,1.0272194147109985,0.10621523857116699,0.3058677315711975,0.20141024887561798,0.5770686268806458,-0.44729140400886536,0.6529594659805298
459196,1775274337.2528062,1.0262407064437866,0.10699302703142166,0.3072505295276642,0.20394746959209442,0.5802590250968933,-0.43983525037765503,0.6544080972671509
459197,1775274337.2639172,1.0252925157546997,0.10733261704444885,0.3088483512401581,0.20563703775405884,0.5845606327056885,-0.43224790692329407,0.655106246471405
459198,1775274337.2750285,1.0242406129837036,0.10790462046861649,0.31029510498046875,0.20802941918373108,0.5885711312294006,-0.42548346519470215,0.6551883220672607
459199,1775274337.2861395,1.0231752395629883,0.10855257511138916,0.31198352575302124,0.2098088264465332,0.5922001600265503,-0.4182748794555664,0.6559918522834778
459200,1775274337.2972507,1.0221736431121826,0.10899150371551514,0.31361448764801025,0.21169564127922058,0.5956612825393677,-0.41143089532852173,0.6565799713134766
459201,1775274337.3083618,1.0211176872253418,0.10950685292482376,0.3153860867023468,0.21299020946025848,0.5998244285583496,-0.40410754084587097,0.6569193601608276
459202,1775274337.3194728,1.020222783088684,0.1100759506225586,0.31708046793937683,0.21662537753582,0.6035826206207275,-0.39680197834968567,0.656741738319397
459203,1775274337.330584,1.019284963607788,0.11063748598098755,0.3189241290092468,0.21824762225151062,0.6069602370262146,-0.39014732837677,0.6570786833763123
459204,1775274337.341695,1.018287181854248,0.11114256829023361,0.32070377469062805,0.22007542848587036,0.6109789609909058,-0.3837225139141083,0.6565276384353638
459205,1775274337.352806,1.01743745803833,0.11163806915283203,0.32243791222572327,0.22296221554279327,0.6145954132080078,-0.3761774003505707,0.6565446853637695
459206,1775274337.3639174,1.016427993774414,0.11224616318941116,0.32425594329833984,0.22594431042671204,0.6178200840950012,-0.3692782521247864,0.6564154028892517
459207,1775274337.3750284,1.0156875848770142,0.1128193736076355,0.3258649706840515,0.22878839075565338,0.6216588616371155,-0.3618614971637726,0.6559363007545471
459208,1775274337.3861396,1.014592170715332,0.11343228816986084,0.3278840482234955,0.23232679069042206,0.6246679425239563,-0.35573723912239075,0.6551833748817444
459209,1775274337.3972507,1.0143200159072876,0.1139107421040535,0.3296286463737488,0.2335740178823471,0.6287425756454468,-0.346833735704422,0.655616044998169
459210,1775274337.4083617,1.0132746696472168,0.11427687108516693,0.3316468298435211,0.23667684197425842,0.6315879821777344,-0.3412221670150757,0.6547122597694397
459211,1775274337.419473,1.0123417377471924,0.11478477716445923,0.3334379196166992,0.24031969904899597,0.6350633502006531,-0.3349636197090149,0.6532537341117859
459212,1775274337.430584,1.0117660760879517,0.11524511128664017,0.3353344798088074,0.24406737089157104,0.6381855607032776,-0.32807114720344543,0.6523187756538391
459213,1775274337.441695,1.0112276077270508,0.11565116792917252,0.3372853398323059,0.24621641635894775,0.6415359973907471,-0.32021576166152954,0.6521280407905579
459214,1775274337.4528062,1.0103321075439453,0.11610393226146698,0.3392353951931,0.2502228915691376,0.6445594429969788,-0.3132236897945404,0.6510166525840759
459215,1775274337.4639173,1.0096598863601685,0.11636687070131302,0.3414193391799927,0.25327083468437195,0.6471571326255798,-0.3079516589641571,0.6497748494148254
459216,1775274337.4750285,1.00892972946167,0.11678407341241837,0.3435652256011963,0.2581880986690521,0.6506494283676147,-0.3008935749530792,0.6476553082466125
459217,1775274337.4861395,1.0086923837661743,0.11728912591934204,0.3455204367637634,0.260816365480423,0.654564619064331,-0.2917076647281647,0.6468591094017029
459218,1775274337.4972506,1.0080997943878174,0.11783785372972488,0.347669392824173,0.2656402587890625,0.6573871374130249,-0.28279054164886475,0.6459929347038269
459219,1775274337.5083618,1.00740647315979,0.11798188090324402,0.34981751441955566,0.26943540573120117,0.6605165600776672,-0.2761861979961395,0.6440836191177368
459220,1775274337.5194728,1.0065973997116089,0.11838582158088684,0.35253870487213135,0.27320778369903564,0.6638755798339844,-0.2692049741744995,0.6419932842254639
459221,1775274337.5305839,1.0060975551605225,0.11883239448070526,0.3548462688922882,0.2775561809539795,0.6673637628555298,-0.26016783714294434,0.6402350068092346
459222,1775274337.541695,1.005348563194275,0.1191057488322258,0.35735711455345154,0.28207123279571533,0.67018723487854,-0.25291013717651367,0.6382173299789429
459223,1775274337.5528061,1.0046539306640625,0.1195334792137146,0.3598043918609619,0.28734254837036133,0.6735782623291016,-0.24388231337070465,0.635805070400238
459224,1775274337.5639174,1.0041096210479736,0.11998794972896576,0.3624088168144226,0.2921711802482605,0.6767094135284424,-0.23583008348941803,0.633312463760376
459225,1775274337.5750284,1.0035287141799927,0.12020893394947052,0.3651546239852905,0.29637184739112854,0.6795962452888489,-0.22700297832489014,0.6314921975135803
459226,1775274337.5861394,1.0028249025344849,0.12073004245758057,0.3676722049713135,0.3016960024833679,0.6822068095207214,-0.21815478801727295,0.6292709112167358
459227,1775274337.5972507,1.0020989179611206,0.12113174051046371,0.3703443109989166,0.306108295917511,0.6857706308364868,-0.20958025753498077,0.6261729001998901
459228,1775274337.6083617,1.001150131225586,0.12149697542190552,0.37317270040512085,0.31163862347602844,0.6887274384498596,-0.20076851546764374,0.6230794787406921
459229,1775274337.619473,1.000723958015442,0.1219802126288414,0.37575143575668335,0.31688424944877625,0.691343367099762,-0.19097883999347687,0.6206093430519104
459230,1775274337.630584,1.000060796737671,0.12238025665283203,0.3788398504257202,0.32050764560699463,0.6945863962173462,-0.1817532628774643,0.6178919076919556
459231,1775274337.641695,0.9993045926094055,0.12280501425266266,0.38162487745285034,0.32567623257637024,0.6976338028907776,-0.17135965824127197,0.6147178411483765
459232,1775274337.6528063,0.9986070394515991,0.12334951013326645,0.3846130669116974,0.3303670287132263,0.7002103328704834,-0.16268301010131836,0.6116350889205933
459233,1775274337.6639173,0.9975621700286865,0.12338721007108688,0.38757967948913574,0.33583927154541016,0.703022301197052,-0.15398700535297394,0.6076674461364746
459234,1775274337.6750283,0.9967589378356934,0.12392477691173553,0.39045119285583496,0.3413017690181732,0.7054049372673035,-0.14346790313720703,0.604428768157959
459235,1775274337.6861396,0.9962335824966431,0.12436488270759583,0.3931282162666321,0.34676048159599304,0.7084587812423706,-0.13243368268013,0.6002538204193115
459236,1775274337.6972506,0.9953249096870422,0.12447547167539597,0.39656782150268555,0.35075923800468445,0.7103990316390991,-0.12482710927724838,0.5972599387168884
459237,1775274337.7083619,0.9945107102394104,0.1248941719532013,0.39974913001060486,0.35607513785362244,0.7129113078117371,-0.11529505997896194,0.5930219888687134
459238,1775274337.719473,0.9939572811126709,0.1250104159116745,0.402854859828949,0.36062249541282654,0.7148957252502441,-0.10420259833335876,0.5899299383163452
459239,1775274337.730584,0.9929885864257812,0.1255190074443817,0.4061112403869629,0.3647354543209076,0.717332124710083,-0.09488452225923538,0.5860030651092529
459240,1775274337.7416952,0.9922255873680115,0.125833660364151,0.40927207469940186,0.36898282170295715,0.7195905447006226,-0.08402685075998306,0.5822204351425171
459241,1775274337.7528062,0.9913755655288696,0.126214861869812,0.4125182330608368,0.3733810782432556,0.7217544913291931,-0.07310674339532852,0.5781976580619812
459242,1775274337.7639172,0.9907318949699402,0.12644335627555847,0.4155867397785187,0.37855952978134155,0.7236118912696838,-0.0619351863861084,0.5737965703010559
459243,1775274337.7750285,0.9897993206977844,0.1267441064119339,0.4188993573188782,0.38376328349113464,0.7255112528800964,-0.05011332407593727,0.5690762996673584
459244,1775274337.7861395,0.9890597462654114,0.12688171863555908,0.4221320152282715,0.3888160288333893,0.7268034815788269,-0.03976789116859436,0.5647985339164734
459245,1775274337.7972507,0.9881870746612549,0.12714578211307526,0.4254562258720398,0.3933299779891968,0.728689968585968,-0.028843000531196594,0.5598844289779663
459246,1775274337.8083618,0.9873563647270203,0.12717780470848083,0.42879587411880493,0.39838433265686035,0.7301986813545227,-0.017720408737659454,0.5547845959663391
459247,1775274337.8194728,0.9865015149116516,0.12737822532653809,0.4322400987148285,0.4036296308040619,0.7319527864456177,-0.006797572132200003,0.5488917827606201
459248,1775274337.830584,0.985656201839447,0.12761224806308746,0.4358859658241272,0.40830937027931213,0.7331414222717285,0.004496065434068441,0.5438445806503296
459249,1775274337.841695,0.9850178360939026,0.12760856747627258,0.4392240047454834,0.41307076811790466,0.7335975766181946,0.016396258026361465,0.5393869280815125
459250,1775274337.852806,0.9841921329498291,0.12774096429347992,0.4428020417690277,0.4187535047531128,0.7340171933174133,0.026628118008375168,0.5339993834495544
459251,1775274337.8639174,0.9983289837837219,0.1275792270898819,0.4509360194206238,0.41986653208732605,0.7567933201789856,0.024194838479161263,0.5003904104232788
459252,1775274337.8750284,1.0370070934295654,0.12720070779323578,0.46478620171546936,0.40271592140197754,0.8014447689056396,0.013424909673631191,0.4419569671154022
459253,1775274337.8861396,1.0733124017715454,0.12922269105911255,0.4776877760887146,0.42176470160484314,0.8248206377029419,0.0012658622581511736,0.3765420913696289
459254,1775274337.8972507,1.1091053485870361,0.13066884875297546,0.4902532398700714,0.43991369009017944,0.8448224663734436,-0.009277703240513802,0.30440935492515564
459255,1775274337.9083617,1.1450526714324951,0.13086195290088654,0.5036260485649109,0.45383796095848083,0.8593236207962036,-0.02517174370586872,0.23443686962127686
459256,1775274337.919473,1.1811085939407349,0.12953391671180725,0.5167120695114136,0.46274715662002563,0.8703480958938599,-0.03980304300785065,0.16363121569156647
459257,1775274337.930584,1.2167797088623047,0.12802426517009735,0.5297600626945496,0.47221139073371887,0.8751019239425659,-0.05503587797284126,0.09046574681997299
459258,1775274337.941695,1.2512140274047852,0.12880408763885498,0.5422266721725464,0.49667495489120483,0.8656043410301208,-0.06165948137640953,0.015531741082668304
459259,1775274337.9528062,1.2844955921173096,0.1294935941696167,0.5541475415229797,0.5247477293014526,0.8459500074386597,-0.0710650309920311,-0.06291454285383224
459260,1775274337.9639173,1.3175605535507202,0.12900449335575104,0.5657417178153992,0.5526543855667114,0.8175231218338013,-0.07791980355978012,-0.1419782191514969
459261,1775274337.9750285,1.3495539426803589,0.12689842283725739,0.5773497819900513,0.5766524076461792,0.7821781039237976,-0.08474151045084,-0.22020074725151062
459262,1775274337.9861395,1.381503701210022,0.12566156685352325,0.5882264375686646,0.5999599099159241,0.7374296188354492,-0.08527370542287827,-0.29828527569770813
459263,1775274337.9972506,1.4122868776321411,0.1246405690908432,0.5985424518585205,0.6240017414093018,0.6797977685928345,-0.079110287129879,-0.3771452307701111
459264,1775274338.0083618,1.4425026178359985,0.1222401037812233,0.6086586117744446,0.6441752910614014,0.6136049032211304,-0.0723768025636673,-0.45087555050849915
459265,1775274338.0194728,1.471416711807251,0.12011703848838806,0.6177904605865479,0.659233570098877,0.5377006530761719,-0.05924009904265404,-0.5222831964492798
459266,1775274338.0305839,1.4985153675079346,0.11858425289392471,0.6267055869102478,0.6744751930236816,0.4473378658294678,-0.04163247346878052,-0.5858659744262695
459267,1775274338.041695,1.5237412452697754,0.11660156399011612,0.6350451707839966,0.6830317974090576,0.34449267387390137,-0.014984792098402977,-0.6438694000244141
459268,1775274338.0528061,1.5485047101974487,0.1139594241976738,0.6427158117294312,0.6800636053085327,0.24045535922050476,0.00939018651843071,-0.6925363540649414
459269,1775274338.0639174,1.5704346895217896,0.11034488677978516,0.6505985856056213,0.6696277260780334,0.12308494746685028,0.039564348757267,-0.7313573360443115
459270,1775274338.0750284,1.5912301540374756,0.10845102369785309,0.658139705657959,0.6482795476913452,0.0032248767092823982,0.07529847323894501,-0.7576631307601929
459271,1775274338.0861394,1.610770344734192,0.10776183009147644,0.6656016707420349,0.6147293448448181,-0.11756802350282669,0.11004636436700821,-0.7721240520477295
459272,1775274338.0972507,1.6297736167907715,0.10692533850669861,0.6736475229263306,0.5728932619094849,-0.23385027050971985,0.14263874292373657,-0.7725034356117249
459273,1775274338.1083617,1.6483126878738403,0.10576087236404419,0.6815209984779358,0.5216131806373596,-0.3462972342967987,0.1726521998643875,-0.7603875398635864
459274,1775274338.119473,1.666059136390686,0.10575538873672485,0.690097451210022,0.4614414572715759,-0.45463958382606506,0.1992519646883011,-0.7353049516677856
459275,1775274338.130584,1.684277892112732,0.1080407053232193,0.69908607006073,0.39271479845046997,-0.5544317960739136,0.21996335685253143,-0.69999760389328
459276,1775274338.141695,1.7029201984405518,0.11072362959384918,0.7088642120361328,0.31849008798599243,-0.6443547606468201,0.23798926174640656,-0.6532473564147949
459277,1775274338.1528063,1.7220549583435059,0.11265881359577179,0.7195927500724792,0.24053363502025604,-0.7233639359474182,0.2550569176673889,-0.5948396325111389
459278,1775274338.1639173,1.741433024406433,0.11504065245389938,0.7304757833480835,0.15633241832256317,-0.7920528054237366,0.2650628089904785,-0.5272137522697449
459279,1775274338.1750283,1.762628436088562,0.11844736337661743,0.7422366738319397,0.07138882577419281,-0.8474094867706299,0.2696079909801483,-0.45178791880607605
459280,1775274338.1861396,1.784372091293335,0.1219257116317749,0.754426121711731,-0.01642441935837269,-0.8889446258544922,0.2720795273780823,-0.36807677149772644
459281,1775274338.1972506,1.80698823928833,0.12536492943763733,0.767118513584137,-0.10500805079936981,-0.916144073009491,0.26861199736595154,-0.27839016914367676
459282,1775274338.2083619,1.8307750225067139,0.12777476012706757,0.7799296379089355,-0.19230565428733826,-0.9282057881355286,0.2599489092826843,-0.18406294286251068
459283,1775274338.219473,1.8556376695632935,0.12927356362342834,0.7921476364135742,-0.2751297354698181,-0.9251357316970825,0.24687665700912476,-0.08648362010717392
459284,1775274338.230584,1.8816721439361572,0.13006719946861267,0.805107057094574,-0.35332638025283813,-0.9073982834815979,0.2271983027458191,0.013038216158747673
459285,1775274338.2416952,1.9080710411071777,0.12986049056053162,0.8165457248687744,-0.42918771505355835,-0.8731030225753784,0.2023792564868927,0.11194554716348648
459286,1775274338.2528062,1.9335219860076904,0.1299923062324524,0.8280865550041199,-0.5010011196136475,-0.8195757865905762,0.18018124997615814,0.21172674000263214
459287,1775274338.2639172,1.9598679542541504,0.1295599788427353,0.8390730619430542,-0.5596680045127869,-0.756120502948761,0.1516820639371872,0.3033909201622009
459288,1775274338.2750285,1.9858237504959106,0.12683089077472687,0.8496566414833069,-0.6092835068702698,-0.6793663501739502,0.12345600128173828,0.38986366987228394
459289,1775274338.2861395,2.0109195709228516,0.12258850038051605,0.8594801425933838,-0.651124894618988,-0.5894986391067505,0.09029296040534973,0.4694410562515259
459290,1775274338.2972507,2.035140037536621,0.11985880881547928,0.8679629564285278,-0.6789671182632446,-0.4917376637458801,0.05411756783723831,0.5424658060073853
459291,1775274338.3083618,2.0585813522338867,0.11812029778957367,0.8759279847145081,-0.6963122487068176,-0.38787269592285156,0.019836977124214172,0.6035814881324768
459292,1775274338.3194728,2.081041097640991,0.11544474959373474,0.8837400674819946,-0.7028592228889465,-0.278619647026062,-0.015086301602423191,0.6543183326721191
459293,1775274338.330584,2.1010472774505615,0.1115279421210289,0.8915849924087524,-0.7010856866836548,-0.1598895639181137,-0.05248209089040756,0.6929357051849365
459294,1775274338.341695,2.120763063430786,0.1070389375090599,0.8989933729171753,-0.6861527562141418,-0.042115189135074615,-0.08478206396102905,0.7212715744972229
459295,1775274338.352806,2.139646053314209,0.10587850958108902,0.9066352248191833,-0.6613971590995789,0.07333643734455109,-0.11730361729860306,0.7371671795845032
459296,1775274338.3639174,2.1575379371643066,0.10639427602291107,0.9143005609512329,-0.6244626641273499,0.18684302270412445,-0.14809966087341309,0.7437759041786194
459297,1775274338.3750284,2.1752257347106934,0.10668541491031647,0.922262966632843,-0.5803689360618591,0.29580920934677124,-0.1754825860261917,0.7381563186645508
459298,1775274338.3861396,2.192256212234497,0.10691015422344208,0.9307905435562134,-0.5265511870384216,0.40231752395629883,-0.20152580738067627,0.7212986946105957
459299,1775274338.3972507,2.2101268768310547,0.10703577846288681,0.9393169283866882,-0.46437332034111023,0.5001701712608337,-0.22171154618263245,0.6964418292045593
459300,1775274338.4083617,2.2266430854797363,0.10688761621713638,0.9490867853164673,-0.39602017402648926,0.5943313837051392,-0.24228134751319885,0.6566871404647827
459301,1775274338.419473,2.244663953781128,0.10899569094181061,0.9594906568527222,-0.3232347071170807,0.6764291524887085,-0.25704115629196167,0.6098301410675049
459302,1775274338.430584,2.2630693912506104,0.11411906778812408,0.9701243042945862,-0.24183523654937744,0.750027596950531,-0.26658475399017334,0.5548936724662781
459303,1775274338.441695,2.282484769821167,0.11819081008434296,0.9815396070480347,-0.1596003770828247,0.8119288086891174,-0.2717176377773285,0.49139490723609924
459304,1775274338.4528062,2.303555488586426,0.12134489417076111,0.9934893846511841,-0.07446355372667313,0.861549437046051,-0.2724842131137848,0.42182961106300354
459305,1775274338.4639173,2.3247339725494385,0.12348807603120804,1.0059834718704224,0.013061766512691975,0.8988829255104065,-0.27088308334350586,0.34418216347694397
459306,1775274338.4750285,2.3473331928253174,0.12556394934654236,1.0187479257583618,0.09880953282117844,0.9231268167495728,-0.26378190517425537,0.2617115378379822
459307,1775274338.4861395,2.371074676513672,0.1297220140695572,1.031544804573059,0.18656885623931885,0.9329520463943481,-0.2525346279144287,0.1761215478181839
459308,1775274338.4972506,2.395387649536133,0.13212727010250092,1.0442336797714233,0.27113664150238037,0.9291826486587524,-0.23574508726596832,0.08676934242248535
459309,1775274338.5083618,2.421238899230957,0.1321985125541687,1.0571635961532593,0.3500257134437561,0.9117656350135803,-0.2148493230342865,-0.0022784697357565165
459310,1775274338.5194728,2.4469470977783203,0.13084134459495544,1.0693196058273315,0.42505741119384766,0.8798853754997253,-0.19168314337730408,-0.09157376736402512
459311,1775274338.5305839,2.4726884365081787,0.1317460834980011,1.0813684463500977,0.4963846802711487,0.8329802751541138,-0.1649428755044937,-0.18038910627365112
459312,1775274338.541695,2.4980623722076416,0.13166087865829468,1.0922517776489258,0.5602322816848755,0.7723647952079773,-0.1356106549501419,-0.26683756709098816
459313,1775274338.5528061,2.523391008377075,0.12908399105072021,1.1032241582870483,0.6145560145378113,0.7006708383560181,-0.10335682332515717,-0.3474172353744507
459314,1775274338.5639174,2.5485377311706543,0.12443152815103531,1.1128240823745728,0.6576634645462036,0.618878185749054,-0.0690266415476799,-0.4239150881767273
459315,1775274338.5750284,2.572389602661133,0.11835052073001862,1.1219921112060547,0.6916994452476501,0.5275525450706482,-0.036245934665203094,-0.49186021089553833
459316,1775274338.5861394,2.5951087474823,0.11642404645681381,1.1306781768798828,0.7167409062385559,0.4283469021320343,0.0002219438465544954,-0.5502740144729614
459317,1775274338.5972507,2.617269277572632,0.11485858261585236,1.138744831085205,0.7295518517494202,0.32621121406555176,0.03547341376543045,-0.6000683903694153
459318,1775274338.6083617,2.6374619007110596,0.11179560422897339,1.1463593244552612,0.7334251999855042,0.2170678824186325,0.07013408094644547,-0.6403517127037048
459319,1775274338.619473,2.656466245651245,0.10831055790185928,1.1537688970565796,0.7253025770187378,0.10444898158311844,0.10598164796829224,-0.6721566319465637
459320,1775274338.630584,2.6744604110717773,0.10407683253288269,1.160895586013794,0.7066310048103333,-0.009311209432780743,0.13961389660835266,-0.6936092972755432
459321,1775274338.641695,2.6920127868652344,0.10010872036218643,1.168294072151184,0.6783352494239807,-0.1215871274471283,0.1693507581949234,-0.7045552730560303
459322,1775274338.6528063,2.709365129470825,0.09982576966285706,1.1758899688720703,0.6402844786643982,-0.2274421900510788,0.19566883146762848,-0.7071206569671631
459323,1775274338.6639173,2.726282835006714,0.10088974237442017,1.1839146614074707,0.5942095518112183,-0.3302304148674011,0.21828198432922363,-0.7001543045043945
459324,1775274338.6750283,2.7426249980926514,0.10190390050411224,1.1922662258148193,0.5402764081954956,-0.42891454696655273,0.2395041286945343,-0.6832067966461182
459325,1775274338.6861396,2.7594311237335205,0.10250221937894821,1.2013096809387207,0.48059406876564026,-0.5203062295913696,0.2574653923511505,-0.6572840809822083
459326,1775274338.6972506,2.7762300968170166,0.10326571017503738,1.2109246253967285,0.41325387358665466,-0.6067790389060974,0.2712293863296509,-0.6224750876426697
459327,1775274338.7083619,2.7936606407165527,0.10612460970878601,1.2212879657745361,0.3402877449989319,-0.6839314103126526,0.28221505880355835,-0.5803419351577759
459328,1775274338.719473,2.81204891204834,0.1106417179107666,1.2319308519363403,0.26261669397354126,-0.752579927444458,0.28598320484161377,-0.5318549275398254
459329,1775274338.730584,2.831312656402588,0.11394823342561722,1.2435234785079956,0.182982936501503,-0.81069016456604,0.2868095934391022,-0.4764862358570099
459330,1775274338.7416952,2.8516392707824707,0.11650655418634415,1.2555326223373413,0.10084756463766098,-0.8587751984596252,0.28385138511657715,-0.41444358229637146
459331,1775274338.7528062,2.8724591732025146,0.11942264437675476,1.2682729959487915,0.014610514976084232,-0.8964833617210388,0.27763351798057556,-0.34499815106391907
459332,1775274338.7639172,2.8949053287506104,0.12410011887550354,1.2809014320373535,-0.07022534310817719,-0.9208829402923584,0.2680511474609375,-0.2742108404636383
459333,1775274338.7750285,2.9175939559936523,0.1279599666595459,1.2943065166473389,-0.1579265147447586,-0.9336380362510681,0.25428420305252075,-0.19677123427391052
459334,1775274338.7861395,2.941437005996704,0.1296909898519516,1.3077386617660522,-0.24112610518932343,-0.9337700605392456,0.23728661239147186,-0.1167341023683548
459335,1775274338.7972507,2.9661452770233154,0.129619762301445,1.3208630084991455,-0.3247559070587158,-0.9199728965759277,0.21646063029766083,-0.03644651547074318
459336,1775274338.8083618,2.991339921951294,0.12905928492546082,1.333736538887024,-0.4010085463523865,-0.8943949341773987,0.19293312728405,0.045021284371614456
459337,1775274338.8194728,3.0165860652923584,0.13011351227760315,1.3461447954177856,-0.4766133725643158,-0.8545635342597961,0.16320423781871796,0.1261955052614212
459338,1775274338.830584,3.042207956314087,0.128811314702034,1.3577882051467896,-0.5416889190673828,-0.8045898675918579,0.13291721045970917,0.20381683111190796
459339,1775274338.841695,3.067568063735962,0.12594448029994965,1.3693242073059082,-0.6014883518218994,-0.7411850690841675,0.10021647810935974,0.2807367444038391
459340,1775274338.852806,3.0926826000213623,0.12224197387695312,1.3793903589248657,-0.6483086943626404,-0.6713124513626099,0.0628451332449913,0.353674978017807
459341,1775274338.8639174,3.1166586875915527,0.11812302470207214,1.3894506692886353,-0.6917484998703003,-0.5876180529594421,0.025755150243639946,0.4189578592777252
459342,1775274338.8750284,3.139864206314087,0.11442910134792328,1.398966908454895,-0.7222051024436951,-0.4992647171020508,-0.009688863530755043,0.47860288619995117
459343,1775274338.8861396,3.161619186401367,0.11152884364128113,1.4078216552734375,-0.7443013191223145,-0.40316492319107056,-0.046185798943042755,0.5304153561592102
459344,1775274338.8972507,3.182150363922119,0.10728577524423599,1.4164612293243408,-0.7568101286888123,-0.3011387884616852,-0.07999667525291443,0.5745905637741089
459345,1775274338.9083617,3.2021162509918213,0.10279946029186249,1.4242020845413208,-0.7577168941497803,-0.19785773754119873,-0.11558600515127182,0.6110297441482544
459346,1775274338.919473,3.2217800617218018,0.09924715012311935,1.4319010972976685,-0.7489649057388306,-0.09790467470884323,-0.14690496027469635,0.6386590003967285
459347,1775274338.930584,3.238358497619629,0.0982472151517868,1.4398001432418823,-0.7328016757965088,0.013655928894877434,-0.17726944386959076,0.6568034291267395
459348,1775274338.941695,3.2550160884857178,0.09712840616703033,1.4475568532943726,-0.7058804631233215,0.11899808794260025,-0.20411743223667145,0.6677635908126831
459349,1775274338.9528062,3.2715067863464355,0.09550105780363083,1.4554132223129272,-0.6682639122009277,0.22279410064220428,-0.2295718491077423,0.6716271638870239
459350,1775274338.9639173,3.287074327468872,0.0938194990158081,1.463041067123413,-0.6227141618728638,0.32297101616859436,-0.2518869638442993,0.6666856408119202
459351,1775274338.9750285,3.3023970127105713,0.09482135623693466,1.471641182899475,-0.5713062286376953,0.4202626645565033,-0.2732624113559723,0.6498585939407349
459352,1775274338.9861395,3.318380117416382,0.09705200791358948,1.481054425239563,-0.5122697353363037,0.5103305578231812,-0.28658267855644226,0.6285005211830139
459353,1775274338.9972506,3.3346636295318604,0.09890180826187134,1.490007758140564,-0.4464789628982544,0.5933681726455688,-0.2969819903373718,0.6003103852272034
459354,1775274339.0083618,3.351179599761963,0.10178561508655548,1.5002995729446411,-0.37397122383117676,0.6705520153045654,-0.3053041398525238,0.5632895231246948
459355,1775274339.0194728,3.3689017295837402,0.1056763306260109,1.511218547821045,-0.29908517003059387,0.7376907467842102,-0.3079044818878174,0.5211096405982971
459356,1775274339.0305839,3.387282609939575,0.10998973995447159,1.5223147869110107,-0.21751601994037628,0.7966427206993103,-0.3067806363105774,0.4732155203819275
459357,1775274339.041695,3.40678334236145,0.1130644753575325,1.5341638326644897,-0.1366923749446869,0.8455803990364075,-0.3024841845035553,0.41810575127601624
459358,1775274339.0528061,3.426563262939453,0.1171155646443367,1.5468438863754272,-0.050097569823265076,0.8853330016136169,-0.2949431538581848,0.3559274971485138
459359,1775274339.0639174,3.4480044841766357,0.12123898416757584,1.5596555471420288,0.035161279141902924,0.9130234718322754,-0.2828344702720642,0.29181596636772156
459360,1775274339.0750284,3.4704298973083496,0.12426102161407471,1.572953462600708,0.11791127920150757,0.9301467537879944,-0.2662869691848755,0.22364100813865662
459361,1775274339.0861394,3.493544816970825,0.12594744563102722,1.5865490436553955,0.20377500355243683,0.93525630235672,-0.2461487352848053,0.1522575318813324
459362,1775274339.0972507,3.517340660095215,0.1277892142534256,1.6002492904663086,0.2873411476612091,0.9277001619338989,-0.22481387853622437,0.07916044443845749
459363,1775274339.1083617,3.5419065952301025,0.12885133922100067,1.6134551763534546,0.36504215002059937,0.9091514348983765,-0.20035438239574432,0.006784848868846893
459364,1775274339.119473,3.566889524459839,0.12870606780052185,1.626349925994873,0.4429628551006317,0.8775790333747864,-0.17040109634399414,-0.06784272938966751
459365,1775274339.130584,3.591723680496216,0.12845221161842346,1.6394184827804565,0.5145913362503052,0.8339468836784363,-0.13886623084545135,-0.14298462867736816
459366,1775274339.141695,3.616895914077759,0.12777596712112427,1.6515073776245117,0.5783317685127258,0.7809765338897705,-0.10453245788812637,-0.21137917041778564
459367,1775274339.1528063,3.6409099102020264,0.12532998621463776,1.6628884077072144,0.6346316933631897,0.7164292335510254,-0.06818699091672897,-0.28164225816726685
459368,1775274339.1639173,3.664842128753662,0.12076439708471298,1.6737216711044312,0.6819928288459778,0.643634021282196,-0.030213819816708565,-0.34598883986473083
459369,1775274339.1750283,3.6875946521759033,0.11508890986442566,1.683669090270996,0.7219130992889404,0.5620615482330322,0.006162310019135475,-0.40359678864479065
459370,1775274339.1861396,3.7087013721466064,0.11281212419271469,1.6931562423706055,0.7526695728302002,0.4712252914905548,0.04535026103258133,-0.4575790464878082
459371,1775274339.1972506,3.729214906692505,0.1107185035943985,1.7019813060760498,0.7728307843208313,0.3770096004009247,0.08165852725505829,-0.503913164138794
459372,1775274339.2083619,3.7491025924682617,0.10733132064342499,1.7106817960739136,0.7827563881874084,0.28204041719436646,0.11719969660043716,-0.5422267913818359
459373,1775274339.219473,3.7674667835235596,0.10298886150121689,1.7185202836990356,0.7839702367782593,0.1813480705022812,0.1517934501171112,-0.5739881992340088
459374,1775274339.230584,3.7846431732177734,0.09807688742876053,1.726523756980896,0.7760511636734009,0.07902257144451141,0.18396855890750885,-0.5980432033538818
459375,1775274339.2416952,3.8009212017059326,0.09392929077148438,1.733839750289917,0.7577868103981018,-0.026250815019011497,0.2138725370168686,-0.6158967018127441
459376,1775274339.2528062,3.817458391189575,0.09317587316036224,1.7412338256835938,0.7310982346534729,-0.12240966409444809,0.23892995715141296,-0.6272350549697876
459377,1775274339.2639172,3.833223581314087,0.09308388084173203,1.7490521669387817,0.6962591409683228,-0.21879903972148895,0.2628569006919861,-0.6310756206512451
459378,1775274339.2750285,3.8482019901275635,0.09330980479717255,1.7569913864135742,0.652186393737793,-0.3165352940559387,0.28307655453681946,-0.6279538869857788
459379,1775274339.2861395,3.8623459339141846,0.09330880641937256,1.765485405921936,0.6039246320724487,-0.4090019464492798,0.30192098021507263,-0.6138699650764465
459380,1775274339.2972507,3.877196788787842,0.09364226460456848,1.7744174003601074,0.5467931628227234,-0.4943515360355377,0.31400755047798157,-0.5983586311340332
459381,1775274339.3083618,3.893052816390991,0.09590981155633926,1.7836575508117676,0.4848524332046509,-0.573026180267334,0.32493653893470764,-0.5753045082092285
459382,1775274339.3194728,3.908026695251465,0.09935891628265381,1.7927979230880737,0.4132625460624695,-0.6517496109008789,0.33507707715034485,-0.540518045425415
459383,1775274339.330584,3.926791191101074,0.1052640900015831,1.804945468902588,0.34291332960128784,-0.7127295732498169,0.3348912000656128,-0.5121278166770935
459384,1775274339.341695,3.944333076477051,0.10773812979459763,1.8172006607055664,0.26845964789390564,-0.7709469199180603,0.3404276669025421,-0.4665612578392029
459385,1775274339.352806,3.9615063667297363,0.11086259037256241,1.8286758661270142,0.18958526849746704,-0.8207241892814636,0.33762621879577637,-0.4200928807258606
459386,1775274339.3639174,3.981353759765625,0.11461073160171509,1.8396251201629639,0.1071399673819542,-0.8652382493019104,0.3242759108543396,-0.3670545816421509
459387,1775274339.3750284,4.000123023986816,0.11993630230426788,1.852051854133606,0.023102493956685066,-0.8989619612693787,0.31000831723213196,-0.30859124660491943
459388,1775274339.3861396,4.003567695617676,0.12098977714776993,1.8599716424942017,-0.003100082278251648,-0.9183244705200195,0.28651100397109985,-0.2730972468852997
459389,1775274339.3972507,3.994027853012085,0.11686445027589798,1.863025426864624,0.050560202449560165,-0.9248633980751038,0.26811742782592773,-0.26492372155189514
459390,1775274339.4083617,3.982421636581421,0.12022030353546143,1.8669497966766357,0.07249576598405838,-0.9363157153129578,0.23474757373332977,-0.2509002685546875
459391,1775274339.419473,3.9744908809661865,0.11971420794725418,1.8722271919250488,0.09658100455999374,-0.9410543441772461,0.20706328749656677,-0.2494269162416458
459392,1775274339.430584,3.968109369277954,0.12060876935720444,1.878361701965332,0.11680679023265839,-0.942568302154541,0.18352068960666656,-0.2534591853618622
459393,1775274339.441695,3.963331460952759,0.12032569944858551,1.882957935333252,0.12774498760700226,-0.9450361728668213,0.16796080768108368,-0.24975399672985077
459394,1775274339.4528062,3.9608428478240967,0.11991240829229355,1.885322093963623,0.1296413391828537,-0.9494532942771912,0.15757793188095093,-0.23853912949562073
459395,1775274339.4639173,3.9604294300079346,0.11984607577323914,1.8881049156188965,0.12536925077438354,-0.9517268538475037,0.15324223041534424,-0.23455394804477692
459396,1775274339.4750285,3.9610824584960938,0.12061502039432526,1.8896230459213257,0.12329541891813278,-0.9552755951881409,0.14690522849559784,-0.22509022057056427
459397,1775274339.4861395,3.9622273445129395,0.12153299152851105,1.8904330730438232,0.1162135973572731,-0.957694947719574,0.14498212933540344,-0.2197614163160324
459398,1775274339.4972506,3.9638864994049072,0.12140078842639923,1.889999508857727,0.10453394800424576,-0.9602676033973694,0.14494310319423676,-0.21436013281345367
459399,1775274339.5083618,3.966623544692993,0.12166795879602432,1.8898375034332275,0.09091968834400177,-0.9620465636253357,0.14891430735588074,-0.20982055366039276
459400,1775274339.5194728,3.971259117126465,0.12260783463716507,1.8901323080062866,0.07484906166791916,-0.9628024697303772,0.1543472409248352,-0.20877285301685333
459401,1775274339.5305839,3.9773061275482178,0.12408968806266785,1.8897669315338135,0.0615478977560997,-0.9644089937210083,0.15276631712913513,-0.2068570852279663
459402,1775274339.541695,3.9825327396392822,0.1251935362815857,1.890483021736145,0.045561522245407104,-0.9654975533485413,0.15521961450576782,-0.2040725201368332
459403,1775274339.5528061,3.98761248588562,0.1257038116455078,1.8908323049545288,0.02339993417263031,-0.9669135808944702,0.15958088636398315,-0.1976475566625595
459404,1775274339.5639174,3.992964744567871,0.12642189860343933,1.8905340433120728,0.002912135561928153,-0.9681525230407715,0.16124147176742554,-0.19150319695472717
459405,1775274339.5750284,3.9987125396728516,0.12688305974006653,1.8906121253967285,-0.014774897135794163,-0.9683024287223816,0.16275297105312347,-0.1889011710882187
459406,1775274339.5861394,4.003696441650391,0.1275472193956375,1.8916555643081665,-0.03714333474636078,-0.9677501916885376,0.16967707872390747,-0.18245451152324677
459407,1775274339.5972507,4.009450912475586,0.12786588072776794,1.8913813829421997,-0.05612992122769356,-0.9677797555923462,0.16956055164337158,-0.17748579382896423
459408,1775274339.6083617,4.01496696472168,0.1284661442041397,1.8914786577224731,-0.07577468454837799,-0.9667938351631165,0.17185671627521515,-0.17330119013786316
459409,1775274339.619473,4.020082950592041,0.1290336549282074,1.8922232389450073,-0.09742677211761475,-0.9652775526046753,0.1762019395828247,-0.1664338856935501
459410,1775274339.630584,4.026407241821289,0.1291641891002655,1.8921091556549072,-0.11721295118331909,-0.9633135199546814,0.17702896893024445,-0.16416116058826447
459411,1775274339.641695,4.0319085121154785,0.12954439222812653,1.892867088317871,-0.13880246877670288,-0.9608337879180908,0.18065357208251953,-0.15778709948062897
459412,1775274339.6528063,4.037461280822754,0.12986959517002106,1.8934226036071777,-0.15900568664073944,-0.9582045078277588,0.18276403844356537,-0.15217958390712738
459413,1775274339.6639173,4.043402194976807,0.12998045980930328,1.8938905000686646,-0.1800207793712616,-0.9546715617179871,0.18525801599025726,-0.14789964258670807
459414,1775274339.6750283,4.049371719360352,0.1298031210899353,1.8940585851669312,-0.1997801661491394,-0.9511227607727051,0.18700294196605682,-0.14312025904655457
459415,1775274339.6861396,4.055188179016113,0.13001450896263123,1.8947538137435913,-0.2206764668226242,-0.9473238587379456,0.18693327903747559,-0.13760580122470856
459416,1775274339.6972506,4.061235427856445,0.13025811314582825,1.8956379890441895,-0.24209749698638916,-0.9422118067741394,0.1904529333114624,-0.13173256814479828
459417,1775274339.7083619,4.0669145584106445,0.1302102655172348,1.8963052034378052,-0.2623887062072754,-0.9371592998504639,0.19247858226299286,-0.12584391236305237
459418,1775274339.719473,4.073180198669434,0.13030722737312317,1.8967400789260864,-0.28323137760162354,-0.931649386882782,0.19219979643821716,-0.121937096118927
459419,1775274339.730584,4.07883358001709,0.1303204894065857,1.8974113464355469,-0.30376744270324707,-0.9257397651672363,0.19339630007743835,-0.11545194685459137
459420,1775274339.7416952,4.084845066070557,0.13024094700813293,1.8979941606521606,-0.32420089840888977,-0.9194779396057129,0.19284024834632874,-0.11075497418642044
459421,1775274339.7528062,4.090782642364502,0.13022419810295105,1.8985860347747803,-0.34394317865371704,-0.912955105304718,0.19294241070747375,-0.1048305481672287
459422,1775274339.7639172,4.09674072265625,0.13005731999874115,1.899182677268982,-0.36233651638031006,-0.9065093994140625,0.1919642984867096,-0.1005120798945427
459423,1775274339.7750285,4.102508544921875,0.1301233172416687,1.8998936414718628,-0.38295429944992065,-0.8988788723945618,0.19118407368659973,-0.09386859089136124
459424,1775274339.7861395,4.108888149261475,0.12954473495483398,1.9001786708831787,-0.4049886465072632,-0.8897325396537781,0.19103388488292694,-0.08869186043739319
459425,1775274339.7972507,4.11517858505249,0.1292549967765808,1.901390790939331,-0.426149845123291,-0.8807108998298645,0.18964552879333496,-0.08233600109815598
459426,1775274339.8083618,4.120883464813232,0.1289966106414795,1.9023360013961792,-0.4450259506702423,-0.8720305562019348,0.18915940821170807,-0.075719453394413
459427,1775274339.8194728,4.126648902893066,0.1286681443452835,1.9031323194503784,-0.46366873383522034,-0.8629024624824524,0.1883925497531891,-0.07013558596372604
459428,1775274339.830584,4.132899284362793,0.12801603972911835,1.904148817062378,-0.4838621914386749,-0.8523170351982117,0.1869473159313202,-0.06696189939975739
459429,1775274339.841695,4.139017581939697,0.12783783674240112,1.904914140701294,-0.5027669072151184,-0.8418632745742798,0.1860504001379013,-0.06226553022861481
459430,1775274339.852806,4.144194602966309,0.1268896758556366,1.9052821397781372,-0.5190098881721497,-0.8321918249130249,0.1867256611585617,-0.0567358136177063
459431,1775274339.8639174,4.149604320526123,0.12578031420707703,1.9054036140441895,-0.5363554954528809,-0.8207603693008423,0.18988268077373505,-0.051183830946683884
459432,1775274339.8750284,4.140926837921143,0.12714534997940063,1.9084233045578003,-0.5106443166732788,-0.8402776718139648,0.16866958141326904,-0.06875006854534149
459433,1775274339.8861396,4.107314109802246,0.12624798715114594,1.9125829935073853,-0.5113875865936279,-0.8382787108421326,0.1633031964302063,-0.09541231393814087
459434,1775274339.8972507,4.071434497833252,0.129851832985878,1.9138455390930176,-0.4722015857696533,-0.8620242476463318,0.15474505722522736,-0.09996924549341202
459435,1775274339.9083617,4.0402913093566895,0.13173358142375946,1.9151960611343384,-0.43364232778549194,-0.8818329572677612,0.13810889422893524,-0.12349534034729004
459436,1775274339.919473,4.008696556091309,0.13196150958538055,1.9175564050674438,-0.39028283953666687,-0.900759220123291,0.12364247441291809,-0.14499936997890472
459437,1775274339.930584,3.9774744510650635,0.1311250627040863,1.9196537733078003,-0.3466053009033203,-0.9172632098197937,0.1063552126288414,-0.1648685336112976
459438,1775274339.941695,3.947653293609619,0.13349182903766632,1.9226696491241455,-0.2882876396179199,-0.9350218772888184,0.08450940996408463,-0.18836839497089386
459439,1775274339.9528062,3.9179604053497314,0.13559363782405853,1.9270977973937988,-0.2209409922361374,-0.945335328578949,0.058820292353630066,-0.23252229392528534
459440,1775274339.9639173,3.8818740844726562,0.1355218142271042,1.9309282302856445,-0.16671369969844818,-0.9497154355049133,0.03850571811199188,-0.2622300088405609
459441,1775274339.9750285,3.8412585258483887,0.13248679041862488,1.9321608543395996,-0.12468622624874115,-0.9533278942108154,0.027813352644443512,-0.2735793888568878
459442,1775274339.9861395,3.804168701171875,0.13236066699028015,1.9343422651290894,-0.06609925627708435,-0.9545935392379761,0.0046382322907447815,-0.290448933839798
459443,1775274339.9972506,3.76882266998291,0.13121820986270905,1.9381617307662964,0.0030120655428618193,-0.948136031627655,-0.019323863089084625,-0.31726258993148804
459444,1775274340.0083618,3.7355921268463135,0.1279100477695465,1.9409669637680054,0.0751134380698204,-0.936160683631897,-0.044443484395742416,-0.3405669927597046
459445,1775274340.0194728,3.7012860774993896,0.12516848742961884,1.942360520362854,0.14934583008289337,-0.9179800748825073,-0.07967226207256317,-0.35869309306144714
459446,1775274340.0305839,3.6693923473358154,0.12247397005558014,1.9451522827148438,0.23425008356571198,-0.8908459544181824,-0.1171814426779747,-0.37119948863983154
459447,1775274340.041695,3.638742685317993,0.11919243633747101,1.9465057849884033,0.3196745812892914,-0.8525539636611938,-0.15756964683532715,-0.3822716176509857
459448,1775274340.0528061,3.609879732131958,0.1140056699514389,1.9479119777679443,0.4035605192184448,-0.8045701384544373,-0.19611334800720215,-0.3890315294265747
459449,1775274340.0639174,3.5826423168182373,0.10738153010606766,1.9490761756896973,0.48507416248321533,-0.7467356324195862,-0.23269885778427124,-0.3910757005214691
459450,1775274340.0750284,3.557708263397217,0.10211321711540222,1.9501888751983643,0.5666652321815491,-0.6756396293640137,-0.26984524726867676,-0.3867623209953308
459451,1775274340.0861394,3.5345330238342285,0.09718884527683258,1.9513137340545654,0.6415554285049438,-0.5954512357711792,-0.30529841780662537,-0.37501662969589233
459452,1775274340.0972507,3.5124778747558594,0.09211169183254242,1.952561378479004,0.7075342535972595,-0.5069965720176697,-0.33661699295043945,-0.35921967029571533
459453,1775274340.1083617,3.491034984588623,0.08720061928033829,1.954076886177063,0.7624737024307251,-0.4136562943458557,-0.3654588460922241,-0.3375830352306366
459454,1775274340.119473,3.4711551666259766,0.08336000144481659,1.9561847448349,0.8102529644966125,-0.3143082857131958,-0.3882248103618622,-0.30656468868255615
459455,1775274340.130584,3.4521548748016357,0.0808848887681961,1.9575762748718262,0.8464452028274536,-0.20932205021381378,-0.4038686454296112,-0.276775985956192
459456,1775274340.141695,3.434135675430298,0.08024180680513382,1.9593970775604248,0.8706052899360657,-0.09504513442516327,-0.417146235704422,-0.24290350079536438
459457,1775274340.1528063,3.4156150817871094,0.08132489025592804,1.961125135421753,0.8828115463256836,0.016180960461497307,-0.4223526120185852,-0.20493978261947632
459458,1775274340.1639173,3.396225690841675,0.08315923810005188,1.9631619453430176,0.8820985555648804,0.12535466253757477,-0.423462450504303,-0.1639142781496048
459459,1775274340.1750283,3.376040458679199,0.08640540391206741,1.9664206504821777,0.8709054589271545,0.2332800030708313,-0.41522416472435,-0.12121514976024628
459460,1775274340.1861396,3.354980707168579,0.09154701232910156,1.9694827795028687,0.8456646800041199,0.3406682014465332,-0.4038742482662201,-0.07537905871868134
459461,1775274340.1972506,3.332758665084839,0.09623963385820389,1.9729801416397095,0.8097790479660034,0.4420962333679199,-0.38460981845855713,-0.029735296964645386
459462,1775274340.2083619,3.3088467121124268,0.10184517502784729,1.9762217998504639,0.761543869972229,0.538559079170227,-0.36019620299339294,0.016243835911154747
459463,1775274340.219473,3.2831900119781494,0.10845427215099335,1.9804054498672485,0.7034976482391357,0.6259940266609192,-0.33098646998405457,0.060585446655750275
459464,1775274340.230584,3.256394863128662,0.11413422226905823,1.9841530323028564,0.6338346600532532,0.7065499424934387,-0.2970937192440033,0.10380832105875015
459465,1775274340.2416952,3.2288312911987305,0.11848687380552292,1.9876643419265747,0.5542241930961609,0.7777436375617981,-0.2574792206287384,0.14715570211410522
459466,1775274340.2528062,3.1994004249572754,0.1234913319349289,1.993151307106018,0.4682697653770447,0.8350290060043335,-0.21588349342346191,0.19194869697093964
459467,1775274340.2639172,3.1686761379241943,0.1278938353061676,1.9974068403244019,0.3779734671115875,0.8810285925865173,-0.16977819800376892,0.22825473546981812
459468,1775274340.2750285,3.1381874084472656,0.12914682924747467,2.0014705657958984,0.27560925483703613,0.9164880514144897,-0.1192229762673378,0.26433899998664856
459469,1775274340.2861395,3.1068267822265625,0.12962613999843597,2.0053484439849854,0.17354127764701843,0.9370471835136414,-0.07017187029123306,0.2947913110256195
459470,1775274340.2972507,3.075561761856079,0.12968266010284424,2.0091211795806885,0.06939440220594406,0.9445509314537048,-0.01876016892492771,0.3203996419906616
459471,1775274340.3083618,3.044311285018921,0.12834662199020386,2.0125532150268555,-0.029833009466528893,0.9399635195732117,0.03098836913704872,0.33855339884757996
459472,1775274340.3194728,3.0144948959350586,0.1246110126376152,2.0153090953826904,-0.13469086587429047,0.9219086170196533,0.08290558308362961,0.3536520004272461
459473,1775274340.330584,2.985558271408081,0.12063030153512955,2.0179238319396973,-0.23500369489192963,0.8915905952453613,0.13258588314056396,0.3636764585971832
459474,1775274340.341695,2.95798397064209,0.11603712290525436,2.020514488220215,-0.33180147409439087,0.8501496911048889,0.1791888177394867,0.36748427152633667
459475,1775274340.352806,2.9314942359924316,0.1104966253042221,2.0230255126953125,-0.42319321632385254,0.7985988855361938,0.2225411832332611,0.36554470658302307
459476,1775274340.3639174,2.9065024852752686,0.1039331704378128,2.0250368118286133,-0.5074161887168884,0.7369996309280396,0.26513949036598206,0.35925135016441345
459477,1775274340.3750284,2.8835389614105225,0.09768027067184448,2.0268402099609375,-0.5872714519500732,0.6642719507217407,0.30347514152526855,0.34893834590911865
459478,1775274340.3861396,2.860527515411377,0.09297187626361847,2.0289924144744873,-0.6560029983520508,0.5872517824172974,0.339140921831131,0.3313291072845459
459479,1775274340.3972507,2.839677095413208,0.08798354864120483,2.030319929122925,-0.7178402543067932,0.5012003779411316,0.36926525831222534,0.3116837441921234
459480,1775274340.4083617,2.8199074268341064,0.08303795754909515,2.0317888259887695,-0.7706160545349121,0.4079883098602295,0.39605820178985596,0.2878096103668213
459481,1775274340.419473,2.8007829189300537,0.07977563142776489,2.0334255695343018,-0.8132543563842773,0.3107597827911377,0.4176362156867981,0.2600497007369995
459482,1775274340.430584,2.7827417850494385,0.07748720049858093,2.0353660583496094,-0.8473389744758606,0.20752845704555511,0.43277662992477417,0.2272729128599167
459483,1775274340.441695,2.7648868560791016,0.07717382907867432,2.0377612113952637,-0.870360255241394,0.10242681205272675,0.4414360225200653,0.19265520572662354
459484,1775274340.4528062,2.7473795413970947,0.07775697112083435,2.0397489070892334,-0.8817347288131714,-0.005556010641157627,0.44593656063079834,0.15379782021045685
459485,1775274340.4639173,2.7281124591827393,0.07928059995174408,2.042668342590332,-0.881859302520752,-0.10942026972770691,0.4441903531551361,0.11422071605920792
459486,1775274340.4750285,2.7089121341705322,0.08281032741069794,2.045734167098999,-0.8710935115814209,-0.21344350278377533,0.43631240725517273,0.07259112596511841
459487,1775274340.4861395,2.6890499591827393,0.0878680869936943,2.049431324005127,-0.8488845825195312,-0.31659752130508423,0.42222779989242554,0.02974606305360794
459488,1775274340.4972506,2.667814254760742,0.09238505363464355,2.0526108741760254,-0.8147051334381104,-0.41727393865585327,0.4024897515773773,-0.011836463585495949
459489,1775274340.5083618,2.6449928283691406,0.0977032482624054,2.0559134483337402,-0.770449697971344,-0.5118046998977661,0.37650996446609497,-0.05199519917368889
459490,1775274340.5194728,2.620823860168457,0.10492779314517975,2.0596110820770264,-0.7164264917373657,-0.5988665223121643,0.3456963896751404,-0.0926612988114357
459491,1775274340.5305839,2.5949506759643555,0.11105659604072571,2.064406156539917,-0.6536297798156738,-0.6771081686019897,0.3104076087474823,-0.1339394897222519
459492,1775274340.541695,2.5680510997772217,0.11590088903903961,2.0686841011047363,-0.5802168846130371,-0.7485913634300232,0.26982536911964417,-0.17364829778671265
459493,1775274340.5528061,2.539919853210449,0.12031619250774384,2.0734100341796875,-0.498975932598114,-0.8097195029258728,0.22584432363510132,-0.21064645051956177
459494,1775274340.5639174,2.5107288360595703,0.12593774497509003,2.078437089920044,-0.41046056151390076,-0.859596312046051,0.1818172037601471,-0.24404677748680115
459495,1775274340.5750284,2.481112241744995,0.12923020124435425,2.0831525325775146,-0.3151070177555084,-0.8992196917533875,0.1304159164428711,-0.27404966950416565
459496,1775274340.5861394,2.450470447540283,0.12996289134025574,2.087178945541382,-0.21929071843624115,-0.9256098866462708,0.07763372361660004,-0.29854825139045715
459497,1775274340.5972507,2.419816255569458,0.1290568709373474,2.091423749923706,-0.12074112892150879,-0.9397141933441162,0.02558518759906292,-0.31891125440597534
459498,1775274340.6083617,2.389383554458618,0.12880904972553253,2.095430850982666,-0.020814357325434685,-0.9417147040367126,-0.0270235575735569,-0.33467897772789
459499,1775274340.619473,2.359520673751831,0.12718112766742706,2.0992913246154785,0.07708477228879929,-0.9323039054870605,-0.07823627442121506,-0.34459638595581055
459500,1775274340.630584,2.330777883529663,0.1227157711982727,2.1030445098876953,0.17732100188732147,-0.910487711429596,-0.13042189180850983,-0.35008516907691956
459501,1775274340.641695,2.3031845092773438,0.11837686598300934,2.1063971519470215,0.27207329869270325,-0.8776879906654358,-0.17918498814105988,-0.35147249698638916
459502,1775274340.6528063,2.276423454284668,0.11379662901163101,2.1099374294281006,0.36318737268447876,-0.8354964852333069,-0.22344043850898743,-0.3465762138366699
459503,1775274340.6639173,2.2514212131500244,0.10769198834896088,2.113192319869995,0.4496133029460907,-0.7833935022354126,-0.2657826840877533,-0.33690065145492554
459504,1775274340.6750283,2.2275872230529785,0.10095271468162537,2.1160643100738525,0.5290698409080505,-0.722291111946106,-0.307266503572464,-0.3224407434463501
459505,1775274340.6861396,2.205073356628418,0.0950852632522583,2.1180307865142822,0.6013718843460083,-0.6514140963554382,-0.345832496881485,-0.3072645962238312
459506,1775274340.6972506,2.183868885040283,0.0904669314622879,2.1208901405334473,0.6665443181991577,-0.5752730965614319,-0.37842854857444763,-0.2856070101261139
459507,1775274340.7083619,2.1637957096099854,0.08582277595996857,2.123220920562744,0.723567545413971,-0.4924811124801636,-0.4067312777042389,-0.2616908848285675
459508,1775274340.719473,2.1446752548217773,0.08084145933389664,2.1257164478302,0.7727044820785522,-0.4040907621383667,-0.43001994490623474,-0.2339259833097458
459509,1775274340.730584,2.126969575881958,0.07683330029249191,2.1279995441436768,0.8137326836585999,-0.3081013858318329,-0.449261873960495,-0.2026735097169876
459510,1775274340.7416952,2.1093590259552,0.07589412480592728,2.1300759315490723,0.8435757756233215,-0.21075987815856934,-0.4634999632835388,-0.17066921293735504
459511,1775274340.7528062,2.0920228958129883,0.07615171372890472,2.1326780319213867,0.8646440505981445,-0.11076527088880539,-0.47104957699775696,-0.13503339886665344
459512,1775274340.7639172,2.0746450424194336,0.07639307528734207,2.1355512142181396,0.8753669857978821,-0.008729735389351845,-0.47340503334999084,-0.09769447892904282
459513,1775274340.7750285,2.0573878288269043,0.07782308757305145,2.1389591693878174,0.8760572671890259,0.0937422439455986,-0.4694206118583679,-0.05814148485660553
459514,1775274340.7861395,2.038649797439575,0.08264554291963577,2.141631603240967,0.8659892082214355,0.19460195302963257,-0.4601065516471863,-0.022245991975069046
459515,1775274340.7972507,2.0196492671966553,0.08773806691169739,2.1453399658203125,0.8454151749610901,0.2930653393268585,-0.44614169001579285,0.0185400303453207
459516,1775274340.8083618,1.9996914863586426,0.09249848127365112,2.1489362716674805,0.8146692514419556,0.3904719948768616,-0.42485812306404114,0.05780326575040817
459517,1775274340.8194728,1.978135347366333,0.09727268666028976,2.1525797843933105,0.7747625112533569,0.4824535548686981,-0.3974766731262207,0.09483703970909119
459518,1775274340.830584,1.955447793006897,0.1028624176979065,2.157113552093506,0.7239737510681152,0.5695990324020386,-0.3660725951194763,0.13194631040096283
459519,1775274340.841695,1.9305874109268188,0.10930077731609344,2.161623001098633,0.6665594577789307,0.6472217440605164,-0.3304034173488617,0.16624122858047485
459520,1775274340.852806,1.9052125215530396,0.1150607019662857,2.1662871837615967,0.5985971689224243,0.7195884585380554,-0.28871744871139526,0.20128613710403442
459521,1775274340.8639174,1.8783907890319824,0.120630644261837,2.171513080596924,0.5234741568565369,0.7826371788978577,-0.24450676143169403,0.23166875541210175
459522,1775274340.8750284,1.8505052328109741,0.1254594475030899,2.1767776012420654,0.4411153495311737,0.8366873860359192,-0.1953791379928589,0.2592267096042633
459523,1775274340.8861396,1.8215280771255493,0.12880836427211761,2.182339668273926,0.35460662841796875,0.8790667653083801,-0.14565293490886688,0.28333908319473267
459524,1775274340.8972507,1.7918161153793335,0.13101227581501007,2.1875109672546387,0.26422885060310364,0.9109663367271423,-0.0925869271159172,0.3029046952724457
459525,1775274340.9083617,1.7619123458862305,0.13141930103302002,2.192763566970825,0.1703641563653946,0.9317378997802734,-0.03892244026064873,0.3183169662952423
459526,1775274340.919473,1.7322478294372559,0.13148751854896545,2.198040723800659,0.07553055882453918,0.9410321712493896,0.015843646600842476,0.3293972313404083
459527,1775274340.930584,1.7030836343765259,0.13028882443904877,2.20324969291687,-0.021327173337340355,0.9389999508857727,0.0705670490860939,0.33592337369918823
459528,1775274340.941695,1.674067735671997,0.12658707797527313,2.2083592414855957,-0.11465737968683243,0.926719605922699,0.12275584787130356,0.336118221282959
459529,1775274340.9528062,1.6464588642120361,0.12283650785684586,2.213113307952881,-0.20586813986301422,0.9029883742332458,0.1749596744775772,0.3340951204299927
459530,1775274340.9639173,1.6200882196426392,0.11906630545854568,2.217193126678467,-0.29658207297325134,0.8680803179740906,0.225609689950943,0.3279879689216614
459531,1775274340.9750285,1.5946643352508545,0.11367116868495941,2.221369743347168,-0.382420152425766,0.8243961334228516,0.27145853638648987,0.3169165551662445
459532,1775274340.9861395,1.5708529949188232,0.10702890157699585,2.225691080093384,-0.4628366231918335,0.7721845507621765,0.31425249576568604,0.3012619912624359
459533,1775274340.9972506,1.5477914810180664,0.10049459338188171,2.229947805404663,-0.5360385775566101,0.7136520147323608,0.3535509705543518,0.2799379527568817
459534,1775274341.0083618,1.5261167287826538,0.09608427435159683,2.233431577682495,-0.6028307676315308,0.6460826396942139,0.3905646502971649,0.25813087821006775
459535,1775274341.0194728,1.506588339805603,0.09122394025325775,2.23618221282959,-0.6647970080375671,0.5691972374916077,0.4229106307029724,0.23495998978614807
459536,1775274341.0305839,1.487694263458252,0.08600656688213348,2.2393102645874023,-0.7186739444732666,0.48741614818573,0.4506944417953491,0.20690080523490906
459537,1775274341.041695,1.4695534706115723,0.0809638500213623,2.2428507804870605,-0.7641299962997437,0.4023456275463104,0.47265759110450745,0.17555086314678192
459538,1775274341.0528061,1.4528990983963013,0.07800915837287903,2.2456235885620117,-0.802820086479187,0.3096250891685486,0.4893627464771271,0.1419023722410202
459539,1775274341.0639174,1.4359787702560425,0.07710196077823639,2.2486226558685303,-0.8306156992912292,0.21623653173446655,0.5014175772666931,0.10908626019954681
459540,1775274341.0750284,1.419255018234253,0.07643681764602661,2.2518229484558105,-0.8502675890922546,0.12025773525238037,0.5070474147796631,0.07406871020793915
459541,1775274341.0861394,1.4026591777801514,0.07620728015899658,2.254810333251953,-0.8604855537414551,0.021968919783830643,0.5075611472129822,0.03826077654957771
459542,1775274341.0972507,1.3858212232589722,0.07845401018857956,2.258331775665283,-0.8619516491889954,-0.0752016007900238,0.5013811588287354,0.0010835110442712903
459543,1775274341.1083617,1.368420124053955,0.0829644650220871,2.2614991664886475,-0.8528346419334412,-0.17407439649105072,0.4911050498485565,-0.034455180168151855
459544,1775274341.119473,1.3503234386444092,0.08777794241905212,2.265021562576294,-0.8349750638008118,-0.2717963457107544,0.4734611213207245,-0.0691240206360817
459545,1775274341.130584,1.3308825492858887,0.09169034659862518,2.2687699794769287,-0.8082247376441956,-0.36430636048316956,0.45085272192955017,-0.10385298728942871
459546,1775274341.141695,1.3109363317489624,0.0961790382862091,2.273104667663574,-0.7720538973808289,-0.45473533868789673,0.4217550456523895,-0.13882173597812653
459547,1775274341.1528063,1.289434552192688,0.10267110913991928,2.277920961380005,-0.7258973717689514,-0.540257453918457,0.3891327977180481,-0.17254166305065155
459548,1775274341.1639173,1.266403079032898,0.10904812067747116,2.2835745811462402,-0.672697126865387,-0.6180174946784973,0.35154733061790466,-0.2048107087612152
459549,1775274341.1750283,1.2416877746582031,0.1143919974565506,2.288583278656006,-0.6129077076911926,-0.6896501779556274,0.30889105796813965,-0.230896458029747
459550,1775274341.1861396,1.2163833379745483,0.11949889361858368,2.294452667236328,-0.5425031185150146,-0.7552286386489868,0.2617722451686859,-0.2584480941295624
459551,1775274341.1972506,1.1896871328353882,0.12515728175640106,2.3002798557281494,-0.46660351753234863,-0.8118826150894165,0.21065379679203033,-0.2806292176246643
459552,1775274341.2083619,1.1616820096969604,0.1287570744752884,2.3063676357269287,-0.38739559054374695,-0.8580948710441589,0.15702958405017853,-0.29822778701782227
459553,1775274341.219473,1.133014440536499,0.1308683454990387,2.3128058910369873,-0.30305904150009155,-0.8939878344535828,0.10293437540531158,-0.3136008083820343
459554,1775274341.230584,1.1040116548538208,0.13296961784362793,2.3188109397888184,-0.21579894423484802,-0.9201099872589111,0.04614900052547455,-0.32357197999954224
459555,1775274341.2416952,1.0750164985656738,0.13327723741531372,2.324916124343872,-0.12518857419490814,-0.9354525804519653,-0.011995037086308002,-0.33032169938087463
459556,1775274341.2528062,1.0461653470993042,0.13209989666938782,2.331035852432251,-0.03323397412896156,-0.9402574300765991,-0.06922990828752518,-0.3316906690597534
459557,1775274341.2639172,1.0184626579284668,0.13015024363994598,2.3374104499816895,0.057549308985471725,-0.9337743520736694,-0.1234547421336174,-0.3309268057346344
459558,1775274341.2750285,0.9904465675354004,0.12690776586532593,2.3433704376220703,0.14572875201702118,-0.9182193875312805,-0.1766737550497055,-0.32314532995224
459559,1775274341.2861395,0.9640094041824341,0.1227395236492157,2.3489465713500977,0.23456460237503052,-0.8914943933486938,-0.22854064404964447,-0.31302767992019653
459560,1775274341.2972507,0.9384348392486572,0.11803402751684189,2.35440731048584,0.31772148609161377,-0.8558126091957092,-0.2781566381454468,-0.29877540469169617
459561,1775274341.3083618,0.9144885540008545,0.11151601374149323,2.3596010208129883,0.3979477882385254,-0.8101759552955627,-0.32579734921455383,-0.2812628746032715
459562,1775274341.3194728,0.8911343216896057,0.10511275380849838,2.364238977432251,0.4698408544063568,-0.7586625814437866,-0.3685151934623718,-0.26053255796432495
459563,1775274341.330584,0.8695507049560547,0.09962357580661774,2.3687219619750977,0.539155125617981,-0.6987859606742859,-0.40622031688690186,-0.2366325557231903
459564,1775274341.341695,0.8494476675987244,0.09345077723264694,2.3730878829956055,0.6032834649085999,-0.6316959857940674,-0.439084529876709,-0.2102716565132141
459565,1775274341.352806,0.8304759860038757,0.08752944320440292,2.377462863922119,0.6613227725028992,-0.5578120946884155,-0.4677277207374573,-0.18091058731079102
459566,1775274341.3639174,0.8124997019767761,0.08280952274799347,2.3806965351104736,0.7109097838401794,-0.4759560525417328,-0.49534228444099426,-0.1506960093975067
459567,1775274341.3750284,0.7948619723320007,0.07942795753479004,2.384826183319092,0.7520890831947327,-0.39351677894592285,-0.5154579877853394,-0.11751469224691391
459568,1775274341.3861396,0.7781145572662354,0.07707922905683517,2.3885486125946045,0.784834623336792,-0.31121814250946045,-0.5289148092269897,-0.0861802026629448
459569,1775274341.3972507,0.7723219394683838,0.0741485059261322,2.389721155166626,0.8075424432754517,-0.2434639036655426,-0.5334110856056213,-0.06382107734680176
459570,1775274341.4083617,0.7723835706710815,0.073501355946064,2.3900439739227295,0.8205557465553284,-0.20713159441947937,-0.5295554995536804,-0.05792924389243126
459571,1775274341.419473,0.7742253541946411,0.07413221895694733,2.390972375869751,0.8287276029586792,-0.19017522037029266,-0.523163378238678,-0.0578288659453392
459572,1775274341.430584,0.7809135913848877,0.07486781477928162,2.3915255069732666,0.8322847485542297,-0.1848933845758438,-0.5184062123298645,-0.06611882150173187
459573,1775274341.441695,0.7890712022781372,0.07465168833732605,2.391232967376709,0.8367934823036194,-0.18156854808330536,-0.5109359622001648,-0.07585497945547104
459574,1775274341.4528062,0.7961412072181702,0.07474980503320694,2.391571521759033,0.8399115800857544,-0.18455728888511658,-0.5026599764823914,-0.08843132853507996
459575,1775274341.4639173,0.8013821244239807,0.07594550400972366,2.391258955001831,0.8412168622016907,-0.19558076560497284,-0.49259334802627563,-0.1070241630077362
459576,1775274341.4750285,0.8059812784194946,0.07647652924060822,2.3917853832244873,0.8410378098487854,-0.20981420576572418,-0.48274990916252136,-0.12484369426965714
459577,1775274341.4861395,0.8107596039772034,0.07664112001657486,2.3928158283233643,0.8408610820770264,-0.22539429366588593,-0.4717123508453369,-0.14013391733169556
459578,1775274341.4972506,0.8150395750999451,0.07764779031276703,2.3930788040161133,0.8392573595046997,-0.24223469197750092,-0.45969825983047485,-0.16014690697193146
459579,1775274341.5083618,0.8193389773368835,0.07827206701040268,2.3943817615509033,0.8372961282730103,-0.25942233204841614,-0.4479878544807434,-0.17590400576591492
459580,1775274341.5194728,0.8240859508514404,0.07874812185764313,2.394951105117798,0.8351056575775146,-0.27407267689704895,-0.43625152111053467,-0.1927882432937622
459581,1775274341.5305839,0.8281734585762024,0.07956855744123459,2.3953940868377686,0.8310310244560242,-0.2900870442390442,-0.4251195788383484,-0.21097493171691895
459582,1775274341.541695,0.8325806260108948,0.08043713867664337,2.396005630493164,0.827016294002533,-0.3049100637435913,-0.41329947113990784,-0.2285989373922348
459583,1775274341.5528061,0.8367465138435364,0.08131402730941772,2.3967719078063965,0.8214197158813477,-0.3211086392402649,-0.4023844599723816,-0.24545016884803772
459584,1775274341.5639174,0.841180682182312,0.08228901028633118,2.3964650630950928,0.8156495094299316,-0.3346828818321228,-0.3901244103908539,-0.2655302584171295
459585,1775274341.5750284,0.8454087376594543,0.083328977227211,2.397095203399658,0.8090372085571289,-0.3499336838722229,-0.3782849907875061,-0.28267619013786316
459586,1775274341.5861394,0.8496899008750916,0.08435995131731033,2.3979861736297607,0.8021001219749451,-0.365278959274292,-0.36654970049858093,-0.29807382822036743
459587,1775274341.5972507,0.8542676568031311,0.08557768166065216,2.3987112045288086,0.7944413423538208,-0.3788573145866394,-0.35534754395484924,-0.3147355318069458
459588,1775274341.6083617,0.8589877486228943,0.08664238452911377,2.3994221687316895,0.7869674563407898,-0.39239710569381714,-0.3432789444923401,-0.3299487829208374
459589,1775274341.619473,0.8638385534286499,0.08759395033121109,2.4001476764678955,0.7797029614448547,-0.4046459496021271,-0.3312349021434784,-0.3443959355354309
459590,1775274341.630584,0.868869423866272,0.08858082443475723,2.400972843170166,0.7720503211021423,-0.41621315479278564,-0.3192444145679474,-0.35887038707733154
459591,1775274341.641695,0.8736982941627502,0.08956936001777649,2.401761770248413,0.7629852294921875,-0.42848438024520874,-0.30787864327430725,-0.37345069646835327
459592,1775274341.6528063,0.8785502910614014,0.09015686810016632,2.402724027633667,0.7535931468009949,-0.4415004253387451,-0.2961869239807129,-0.3865850269794464
459593,1775274341.6639173,0.8834402561187744,0.09103193879127502,2.4033961296081543,0.7434746026992798,-0.4540007412433624,-0.28402289748191833,-0.4005744457244873
459594,1775274341.6750283,0.8882428407669067,0.09198004752397537,2.4042255878448486,0.732397735118866,-0.4664650857448578,-0.2719697654247284,-0.414772629737854
459595,1775274341.6861396,0.893241286277771,0.09346610307693481,2.4051380157470703,0.7210280895233154,-0.47896841168403625,-0.25988030433654785,-0.4279835820198059
459596,1775274341.6972506,0.8980919718742371,0.09478581696748734,2.406128406524658,0.7092318534851074,-0.4908919930458069,-0.2471771389245987,-0.4414961338043213
459597,1775274341.7083619,0.9028942584991455,0.09587210416793823,2.407033920288086,0.696769654750824,-0.5028866529464722,-0.23516473174095154,-0.45421868562698364
459598,1775274341.719473,0.9081454873085022,0.09706579148769379,2.407970666885376,0.6840546727180481,-0.5135533809661865,-0.22366346418857574,-0.46723324060440063
459599,1775274341.730584,0.9131073355674744,0.09823128581047058,2.40903902053833,0.6708051562309265,-0.5247408747673035,-0.21159200370311737,-0.4794750213623047
459600,1775274341.7416952,0.9180164933204651,0.09926538169384003,2.410254955291748,0.6571828126907349,-0.5357040166854858,-0.19963495433330536,-0.49120059609413147
459601,1775274341.7528062,0.9231290817260742,0.10025273263454437,2.4111664295196533,0.642674446105957,-0.5459775328636169,-0.18808378279209137,-0.5034905076026917
459602,1775274341.7639172,0.9284564852714539,0.1015574261546135,2.4122467041015625,0.6276376843452454,-0.5556186437606812,-0.17683571577072144,-0.5158371925354004
459603,1775274341.7750285,0.9334408044815063,0.10288902372121811,2.4135255813598633,0.611786961555481,-0.5655745267868042,-0.1666313260793686,-0.5273293256759644
459604,1775274341.7861395,0.9387947916984558,0.10378044098615646,2.4149956703186035,0.5970926284790039,-0.5753768682479858,-0.1557317078113556,-0.536814272403717
459605,1775274341.7972507,0.9441878795623779,0.10498351603746414,2.416257619857788,0.5808636546134949,-0.5850121378898621,-0.1449134349822998,-0.5471365451812744
459606,1775274341.8083618,0.9496958255767822,0.10607815533876419,2.4177498817443848,0.5646581053733826,-0.5941295027732849,-0.13361071050167084,-0.5570634603500366
459607,1775274341.8194728,0.9550072550773621,0.10716909915208817,2.419158458709717,0.547054648399353,-0.6036425232887268,-0.12290089577436447,-0.5667824149131775
459608,1775274341.830584,0.9605897068977356,0.10829813033342361,2.420355796813965,0.530487596988678,-0.6117933988571167,-0.1124509647488594,-0.5758876204490662
459609,1775274341.841695,0.9660059213638306,0.1092112734913826,2.422152042388916,0.5135201215744019,-0.6206873059272766,-0.10122212767601013,-0.5837793946266174
459610,1775274341.852806,0.9715498089790344,0.1103561744093895,2.4237046241760254,0.49544841051101685,-0.6288278698921204,-0.09098870307207108,-0.5923069715499878
459611,1775274341.8639174,0.976915180683136,0.11164870858192444,2.425110340118408,0.475462943315506,-0.6375582218170166,-0.08098398894071579,-0.6007462739944458
459612,1775274341.8750284,0.982323169708252,0.11245984584093094,2.4271304607391357,0.45730826258659363,-0.6461780667304993,-0.06931762397289276,-0.6070569157600403
459613,1775274341.8861396,0.9879493117332458,0.11333243548870087,2.4288992881774902,0.4383830428123474,-0.6537377834320068,-0.058924440294504166,-0.6139830946922302
459614,1775274341.8972507,0.9934720993041992,0.11435168981552124,2.4308130741119385,0.418052613735199,-0.6616106629371643,-0.0499405674636364,-0.6204911470413208
459615,1775274341.9083617,0.9989228844642639,0.11554296314716339,2.4325242042541504,0.3972075283527374,-0.6684517860412598,-0.04098879173398018,-0.6274697780609131
459616,1775274341.919473,1.0048565864562988,0.1162419468164444,2.4347493648529053,0.3778364956378937,-0.6748517751693726,-0.029267355799674988,-0.6332126259803772
459617,1775274341.930584,1.010583519935608,0.11701089143753052,2.4367339611053467,0.3578299283981323,-0.6813819408416748,-0.019865471869707108,-0.6381863355636597
459618,1775274341.941695,1.0164519548416138,0.11799769103527069,2.438934087753296,0.3358060121536255,-0.687142014503479,-0.010673155076801777,-0.6441709995269775
459619,1775274341.9528062,1.0220633745193481,0.11916448920965195,2.4407718181610107,0.313823938369751,-0.693637490272522,-0.0025785479228943586,-0.6483632922172546
459620,1775274341.9639173,1.0279353857040405,0.11989957094192505,2.443063974380493,0.29199784994125366,-0.6992010474205017,0.006629023235291243,-0.652542233467102
459621,1775274341.9750285,1.033713936805725,0.12043183296918869,2.44541597366333,0.2709805965423584,-0.7041110992431641,0.01638808660209179,-0.6561467051506042
459622,1775274341.9861395,1.039772629737854,0.12132707238197327,2.4478726387023926,0.24789594113826752,-0.7086225748062134,0.024694319814443588,-0.6601454019546509
459623,1775274341.9972506,1.0458133220672607,0.12201055884361267,2.450242280960083,0.22639930248260498,-0.7130492925643921,0.0342169925570488,-0.6626713871955872
459624,1775274342.0083618,1.0513427257537842,0.12261910736560822,2.4527618885040283,0.20381027460098267,-0.7178893089294434,0.04355413094162941,-0.6642283797264099
459625,1775274342.0194728,1.0577144622802734,0.12321668863296509,2.455026626586914,0.1792207956314087,-0.7210351824760437,0.05060599744319916,-0.6674033403396606
459626,1775274342.0305839,1.063474416732788,0.12353962659835815,2.457507848739624,0.15693719685077667,-0.7248860597610474,0.05945451557636261,-0.6681138873100281
459627,1775274342.041695,1.0694570541381836,0.12401925027370453,2.460202217102051,0.13318511843681335,-0.7284989953041077,0.06686758995056152,-0.6686401963233948
459628,1775274342.0528061,1.0757437944412231,0.1243661418557167,2.4628758430480957,0.10989073663949966,-0.7306761741638184,0.07478364557027817,-0.6696595549583435
459629,1775274342.0639174,1.0818432569503784,0.12466751784086227,2.4653918743133545,0.0859258696436882,-0.7331401705741882,0.08266481757164001,-0.6695437431335449
459630,1775274342.0750284,1.088065505027771,0.12481357157230377,2.468346357345581,0.06146254763007164,-0.7351935505867004,0.09012171626091003,-0.6690224409103394
459631,1775274342.0861394,1.0942883491516113,0.12513138353824615,2.471378803253174,0.036870039999485016,-0.7374695539474487,0.09816152602434158,-0.6671907901763916
459632,1775274342.0972507,1.1005346775054932,0.12544360756874084,2.4741122722625732,0.012586508877575397,-0.7386098504066467,0.10498352348804474,-0.6657894253730774
459633,1775274342.1083617,1.1065971851348877,0.12556128203868866,2.4773247241973877,-0.012345666997134686,-0.7394273281097412,0.1122613251209259,-0.6636959314346313
459634,1775274342.119473,1.1131352186203003,0.1255447119474411,2.480379343032837,-0.03671273961663246,-0.7390893697738647,0.11992260813713074,-0.6618291139602661
459635,1775274342.130584,1.1193501949310303,0.12570133805274963,2.483454465866089,-0.0629650428891182,-0.7391668558120728,0.1259906142950058,-0.6586305499076843
459636,1775274342.141695,1.1255816221237183,0.12595751881599426,2.486454486846924,-0.08906900882720947,-0.7386083602905273,0.13167840242385864,-0.6551222801208496
459637,1775274342.1528063,1.1315933465957642,0.1259823441505432,2.4895293712615967,-0.11586111038923264,-0.7377753853797913,0.13824781775474548,-0.6505008339881897
459638,1775274342.1639173,1.1376591920852661,0.12582169473171234,2.492985486984253,-0.13932441174983978,-0.7366724014282227,0.14501550793647766,-0.6456571221351624
459639,1775274342.1750283,1.1437122821807861,0.12593764066696167,2.4960858821868896,-0.16544491052627563,-0.7349153757095337,0.14987294375896454,-0.6403636336326599
459640,1775274342.1861396,1.1500213146209717,0.12566521763801575,2.4996073246002197,-0.189134418964386,-0.732467532157898,0.15634211897850037,-0.6350406408309937
459641,1775274342.1972506,1.1561572551727295,0.12543341517448425,2.50296688079834,-0.21422840654850006,-0.7297004461288452,0.16124644875526428,-0.6290016770362854
459642,1775274342.2083619,1.1622942686080933,0.1250697672367096,2.506354808807373,-0.23914828896522522,-0.7262188792228699,0.16601428389549255,-0.6227788925170898
459643,1775274342.219473,1.1682208776474,0.12462370097637177,2.50978946685791,-0.2635182738304138,-0.7232033014297485,0.17121613025665283,-0.614996075630188
459644,1775274342.230584,1.1742432117462158,0.12414966523647308,2.5132863521575928,-0.2875301241874695,-0.7192853093147278,0.17551879584789276,-0.6075757741928101
459645,1775274342.2416952,1.1801286935806274,0.12381359189748764,2.5168161392211914,-0.3131716251373291,-0.7138404250144958,0.18078650534152985,-0.5997263193130493
459646,1775274342.2528062,1.186239242553711,0.12346609681844711,2.5202794075012207,-0.33726680278778076,-0.7098379731178284,0.18375380337238312,-0.5904369950294495
459647,1775274342.2639172,1.1920559406280518,0.12276196479797363,2.523691177368164,-0.3611198663711548,-0.7040358781814575,0.18850767612457275,-0.5817136764526367
459648,1775274342.2750285,1.198283076286316,0.12230776995420456,2.527235746383667,-0.3839998245239258,-0.6990712285041809,0.19013425707817078,-0.5724444389343262
459649,1775274342.2861395,1.2039811611175537,0.12167970091104507,2.5309135913848877,-0.40814584493637085,-0.6935255527496338,0.19389447569847107,-0.5611098408699036
459650,1775274342.2972507,1.2096272706985474,0.12091507017612457,2.534597158432007,-0.43117398023605347,-0.6875705718994141,0.19725513458251953,-0.5499328374862671
459651,1775274342.3083618,1.2155195474624634,0.12022948265075684,2.5383095741271973,-0.4538586735725403,-0.6805890798568726,0.19936609268188477,-0.5395034551620483
459652,1775274342.3194728,1.2212735414505005,0.11990931630134583,2.5420644283294678,-0.4751530885696411,-0.6737234592437744,0.20075389742851257,-0.5291731357574463
459653,1775274342.330584,1.2261470556259155,0.11888393759727478,2.545950412750244,-0.4986541271209717,-0.665179967880249,0.2048102468252182,-0.5166550874710083
459654,1775274342.341695,1.2317911386489868,0.11829477548599243,2.5495972633361816,-0.5206714868545532,-0.6576321125030518,0.2048635333776474,-0.5044325590133667
459655,1775274342.352806,1.2372746467590332,0.1175142377614975,2.553149938583374,-0.5420992970466614,-0.6500350832939148,0.20492084324359894,-0.4915182888507843
459656,1775274342.3639174,1.2422778606414795,0.11639243364334106,2.557077407836914,-0.56297367811203,-0.6414169073104858,0.20634612441062927,-0.4786088466644287
459657,1775274342.3750284,1.247511386871338,0.115357406437397,2.5607593059539795,-0.5835120677947998,-0.632527232170105,0.20638622343540192,-0.46564778685569763
459658,1775274342.3861396,1.252565622329712,0.1141882911324501,2.564603805541992,-0.604421854019165,-0.6237393617630005,0.20516547560691833,-0.4511438012123108
459659,1775274342.3972507,1.2576102018356323,0.11321775615215302,2.5683460235595703,-0.6236332058906555,-0.6148936748504639,0.20458711683750153,-0.4371858835220337
459660,1775274342.4083617,1.2623437643051147,0.11226143687963486,2.572134017944336,-0.6428486704826355,-0.605017364025116,0.20557354390621185,-0.42242053151130676
459661,1775274342.419473,1.2671504020690918,0.111063152551651,2.5760035514831543,-0.6622443199157715,-0.5947551727294922,0.20374144613742828,-0.4076618254184723
459662,1775274342.430584,1.271993637084961,0.1101229190826416,2.579709053039551,-0.6812203526496887,-0.5843884348869324,0.2034253031015396,-0.3912124037742615
459663,1775274342.441695,1.2767010927200317,0.10890544950962067,2.5836129188537598,-0.6992267370223999,-0.5734748244285583,0.20172858238220215,-0.37618371844291687
459664,1775274342.4528062,1.2816160917282104,0.10749492794275284,2.587406873703003,-0.715961754322052,-0.5628424882888794,0.20004208385944366,-0.3613727390766144
459665,1775274342.4639173,1.286521315574646,0.10640113055706024,2.5911386013031006,-0.7320435047149658,-0.5529537796974182,0.19727098941802979,-0.34559890627861023
459666,1775274342.4750285,1.290993094444275,0.1052694171667099,2.5950350761413574,-0.7487751245498657,-0.541653573513031,0.19501075148582458,-0.3285088539123535
459667,1775274342.4861395,1.2953104972839355,0.10429056733846664,2.598893642425537,-0.7647377848625183,-0.5300045609474182,0.19264447689056396,-0.31170445680618286
459668,1775274342.4972506,1.299264907836914,0.10354717820882797,2.6027188301086426,-0.7811357975006104,-0.5174037218093872,0.18987411260604858,-0.29337382316589355
459669,1775274342.5083618,1.3036978244781494,0.10249897092580795,2.6064560413360596,-0.7959551215171814,-0.5058552622795105,0.18592610955238342,-0.2756763696670532
459670,1775274342.5194728,1.3076889514923096,0.10146088153123856,2.610217332839966,-0.8102491497993469,-0.4938163757324219,0.18250608444213867,-0.2575523853302002
459671,1775274342.5305839,1.311631202697754,0.1007208302617073,2.613776922225952,-0.8238284587860107,-0.48183348774909973,0.17811453342437744,-0.2396211475133896
459672,1775274342.541695,1.3156856298446655,0.09999322146177292,2.6176178455352783,-0.836546778678894,-0.4700413942337036,0.17403152585029602,-0.2212771773338318
459673,1775274342.5528061,1.3197143077850342,0.09890724718570709,2.621535539627075,-0.8486039042472839,-0.4574185013771057,0.16999255120754242,-0.20430950820446014
459674,1775274342.5639174,1.3231772184371948,0.09788322448730469,2.625222682952881,-0.8607837557792664,-0.4432179927825928,0.1665225327014923,-0.1867605596780777
459675,1775274342.5750284,1.3275902271270752,0.09696835279464722,2.628821611404419,-0.8702901005744934,-0.4339783787727356,0.1619979590177536,-0.16737566888332367
459676,1775274342.5861394,1.3312160968780518,0.09619275480508804,2.6325297355651855,-0.8810281157493591,-0.4205057919025421,0.15762566030025482,-0.14872372150421143
459677,1775274342.5972507,1.3346675634384155,0.0951971709728241,2.6361122131347656,-0.8910553455352783,-0.4072938561439514,0.15277943015098572,-0.1295788288116455
459678,1775274342.6083617,1.3383634090423584,0.09445136785507202,2.6398208141326904,-0.9000763893127441,-0.3946126103401184,0.14775151014328003,-0.11096393316984177
459679,1775274342.619473,1.3419189453125,0.09373050183057785,2.6434004306793213,-0.9085538983345032,-0.38180556893348694,0.1425735503435135,-0.09179981052875519
459680,1775274342.630584,1.3454909324645996,0.0929010882973671,2.6468896865844727,-0.9166326522827148,-0.3682486414909363,0.13744881749153137,-0.07270029932260513
459681,1775274342.641695,1.3487622737884521,0.09212762117385864,2.6504435539245605,-0.9236977100372314,-0.3556758761405945,0.13195949792861938,-0.05351557582616806
459682,1775274342.6528063,1.3520218133926392,0.09151867777109146,2.6541295051574707,-0.9304935932159424,-0.34182438254356384,0.12699365615844727,-0.034789327532052994
459683,1775274342.6639173,1.355246663093567,0.09072832763195038,2.6575160026550293,-0.9365216493606567,-0.3287542164325714,0.12082736194133759,-0.015770992264151573
459684,1775274342.6750283,1.3582669496536255,0.09014253318309784,2.661072254180908,-0.9419838190078735,-0.31511834263801575,0.11556670069694519,0.0033575210254639387
459685,1775274342.6861396,1.3613165616989136,0.08952435851097107,2.6647136211395264,-0.9465856552124023,-0.3023263216018677,0.11007808148860931,0.021387457847595215
459686,1775274342.6972506,1.3644756078720093,0.08931006491184235,2.668036699295044,-0.9507449269294739,-0.28928229212760925,0.10325849056243896,0.041683804243803024
459687,1775274342.7083619,1.367346167564392,0.08898522704839706,2.6716136932373047,-0.9543102979660034,-0.27591776847839355,0.09794031828641891,0.059741366654634476
459688,1775274342.719473,1.3700573444366455,0.08832111209630966,2.675036668777466,-0.9571924805641174,-0.2629242539405823,0.09183389693498611,0.07886751741170883
459689,1775274342.730584,1.3727550506591797,0.08787871897220612,2.6785788536071777,-0.9596717953681946,-0.24924756586551666,0.08576654642820358,0.09772244840860367
459690,1775274342.7416952,1.3758141994476318,0.08761418610811234,2.68190860748291,-0.9611508846282959,-0.23701855540275574,0.07950817793607712,0.11700251698493958
459691,1775274342.7528062,1.3785066604614258,0.08745425939559937,2.6851119995117188,-0.962237536907196,-0.22375257313251495,0.07374224811792374,0.1363667994737625
459692,1775274342.7639172,1.3811039924621582,0.08718189597129822,2.688453197479248,-0.9627702236175537,-0.21064430475234985,0.0684228390455246,0.15498685836791992
459693,1775274342.7750285,1.3840389251708984,0.08713792264461517,2.691908597946167,-0.962761402130127,-0.19826249778270721,0.062166761606931686,0.17296795547008514
459694,1775274342.7861395,1.386818766593933,0.08701978623867035,2.6952357292175293,-0.96208256483078,-0.18620364367961884,0.055339787155389786,0.19147548079490662
459695,1775274342.7972507,1.3894164562225342,0.08665739744901657,2.698575258255005,-0.9610923528671265,-0.17360928654670715,0.050010569393634796,0.20895060896873474
459696,1775274342.8083618,1.3919806480407715,0.08661264181137085,2.7021288871765137,-0.9597450494766235,-0.16109347343444824,0.04461003839969635,0.22571758925914764
459697,1775274342.8194728,1.3944416046142578,0.08660828322172165,2.7052266597747803,-0.9575380086898804,-0.148064985871315,0.03780582547187805,0.2444761097431183
459698,1775274342.830584,1.3969881534576416,0.08646280318498611,2.7085046768188477,-0.9549970030784607,-0.13483811914920807,0.03155266493558884,0.2623050808906555
459699,1775274342.841695,1.3994975090026855,0.08668315410614014,2.7115349769592285,-0.9514018893241882,-0.12249395996332169,0.025400521233677864,0.2813975512981415
459700,1775274342.852806,1.402087688446045,0.0867689996957779,2.714791774749756,-0.9479691982269287,-0.11020494252443314,0.01918957754969597,0.29806220531463623
459701,1775274342.8639174,1.404479742050171,0.08666180819272995,2.7183656692504883,-0.9442803859710693,-0.09760844707489014,0.014061463996767998,0.3140215277671814
459702,1775274342.8750284,1.4070714712142944,0.08683846145868301,2.721463441848755,-0.939658522605896,-0.08646742254495621,0.008010595105588436,0.3309093415737152
459703,1775274342.8861396,1.4093608856201172,0.0870528444647789,2.7249021530151367,-0.9346979260444641,-0.07404594868421555,0.002232166239991784,0.34763798117637634
459704,1775274342.8972507,1.411681056022644,0.0869886726140976,2.7282917499542236,-0.9296751022338867,-0.061229072511196136,-0.0043041822500526905,0.3632309138774872
459705,1775274342.9083617,1.4141662120819092,0.08738285303115845,2.7316629886627197,-0.923976480960846,-0.048947904258966446,-0.009617490693926811,0.3791824281215668
459706,1775274342.919473,1.4166069030761719,0.0876254290342331,2.734912872314453,-0.917236328125,-0.03770797699689865,-0.015112308785319328,0.39626649022102356
459707,1775274342.930584,1.4189709424972534,0.08758919686079025,2.7383220195770264,-0.9106540679931641,-0.02659044973552227,-0.01905282400548458,0.4118727147579193
459708,1775274342.941695,1.421205759048462,0.08818745613098145,2.7415213584899902,-0.9031116962432861,-0.014288058504462242,-0.025312703102827072,0.42842090129852295
459709,1775274342.9528062,1.4234898090362549,0.08878722786903381,2.7448272705078125,-0.8953156471252441,-0.00233885133638978,-0.030917491763830185,0.4443519711494446
459710,1775274342.9639173,1.4258475303649902,0.0891997367143631,2.7480766773223877,-0.8872935175895691,0.008991511538624763,-0.03576873615384102,0.45972827076911926
459711,1775274342.9750285,1.428281307220459,0.0895799919962883,2.751413583755493,-0.8791622519493103,0.019875740632414818,-0.040891747921705246,0.4743485450744629
459712,1775274342.9861395,1.4304296970367432,0.0903698205947876,2.75463604927063,-0.8700244426727295,0.031511012464761734,-0.046632397919893265,0.4897857904434204
459713,1775274342.9972506,1.4325430393218994,0.09125231951475143,2.7577402591705322,-0.8609018921852112,0.04327508807182312,-0.05066085606813431,0.5043895840644836
459714,1775274343.0083618,1.4347456693649292,0.0916905403137207,2.761171340942383,-0.851958155632019,0.05447195842862129,-0.056253060698509216,0.5177217721939087
459715,1775274343.0194728,1.4366012811660767,0.09160682559013367,2.7649729251861572,-0.8439741134643555,0.06597694754600525,-0.06197509542107582,0.5286906957626343
459716,1775274343.0305839,1.4394183158874512,0.09247088432312012,2.7679131031036377,-0.8329644799232483,0.07525268942117691,-0.06608381867408752,0.5441876649856567
459717,1775274343.041695,1.4414563179016113,0.09319335222244263,2.771380662918091,-0.82277512550354,0.08596844226121902,-0.07015661150217056,0.5574302673339844
459718,1775274343.0528061,1.4436571598052979,0.09398861229419708,2.7747104167938232,-0.8119664788246155,0.09584705531597137,-0.07472912222146988,0.5709110498428345
459719,1775274343.0639174,1.4460641145706177,0.09402857720851898,2.7782440185546875,-0.801703691482544,0.10510857403278351,-0.07924932986497879,0.5830462574958801
459720,1775274343.0750284,1.4482548236846924,0.09500472992658615,2.781156539916992,-0.7891135811805725,0.11455962061882019,-0.08167224377393723,0.5979177355766296
459721,1775274343.0861394,1.4499475955963135,0.09536342322826385,2.7851879596710205,-0.7785853147506714,0.12552668154239655,-0.08765549957752228,0.608575701713562
459722,1775274343.0972507,1.4522686004638672,0.09597545117139816,2.788362979888916,-0.7657009959220886,0.1344282627105713,-0.09124597162008286,0.622338593006134
459723,1775274343.1083617,1.4540772438049316,0.09645026922225952,2.792369842529297,-0.7545700669288635,0.14426030218601227,-0.0954858586192131,0.6330050230026245
459724,1775274343.119473,1.4560441970825195,0.0970890000462532,2.7958977222442627,-0.7416824698448181,0.15312416851520538,-0.0983746349811554,0.6455869078636169
459725,1775274343.130584,1.4583474397659302,0.09782196581363678,2.799546957015991,-0.7284175157546997,0.1618095338344574,-0.1017351970076561,0.6579327583312988
459726,1775274343.141695,1.4600886106491089,0.09871809929609299,2.8033430576324463,-0.7151438593864441,0.17091037333011627,-0.10545748472213745,0.6695055365562439
459727,1775274343.1528063,1.4622269868850708,0.09940952062606812,2.80703067779541,-0.7012529969215393,0.1787714809179306,-0.10791310667991638,0.6816449165344238
459728,1775274343.1639173,1.4640796184539795,0.10022134333848953,2.8107964992523193,-0.687340497970581,0.18704146146774292,-0.11095552891492844,0.6930132508277893
459729,1775274343.1750283,1.4657927751541138,0.10084492713212967,2.8147873878479004,-0.6733394265174866,0.19535145163536072,-0.11316230148077011,0.7040214538574219
459730,1775274343.1861396,1.4677635431289673,0.10187319666147232,2.8186538219451904,-0.658258318901062,0.20410506427288055,-0.1148940846323967,0.7154274582862854
459731,1775274343.1972506,1.4696775674819946,0.10282061994075775,2.8226113319396973,-0.6431814432144165,0.21164613962173462,-0.11668950319290161,0.7265721559524536
459732,1775274343.2083619,1.4714083671569824,0.10362855345010757,2.826599359512329,-0.62848961353302,0.21906201541423798,-0.11971482634544373,0.7366688251495361
459733,1775274343.219473,1.4732556343078613,0.10446219146251678,2.8305599689483643,-0.613189697265625,0.22636452317237854,-0.12214028835296631,0.7468863725662231
459734,1775274343.230584,1.4749833345413208,0.1053786426782608,2.834746837615967,-0.596817135810852,0.23433047533035278,-0.12319788336753845,0.7574436664581299
459735,1775274343.2416952,1.4766286611557007,0.1061953753232956,2.8388752937316895,-0.5816940069198608,0.24250289797782898,-0.12502585351467133,0.766285240650177
459736,1775274343.2528062,1.4785255193710327,0.10693936794996262,2.84310245513916,-0.5654749870300293,0.25048190355300903,-0.12665225565433502,0.7755360007286072
459737,1775274343.2639172,1.480603575706482,0.10781529545783997,2.8473150730133057,-0.5489650964736938,0.2571226954460144,-0.1280728578567505,0.7849346995353699
459738,1775274343.2750285,1.4823167324066162,0.10873444378376007,2.85151743888855,-0.5323927998542786,0.2642539143562317,-0.12914662063121796,0.7937562465667725
459739,1775274343.2861395,1.484279751777649,0.10950424522161484,2.8557777404785156,-0.5156060457229614,0.27093279361724854,-0.1303059309720993,0.8023505210876465
459740,1775274343.2972507,1.4860546588897705,0.11042734980583191,2.8600895404815674,-0.49860912561416626,0.2773544490337372,-0.13143743574619293,0.8106710910797119
459741,1775274343.3083618,1.4878778457641602,0.11132887750864029,2.8644051551818848,-0.4809693694114685,0.28349390625953674,-0.13271482288837433,0.8189545273780823
459742,1775274343.3194728,1.4895122051239014,0.11210915446281433,2.8690643310546875,-0.46438831090927124,0.28978949785232544,-0.13315100967884064,0.8262180685997009
459743,1775274343.330584,1.4913783073425293,0.11277219653129578,2.87353515625,-0.44665226340293884,0.296540230512619,-0.13224169611930847,0.8337132334709167
459744,1775274343.341695,1.4931607246398926,0.11371667683124542,2.877845048904419,-0.42804446816444397,0.3024474084377289,-0.13249923288822174,0.8412773013114929
459745,1775274343.352806,1.4947502613067627,0.11437460780143738,2.8824617862701416,-0.40983545780181885,0.30864617228507996,-0.13228100538253784,0.8481003642082214
459746,1775274343.3639174,1.49663507938385,0.11509540677070618,2.887152671813965,-0.39207923412323,0.3137648105621338,-0.13324391841888428,0.8544423580169678
459747,1775274343.3750284,1.4985357522964478,0.1160041093826294,2.8917741775512695,-0.3719046115875244,0.3194720447063446,-0.13182523846626282,0.8615373969078064
459748,1775274343.3861396,1.499975323677063,0.11675161123275757,2.89650297164917,-0.3530113101005554,0.3249521553516388,-0.13170260190963745,0.867435097694397
459749,1775274343.3972507,1.5016884803771973,0.11748263239860535,2.901393175125122,-0.3346717953681946,0.32930201292037964,-0.1308385133743286,0.873176097869873
459750,1775274343.4083617,1.5034679174423218,0.1180495023727417,2.90624737739563,-0.31555166840553284,0.3347761929035187,-0.13035231828689575,0.878271222114563
459751,1775274343.419473,1.505157709121704,0.11895862966775894,2.911083459854126,-0.2951766550540924,0.3397694528102875,-0.1294928640127182,0.883549153804779
459752,1775274343.430584,1.506561279296875,0.11959414184093475,2.915884017944336,-0.2752302885055542,0.3446158170700073,-0.1279122531414032,0.8883280754089355
459753,1775274343.441695,1.5084130764007568,0.12015492469072342,2.920900821685791,-0.2546504735946655,0.34876739978790283,-0.12602606415748596,0.8931024074554443
459754,1775274343.4528062,1.5098544359207153,0.1207149475812912,2.926072359085083,-0.23569992184638977,0.35393112897872925,-0.12512525916099548,0.8963938355445862
459755,1775274343.4639173,1.511271595954895,0.12155605852603912,2.931013345718384,-0.21437634527683258,0.3588874340057373,-0.12531819939613342,0.8997432589530945
459756,1775274343.4750285,1.5129921436309814,0.12205212563276291,2.9361274242401123,-0.1930122971534729,0.36260831356048584,-0.12254445999860764,0.9034624099731445
459757,1775274343.4861395,1.5145971775054932,0.12244244664907455,2.941473960876465,-0.17316588759422302,0.3666197955608368,-0.12160982191562653,0.9059881567955017
459758,1775274343.4972506,1.516358733177185,0.12292518466711044,2.947021722793579,-0.1532367467880249,0.36976203322410583,-0.11919814348220825,0.9086178541183472
459759,1775274343.5083618,1.5178451538085938,0.12364397197961807,2.952300548553467,-0.13220465183258057,0.37369146943092346,-0.11689228564500809,0.9106112718582153
459760,1775274343.5194728,1.5192513465881348,0.12382347136735916,2.9576196670532227,-0.11053702235221863,0.37768876552581787,-0.11448418349027634,0.9121546745300293
459761,1775274343.5305839,1.5209145545959473,0.12436757236719131,2.9630908966064453,-0.0890001505613327,0.38067933917045593,-0.11192089319229126,0.9135841727256775
459762,1775274343.541695,1.5223274230957031,0.12460419535636902,2.9686522483825684,-0.06756850332021713,0.3841807544231415,-0.10939299315214157,0.914260745048523
459763,1775274343.5528061,1.5239663124084473,0.12479294836521149,2.974184036254883,-0.0447334386408329,0.3868764638900757,-0.1056840717792511,0.9149625301361084
459764,1775274343.5639174,1.5254234075546265,0.1250210851430893,2.979987382888794,-0.022860057651996613,0.39006635546684265,-0.10324621945619583,0.9146944880485535
459765,1775274343.5750284,1.527069330215454,0.12507641315460205,2.9857349395751953,-0.0005025348509661853,0.39343148469924927,-0.09906816482543945,0.9140005111694336
459766,1775274343.5861394,1.5282552242279053,0.1255045086145401,2.991309404373169,0.022941946983337402,0.39576539397239685,-0.09499809890985489,0.9131367206573486
459767,1775274343.5972507,1.5297478437423706,0.12550240755081177,2.997230291366577,0.045693542808294296,0.39742979407310486,-0.09142995625734329,0.91192227602005
459768,1775274343.6083617,1.5309990644454956,0.12567155063152313,3.0032761096954346,0.0679200142621994,0.39986032247543335,-0.08821874856948853,0.9097890853881836
459769,1775274343.619473,1.5323610305786133,0.12585759162902832,3.0095508098602295,0.08815325796604156,0.40184104442596436,-0.0841277614235878,0.9075655937194824
459770,1775274343.630584,1.5337430238723755,0.12584605813026428,3.015676498413086,0.11181870102882385,0.4040708839893341,-0.07978993654251099,0.9043545126914978
459771,1775274343.641695,1.5350919961929321,0.12580722570419312,3.0215232372283936,0.1348385065793991,0.4053468406200409,-0.07548192143440247,0.9010077714920044
459772,1775274343.6528063,1.5365135669708252,0.12584188580513,3.027661085128784,0.1582750380039215,0.4070729911327362,-0.07012010365724564,0.8968411087989807
459773,1775274343.6639173,1.5380175113677979,0.125714510679245,3.034029245376587,0.17841817438602448,0.4079116880893707,-0.0653802677989006,0.8930287957191467
459774,1775274343.6750283,1.5393218994140625,0.12559907138347626,3.040065288543701,0.20205967128276825,0.4087369441986084,-0.05995769426226616,0.8879815340042114
459775,1775274343.6861396,1.5406029224395752,0.12577350437641144,3.04630708694458,0.22443364560604095,0.40948301553726196,-0.055902015417814255,0.8825123906135559
459776,1775274343.6972506,1.5417379140853882,0.1256391406059265,3.052609443664551,0.24679887294769287,0.41069653630256653,-0.05192144587635994,0.8761979937553406
459777,1775274343.7083619,1.542733907699585,0.12531529366970062,3.0586416721343994,0.2692485451698303,0.4108401834964752,-0.04605330899357796,0.8698245882987976
459778,1775274343.719473,1.5440260171890259,0.12485149502754211,3.0648996829986572,0.29166728258132935,0.41021859645843506,-0.03883639723062515,0.8632165789604187
459779,1775274343.730584,1.5451984405517578,0.12441505491733551,3.071295738220215,0.3117001950740814,0.4108866751194,-0.034404207020998,0.8560557961463928
459780,1775274343.7416952,1.5460851192474365,0.1239297166466713,3.0775279998779297,0.33391883969306946,0.4106403589248657,-0.029280684888362885,0.8479478359222412
459781,1775274343.7528062,1.5470471382141113,0.1236778199672699,3.0837976932525635,0.3565939962863922,0.41013720631599426,-0.02392789162695408,0.8390803337097168
459782,1775274343.7639172,1.5484117269515991,0.12297284603118896,3.089806079864502,0.3774966299533844,0.4104735553264618,-0.014755033887922764,0.8299338221549988
459783,1775274343.7750285,1.5496447086334229,0.12265980243682861,3.0960607528686523,0.3993867039680481,0.4088554084300995,-0.006397720891982317,0.8205404281616211
459784,1775274343.7861395,1.5506446361541748,0.12203115969896317,3.1023342609405518,0.41998207569122314,0.40814468264579773,-0.0004736859118565917,0.8105754852294922
459785,1775274343.7972507,1.551162600517273,0.12149285525083542,3.1087088584899902,0.4409256875514984,0.4065181612968445,0.004131370224058628,0.8001940250396729
459786,1775274343.8083618,1.55184006690979,0.12070559710264206,3.1148276329040527,0.46272602677345276,0.4040291905403137,0.011441945098340511,0.788995623588562
459787,1775274343.8194728,1.5527838468551636,0.11997196078300476,3.1208128929138184,0.48242032527923584,0.402765154838562,0.018486393615603447,0.7776304483413696
459788,1775274343.830584,1.5536220073699951,0.11951693147420883,3.1268277168273926,0.5030335187911987,0.4001574218273163,0.02594197727739811,0.7656098008155823
459789,1775274343.841695,1.554469347000122,0.1188991591334343,3.1331121921539307,0.5221250057220459,0.3991500735282898,0.03393897786736488,0.7529363036155701
459790,1775274343.852806,1.5551661252975464,0.1181008443236351,3.1392102241516113,0.5401146411895752,0.3982884883880615,0.041594088077545166,0.7402111291885376
459791,1775274343.8639174,1.5556799173355103,0.11731670796871185,3.1452484130859375,0.55970299243927,0.39594659209251404,0.048910953104496,0.7263377904891968
459792,1775274343.8750284,1.556204080581665,0.11658822745084763,3.1510066986083984,0.5781952142715454,0.39355459809303284,0.057734016329050064,0.7123706936836243
459793,1775274343.8861396,1.556647777557373,0.11564970761537552,3.1570167541503906,0.5957140326499939,0.3914816379547119,0.06568986177444458,0.6982491612434387
459794,1775274343.8972507,1.5569230318069458,0.11448731273412704,3.163057327270508,0.6123201847076416,0.3891318142414093,0.07353845983743668,0.6842752695083618
459795,1775274343.9083617,1.557292103767395,0.11363659799098969,3.1690337657928467,0.6288782358169556,0.38739320635795593,0.08158805966377258,0.669165313243866
459796,1775274343.919473,1.5576871633529663,0.11280908435583115,3.1748299598693848,0.6452390551567078,0.3846015930175781,0.09088502079248428,0.6538257002830505
459797,1775274343.930584,1.5576329231262207,0.1118650734424591,3.1806066036224365,0.661514163017273,0.3820646107196808,0.0987485721707344,0.6377103328704834
459798,1775274343.941695,1.5578590631484985,0.11101603507995605,3.1864700317382812,0.6759893298149109,0.37906935811042786,0.10794256627559662,0.6226502656936646
459799,1775274343.9528062,1.5579391717910767,0.11001521348953247,3.1923398971557617,0.6907488703727722,0.37608471512794495,0.11629639565944672,0.6065487861633301
459800,1775274343.9639173,1.5579769611358643,0.1088075041770935,3.1981024742126465,0.7048258781433105,0.3731304705142975,0.12482725828886032,0.5902646780014038
459801,1775274343.9750285,1.5579408407211304,0.10782504826784134,3.2037463188171387,0.7188798189163208,0.3708455562591553,0.13349993526935577,0.5725933313369751
459802,1775274343.9861395,1.557746171951294,0.10700148344039917,3.209200620651245,0.7333977818489075,0.3674343228340149,0.1425369828939438,0.55389803647995
459803,1775274343.9972506,1.5578726530075073,0.10570600628852844,3.214627265930176,0.7460720539093018,0.3651585876941681,0.1525615006685257,0.5355004072189331
459804,1775274344.0083618,1.5576183795928955,0.10469512641429901,3.2199857234954834,0.7593363523483276,0.36144089698791504,0.1624060869216919,0.5161329507827759
459805,1775274344.0194728,1.5572627782821655,0.10388807952404022,3.2253506183624268,0.7715486288070679,0.3582063615322113,0.1706211417913437,0.4972819685935974
459806,1775274344.0305839,1.5569381713867188,0.10311762988567352,3.230656862258911,0.7835854887962341,0.3543473482131958,0.1785871386528015,0.4780568778514862
459807,1775274344.041695,1.5569369792938232,0.10198843479156494,3.2358155250549316,0.7936959266662598,0.3513263165950775,0.18889069557189941,0.4592787027359009
459808,1775274344.0528061,1.5565909147262573,0.10117628425359726,3.2409591674804688,0.8046687841415405,0.3468360900878906,0.1971496343612671,0.4397100806236267
459809,1775274344.0639174,1.5566107034683228,0.10022344440221786,3.2457261085510254,0.8144088387489319,0.3434639275074005,0.20632794499397278,0.41976118087768555
459810,1775274344.0750284,1.5563960075378418,0.09926162660121918,3.250859498977661,0.8230059146881104,0.34038764238357544,0.21478815376758575,0.40082883834838867
459811,1775274344.0861394,1.556353211402893,0.09821538627147675,3.256249189376831,0.8311788439750671,0.33720096945762634,0.2225746512413025,0.38196563720703125
459812,1775274344.0972507,1.5562188625335693,0.09723041206598282,3.2611842155456543,0.8390218019485474,0.3331202268600464,0.23076681792736053,0.3630701005458832
459813,1775274344.1083617,1.5554965734481812,0.09670722484588623,3.266085624694824,0.8473377823829651,0.32783547043800354,0.23884589970111847,0.34277603030204773
459814,1775274344.119473,1.5550713539123535,0.0954800620675087,3.27107572555542,0.8539548516273499,0.3240164518356323,0.247806116938591,0.323058158159256
459815,1775274344.130584,1.5550090074539185,0.09436909109354019,3.2757580280303955,0.8605281114578247,0.3201320767402649,0.256278395652771,0.302205890417099
459816,1775274344.141695,1.5544341802597046,0.09360688924789429,3.2805612087249756,0.8668836951255798,0.3153234124183655,0.2631068229675293,0.28259286284446716
459817,1775274344.1528063,1.5540423393249512,0.09256032109260559,3.285271644592285,0.8720361590385437,0.3111073076725006,0.2715698480606079,0.26270705461502075
459818,1775274344.1639173,1.5542386770248413,0.09181035310029984,3.289799928665161,0.8770182728767395,0.3080795407295227,0.278637558221817,0.24142733216285706
459819,1775274344.1750283,1.553446888923645,0.09121690690517426,3.294285297393799,0.8818243741989136,0.3028011918067932,0.2866966128349304,0.2202322632074356
459820,1775274344.1861396,1.5527750253677368,0.0904775932431221,3.298740863800049,0.8862281441688538,0.2972688376903534,0.2936517596244812,0.19999884068965912
459821,1775274344.1972506,1.552553653717041,0.08969712257385254,3.3031740188598633,0.8895341157913208,0.2935112416744232,0.30081307888031006,0.17914168536663055
459822,1775274344.2083619,1.5520834922790527,0.08892747759819031,3.3074846267700195,0.8927079439163208,0.2886337339878082,0.3079933822154999,0.1578075885772705
459823,1775274344.219473,1.5514053106307983,0.08819182217121124,3.3117074966430664,0.8952542543411255,0.2829097509384155,0.31595703959465027,0.13657590746879578
459824,1775274344.230584,1.5508536100387573,0.08760660886764526,3.3160781860351562,0.8973293304443359,0.27848389744758606,0.321946918964386,0.11660617589950562
459825,1775274344.2416952,1.5503567457199097,0.08706717193126678,3.320408344268799,0.8982328176498413,0.27550366520881653,0.32861435413360596,0.0963747650384903
459826,1775274344.2528062,1.5496701002120972,0.0866336077451706,3.3243658542633057,0.8995193243026733,0.2705133855342865,0.33447501063346863,0.07624966651201248
459827,1775274344.2639172,1.5489481687545776,0.08610014617443085,3.3285024166107178,0.900049090385437,0.2659868597984314,0.3406875431537628,0.05562957748770714
459828,1775274344.2750285,1.548385500907898,0.08553280681371689,3.3324649333953857,0.9000541567802429,0.2615378499031067,0.3468174934387207,0.03490288928151131
459829,1775274344.2861395,1.5476891994476318,0.08509999513626099,3.336620807647705,0.8994076251983643,0.2577398121356964,0.35274362564086914,0.014427206479012966
459830,1775274344.2972507,1.546998143196106,0.08463378995656967,3.3406293392181396,0.8983945846557617,0.2537611424922943,0.3584216833114624,-0.005143536254763603
459831,1775274344.3083618,1.5467625856399536,0.08425697684288025,3.3443214893341064,0.8968155384063721,0.2499738186597824,0.3640214204788208,-0.026896148920059204
459832,1775274344.3194728,1.5462720394134521,0.08388561010360718,3.348090648651123,0.894743025302887,0.24628430604934692,0.3693632185459137,-0.04847615212202072
459833,1775274344.330584,1.545393705368042,0.08349756896495819,3.3520467281341553,0.8927594423294067,0.24213814735412598,0.3737432658672333,-0.06830642372369766
459834,1775274344.341695,1.5450812578201294,0.083254374563694,3.3559114933013916,0.8902262449264526,0.23811468482017517,0.37828055024147034,-0.08776377886533737
459835,1775274344.352806,1.5436897277832031,0.08315471559762955,3.359729528427124,0.888377845287323,0.23169682919979095,0.3815273940563202,-0.10741672664880753
459836,1775274344.3639174,1.5430457592010498,0.08289150148630142,3.3633675575256348,0.8848761320114136,0.227534219622612,0.38589292764663696,-0.12770691514015198
459837,1775274344.3750284,1.542468547821045,0.08273403346538544,3.3669612407684326,0.8808805346488953,0.2230982929468155,0.3910137414932251,-0.14623616635799408
459838,1775274344.3861396,1.5416761636734009,0.08294744789600372,3.370668649673462,0.8770342469215393,0.21911492943763733,0.39447668194770813,-0.16488736867904663
459839,1775274344.3972507,1.5523816347122192,0.0863722488284111,3.360360860824585,0.8788514733314514,0.214589923620224,0.3856738209724426,-0.18118254840373993
459840,1775274344.4083617,1.560945987701416,0.08911208808422089,3.352114677429199,0.880072832107544,0.21091420948505402,0.37853145599365234,-0.19416740536689758
459841,1775274344.419473,1.6274638175964355,0.10785260796546936,3.2613885402679443,0.8842929005622864,0.21168096363544464,0.3407720923423767,-0.23893855512142181
459842,1775274344.430584,1.6657075881958008,0.1169513463973999,3.211432456970215,0.8850053548812866,0.21134795248508453,0.31694701313972473,-0.267660528421402
459843,1775274344.441695,1.70265531539917,0.1253240704536438,3.162386417388916,0.88675457239151,0.20754089951515198,0.2926992177963257,-0.2914111912250519
459844,1775274344.4528062,1.7393330335617065,0.13203132152557373,3.1128575801849365,0.8857908844947815,0.20373599231243134,0.2708182632923126,-0.3170546293258667
459845,1775274344.4639173,1.7762168645858765,0.13796371221542358,3.0626394748687744,0.8827707767486572,0.19870145618915558,0.24653808772563934,-0.3470626175403595
459846,1775274344.4750285,1.8145898580551147,0.1434890776872635,3.0135080814361572,0.8790854811668396,0.2009187489748001,0.21926432847976685,-0.37250974774360657
459847,1775274344.4861395,1.8506072759628296,0.14744363725185394,2.9630861282348633,0.8734800219535828,0.19447657465934753,0.19454604387283325,-0.40170037746429443
459848,1775274344.4972506,1.887220859527588,0.14987702667713165,2.914669990539551,0.8698577880859375,0.1915341019630432,0.16761763393878937,-0.4225713908672333
459849,1775274344.5083618,1.9241132736206055,0.1517849713563919,2.8651866912841797,0.8612298965454102,0.18838296830654144,0.1424253135919571,-0.45001113414764404
459850,1775274344.5194728,1.96016263961792,0.15233269333839417,2.815945625305176,0.8523789048194885,0.18450258672237396,0.117437444627285,-0.4749920666217804
459851,1775274344.5305839,1.9963386058807373,0.15176934003829956,2.767411947250366,0.844183623790741,0.18096578121185303,0.09061592817306519,-0.49638107419013977
459852,1775274344.541695,2.0322039127349854,0.14975744485855103,2.7191162109375,0.8352625370025635,0.17700321972370148,0.06388849765062332,-0.516647458076477
459853,1775274344.5528061,2.0679585933685303,0.1469215750694275,2.670443534851074,0.8229190707206726,0.17250804603099823,0.0366809144616127,-0.5400923490524292
459854,1775274344.5639174,2.102756977081299,0.14336296916007996,2.6220059394836426,0.8094326257705688,0.164697527885437,0.012297717854380608,-0.5635091066360474
459855,1775274344.5750284,2.13812255859375,0.138271301984787,2.5741050243377686,0.7958520650863647,0.15692003071308136,-0.013398876413702965,-0.5846505761146545
459856,1775274344.5861394,2.173631191253662,0.13185527920722961,2.5265190601348877,0.7825232148170471,0.15295617282390594,-0.04044441878795624,-0.602184534072876
459857,1775274344.5972507,2.2084879875183105,0.12453116476535797,2.4790849685668945,0.7666465044021606,0.1471882164478302,-0.06594022363424301,-0.6214826107025146
459858,1775274344.6083617,2.2440712451934814,0.1160426065325737,2.4317147731781006,0.7487083077430725,0.14327162504196167,-0.09218249469995499,-0.6406336426734924
459859,1775274344.619473,2.2784528732299805,0.10654091835021973,2.385195016860962,0.7317659854888916,0.13465368747711182,-0.11778189241886139,-0.6576582789421082
459860,1775274344.630584,2.3080058097839355,0.10197293013334274,2.345258951187134,0.7537378072738647,0.0936114564538002,-0.12304912507534027,-0.6387293934822083
459861,1775274344.641695,2.330040216445923,0.10240256786346436,2.3154165744781494,0.8184281587600708,0.009547344408929348,-0.09662852436304092,-0.5663453936576843
459862,1775274344.6528063,2.3503122329711914,0.1026519238948822,2.288118600845337,0.86837238073349,-0.07696577161550522,-0.07195160537958145,-0.4845913052558899
459863,1775274344.6639173,2.368889570236206,0.10220595449209213,2.262310743331909,0.9024333953857422,-0.16459541022777557,-0.04639507085084915,-0.3954361081123352
459864,1775274344.6750283,2.386889696121216,0.10267861187458038,2.238314390182495,0.9210932850837708,-0.24621228873729706,-0.016355717554688454,-0.3011632263660431
459865,1775274344.6861396,2.403423547744751,0.10399165004491806,2.2164766788482666,0.9236714839935303,-0.32723525166511536,0.012439901940524578,-0.19898124039173126
459866,1775274344.6972506,2.420224189758301,0.10669272392988205,2.194873809814453,0.9109817147254944,-0.3993876576423645,0.03841386362910271,-0.09553047269582748
459867,1775274344.7083619,2.4380924701690674,0.10987978428602219,2.174887180328369,0.8833808898925781,-0.4640325903892517,0.0640447735786438,0.014501248486340046
459868,1775274344.719473,2.4553003311157227,0.11489821970462799,2.153667688369751,0.8384312391281128,-0.5244635343551636,0.08838232606649399,0.11899464577436447
459869,1775274344.730584,2.4740757942199707,0.1209099218249321,2.132206439971924,0.7795819044113159,-0.5752026438713074,0.11091864109039307,0.22156508266925812
459870,1775274344.7416952,2.4944710731506348,0.12739795446395874,2.109815835952759,0.7099424004554749,-0.6127176880836487,0.13214437663555145,0.3210867643356323
459871,1775274344.7528062,2.515612840652466,0.1344098001718521,2.086552858352661,0.6254420876502991,-0.6425549387931824,0.15197810530662537,0.4157499372959137
459872,1775274344.7639172,2.5384862422943115,0.1406148374080658,2.060358762741089,0.5325305461883545,-0.6623991131782532,0.1653262972831726,0.5003058910369873
459873,1775274344.7750285,2.562516927719116,0.14643990993499756,2.033484935760498,0.4270545542240143,-0.6702622771263123,0.17764727771282196,0.5803571343421936
459874,1775274344.7861395,2.587977647781372,0.15061520040035248,2.0043115615844727,0.31500244140625,-0.6678818464279175,0.18633489310741425,0.6480637788772583
459875,1775274344.7972507,2.6147565841674805,0.15292121469974518,1.9733103513717651,0.19605028629302979,-0.6537189483642578,0.19314493238925934,0.704919159412384
459876,1775274344.8083618,2.6429028511047363,0.15177325904369354,1.9410560131072998,0.07487646490335464,-0.6269848942756653,0.1980166733264923,0.7497152090072632
459877,1775274344.8194728,2.6716248989105225,0.14794567227363586,1.9071292877197266,-0.04637360945343971,-0.5912268757820129,0.1994807869195938,0.78006911277771
459878,1775274344.830584,2.700037956237793,0.14076097309589386,1.872113585472107,-0.1674564778804779,-0.5459323525428772,0.1944282054901123,0.7975675463676453
459879,1775274344.841695,2.728485584259033,0.13005957007408142,1.8368229866027832,-0.28592246770858765,-0.490749329328537,0.18927672505378723,0.8009917736053467
459880,1775274344.852806,2.755028247833252,0.12617374956607819,1.8026373386383057,-0.4197048544883728,-0.4219757914543152,0.1749591827392578,0.7843300700187683
459881,1775274344.8639174,2.780364751815796,0.1290491670370102,1.7702137231826782,-0.5474323034286499,-0.34679746627807617,0.15896543860435486,0.7448351979255676
459882,1775274344.8750284,2.8036935329437256,0.1289859265089035,1.7387654781341553,-0.6591407060623169,-0.26289787888526917,0.137409970164299,0.6910403966903687
459883,1775274344.8861396,2.824723720550537,0.12589018046855927,1.7101185321807861,-0.758601725101471,-0.1709219068288803,0.11297683417797089,0.6185026168823242
459884,1775274344.8972507,2.8436279296875,0.12070398032665253,1.6844313144683838,-0.8395769000053406,-0.07613757997751236,0.08671494573354721,0.5308429598808289
459885,1775274344.9083617,2.8608925342559814,0.11483538150787354,1.6608120203018188,-0.8991354703903198,0.019082603976130486,0.060794148594141006,0.4330075979232788
459886,1775274344.919473,2.8763437271118164,0.10905759036540985,1.6411383152008057,-0.9402055740356445,0.1145341694355011,0.0330318883061409,0.3190678656101227
459887,1775274344.930584,2.8901069164276123,0.10470598936080933,1.6222703456878662,-0.9565836787223816,0.20943331718444824,0.005032733082771301,0.20263303816318512
459888,1775274344.941695,2.90311861038208,0.1022530049085617,1.605568528175354,-0.9508973360061646,0.2979411780834198,-0.023033376783132553,0.08059078454971313
459889,1775274344.9528062,2.915907621383667,0.10158481448888779,1.589499592781067,-0.9223000407218933,0.38086727261543274,-0.04915543645620346,-0.04343660920858383
459890,1775274344.9639173,2.929978370666504,0.10353206843137741,1.573082685470581,-0.8738121390342712,0.45155444741249084,-0.07240590453147888,-0.16525261104106903
459891,1775274344.9750285,2.944074869155884,0.10724297165870667,1.5563753843307495,-0.8010395169258118,0.5168529748916626,-0.09719999879598618,-0.2859211266040802
459892,1775274344.9861395,2.960601568222046,0.1120559573173523,1.537427306175232,-0.7119794487953186,0.5671606063842773,-0.11711683869361877,-0.39711180329322815
459893,1775274344.9972506,2.979011297225952,0.11755301058292389,1.5166364908218384,-0.6066222786903381,0.6050235033035278,-0.13444362580776215,-0.49787643551826477
459894,1775274345.0083618,2.9985768795013428,0.12273482233285904,1.4936562776565552,-0.48409488797187805,0.6299079656600952,-0.14794941246509552,-0.5890492796897888
459895,1775274345.0194728,3.020967721939087,0.12648122012615204,1.4675824642181396,-0.3514965772628784,0.6395044326782227,-0.160568505525589,-0.6646066308021545
459896,1775274345.0305839,3.044855833053589,0.12773697078227997,1.438833236694336,-0.21202868223190308,0.634563148021698,-0.1663571000099182,-0.7243609428405762
459897,1775274345.041695,3.070263147354126,0.12603630125522614,1.4078079462051392,-0.06589367985725403,0.6162362694740295,-0.16899284720420837,-0.7663890719413757
459898,1775274345.0528061,3.0960166454315186,0.13317447900772095,1.3753385543823242,0.08421071618795395,0.5851906538009644,-0.16737039387226105,-0.7889535427093506
459899,1775274345.0639174,3.1224849224090576,0.14019818603992462,1.3413413763046265,0.22890563309192657,0.5425589680671692,-0.16411913931369781,-0.7913892865180969
459900,1775274345.0750284,3.1485748291015625,0.14255982637405396,1.3073927164077759,0.371273398399353,0.48633819818496704,-0.15943679213523865,-0.7747329473495483
459901,1775274345.0861394,3.1737735271453857,0.14090986549854279,1.2742902040481567,0.5023952722549438,0.4199713468551636,-0.14835555851459503,-0.7410895228385925
459902,1775274345.0972507,3.198056697845459,0.1347801387310028,1.2424545288085938,0.6234537363052368,0.3449293076992035,-0.13606488704681396,-0.6883426308631897
459903,1775274345.1083617,3.2199573516845703,0.12564817070960999,1.2124851942062378,0.7287105321884155,0.2619690001010895,-0.12260431796312332,-0.620742678642273
459904,1775274345.119473,3.240018844604492,0.11394032835960388,1.1862237453460693,0.8201410174369812,0.17097455263137817,-0.10514824092388153,-0.5357987880706787
459905,1775274345.130584,3.258150100708008,0.10135912150144577,1.1612440347671509,0.8905651569366455,0.07770369201898575,-0.08504772931337357,-0.44002577662467957
459906,1775274345.141695,3.27408504486084,0.08860573172569275,1.1402162313461304,0.9397560358047485,-0.018308425322175026,-0.0661739706993103,-0.33487987518310547
459907,1775274345.1528063,3.288339376449585,0.07664235681295395,1.120518445968628,0.9674824476242065,-0.11530746519565582,-0.043893009424209595,-0.22080613672733307
459908,1775274345.1639173,3.3017208576202393,0.07308559864759445,1.1020203828811646,0.9723346829414368,-0.20621487498283386,-0.021245120093226433,-0.10765469074249268
459909,1775274345.1750283,3.3152081966400146,0.0751524493098259,1.0841200351715088,0.9566222429275513,-0.29128846526145935,0.00022178419749252498,0.004997403360903263
459910,1775274345.1861396,3.3285999298095703,0.07858504354953766,1.0673831701278687,0.9209656715393066,-0.37023627758026123,0.020722517743706703,0.11965754628181458
459911,1775274345.1972506,3.342416524887085,0.08422202616930008,1.0495730638504028,0.8663504123687744,-0.4411778748035431,0.040482908487319946,0.23056510090827942
459912,1775274345.2083619,3.3563714027404785,0.09094999730587006,1.0308854579925537,0.7912104725837708,-0.5074083209037781,0.06004173681139946,0.3360323905944824
459913,1775274345.219473,3.372429847717285,0.09898434579372406,1.0101871490478516,0.7010249495506287,-0.5608621835708618,0.0772320106625557,0.43362754583358765
459914,1775274345.230584,3.3909192085266113,0.10672785341739655,0.988117516040802,0.5993906259536743,-0.5997582077980042,0.09344510734081268,0.5218132734298706
459915,1775274345.2416952,3.410564661026001,0.11418546736240387,0.9640464782714844,0.4797478914260864,-0.6295633316040039,0.1070518046617508,0.6016910076141357
459916,1775274345.2528062,3.4319868087768555,0.12005701661109924,0.9372689723968506,0.3518486022949219,-0.6465588212013245,0.11999254673719406,0.6661577820777893
459917,1775274345.2639172,3.4549853801727295,0.12423944473266602,0.9082034826278687,0.21598392724990845,-0.6498569250106812,0.12801428139209747,0.7173905968666077
459918,1775274345.2750285,3.4793355464935303,0.13122907280921936,0.8771389126777649,0.07185996323823929,-0.6403566598892212,0.1358233541250229,0.7525500059127808
459919,1775274345.2861395,3.5046870708465576,0.13796454668045044,0.8441027402877808,-0.07405530661344528,-0.6182379126548767,0.14200922846794128,0.7695006132125854
459920,1775274345.2972507,3.5302655696868896,0.14056198298931122,0.8112393617630005,-0.22000008821487427,-0.580662190914154,0.14556916058063507,0.7702215313911438
459921,1775274345.3083618,3.556060314178467,0.13866150379180908,0.7777256965637207,-0.36080870032310486,-0.5309820771217346,0.147676020860672,0.7523742318153381
459922,1775274345.3194728,3.5813148021698,0.1322600543498993,0.7447261810302734,-0.4941720962524414,-0.4714985191822052,0.14515282213687897,0.7158308029174805
459923,1775274345.330584,3.604743242263794,0.12338749319314957,0.7128559350967407,-0.6148245930671692,-0.39930465817451477,0.13916443288326263,0.6657174825668335
459924,1775274345.341695,3.626160144805908,0.11696876585483551,0.6826866865158081,-0.7202548980712891,-0.3211551904678345,0.13004548847675323,0.6009829044342041
459925,1775274345.352806,3.6459641456604004,0.10935314744710922,0.6556988954544067,-0.8126539587974548,-0.2342127114534378,0.11802338808774948,0.520392656326294
459926,1775274345.3639174,3.664012908935547,0.10068759322166443,0.6305016279220581,-0.8849685788154602,-0.14301349222660065,0.10455402731895447,0.4306347072124481
459927,1775274345.3750284,3.6803526878356934,0.09116443991661072,0.6081867218017578,-0.9379054307937622,-0.05105555057525635,0.09205079078674316,0.33053505420684814
459928,1775274345.3861396,3.6942005157470703,0.08220136910676956,0.587776780128479,-0.970771312713623,0.04637620970606804,0.07564075291156769,0.22300414741039276
459929,1775274345.3972507,3.7077085971832275,0.07488133013248444,0.5693407654762268,-0.9824420809745789,0.1372896432876587,0.058934058994054794,0.11174064129590988
459930,1775274345.4083617,3.7206640243530273,0.07344593852758408,0.5515866279602051,-0.9731702208518982,0.22644081711769104,0.040788162499666214,0.0007963424432091415
459931,1775274345.419473,3.7336461544036865,0.07485265284776688,0.5343189835548401,-0.9447873830795288,0.30837634205818176,0.02508200705051422,-0.10794345289468765
459932,1775274345.430584,3.7463161945343018,0.0780344158411026,0.5172164440155029,-0.8969618678092957,0.3861390948295593,0.008304901421070099,-0.2151443064212799
459933,1775274345.441695,3.7600719928741455,0.08275747299194336,0.49911975860595703,-0.8305891752243042,0.45597535371780396,-0.008547899313271046,-0.31958577036857605
459934,1775274345.4528062,3.774728298187256,0.08860497921705246,0.4799223244190216,-0.7461097836494446,0.5188915133476257,-0.027598362416028976,-0.4163053333759308
459935,1775274345.4639173,3.7912650108337402,0.09546355158090591,0.4591221809387207,-0.6495465040206909,0.5670986175537109,-0.0413515530526638,-0.5047560334205627
459936,1775274345.4750285,3.809774398803711,0.10589548200368881,0.4352307915687561,-0.5396683812141418,0.6061931252479553,-0.05797354131937027,-0.5813148617744446
459937,1775274345.4861395,3.829313039779663,0.11638517677783966,0.4097777009010315,-0.4172010123729706,0.6345738768577576,-0.07165200263261795,-0.6466260552406311
459938,1775274345.4972506,3.8508265018463135,0.1245114803314209,0.3818410038948059,-0.2882934510707855,0.6507388353347778,-0.0859079360961914,-0.6971697807312012
459939,1775274345.5083618,3.8731889724731445,0.13063837587833405,0.3528105616569519,-0.1466570347547531,0.6530467867851257,-0.09859724342823029,-0.7364103198051453
459940,1775274345.5194728,3.8964731693267822,0.1346442699432373,0.3223439157009125,0.000279506464721635,0.6392234563827515,-0.10924988240003586,-0.7612213492393494
459941,1775274345.5305839,3.9213194847106934,0.13754189014434814,0.2888386845588684,0.1420820653438568,0.617971658706665,-0.11691915988922119,-0.7643648386001587
459942,1775274345.541695,3.9460904598236084,0.13879981637001038,0.2554759681224823,0.28213298320770264,0.5833297967910767,-0.12332738190889359,-0.7516101002693176
459943,1775274345.5528061,3.9706852436065674,0.13620340824127197,0.2221367508172989,0.41908758878707886,0.534988284111023,-0.12723194062709808,-0.7224715948104858
459944,1775274345.5639174,3.9941656589508057,0.13252392411231995,0.18983370065689087,0.5457960963249207,0.47353777289390564,-0.1311827301979065,-0.678719162940979
459945,1775274345.5750284,4.015864849090576,0.12687739729881287,0.15905803442001343,0.6576758027076721,0.4073338806629181,-0.1282864809036255,-0.620551586151123
459946,1775274345.5861394,4.035844802856445,0.11777853220701218,0.13047608733177185,0.7588495016098022,0.32804936170578003,-0.12274689227342606,-0.5490577220916748
459947,1775274345.5972507,4.054292678833008,0.10686300694942474,0.10414934158325195,0.8441360592842102,0.23897013068199158,-0.11519984900951385,-0.4658934772014618
459948,1775274345.6083617,4.071938514709473,0.09789429605007172,0.07990603148937225,0.9078030586242676,0.15776759386062622,-0.11225583404302597,-0.37202388048171997
459949,1775274345.619473,4.086975574493408,0.09213179349899292,0.05776555836200714,0.9540945887565613,0.06419135630130768,-0.10387688130140305,-0.27348238229751587
459950,1775274345.630584,4.100498199462891,0.0870581865310669,0.03783592954277992,0.980327844619751,-0.02770092338323593,-0.09362339228391647,-0.17153631150722504
459951,1775274345.641695,4.1134467124938965,0.08257082104682922,0.019595704972743988,0.9874343872070312,-0.11970227211713791,-0.08094365149736404,-0.06397619098424911
459952,1775274345.6528063,4.125496864318848,0.07952593266963959,0.0034321434795856476,0.974287211894989,-0.20900052785873413,-0.06822148710489273,0.04928691312670708
459953,1775274345.6639173,4.138031482696533,0.07873109728097916,-0.012823783792555332,0.9429845213890076,-0.2901681661605835,-0.05503145232796669,0.15347403287887573
459954,1775274345.6750283,4.145832538604736,0.07825961709022522,-0.028405088931322098,0.9007253646850586,-0.35898056626319885,-0.028732366859912872,0.24290211498737335
459955,1775274345.6861396,4.144505500793457,0.07916269451379776,-0.039868324995040894,0.8793824911117554,-0.37750759720802307,0.028285814449191093,0.2887464165687561
459956,1775274345.6972506,4.1368560791015625,0.08192279189825058,-0.04864564538002014,0.8668670058250427,-0.38769352436065674,0.11270119249820709,0.2924615442752838
459957,1775274345.7083619,4.123928070068359,0.08025705814361572,-0.05409063398838043,0.8501137495040894,-0.3979436755180359,0.20939256250858307,0.2740478217601776
459958,1775274345.719473,4.115131378173828,0.08030995726585388,-0.05975959822535515,0.828609824180603,-0.3977714478969574,0.307608425617218,0.24609112739562988
459959,1775274345.730584,4.1082024574279785,0.08007670938968658,-0.06358695775270462,0.7956995964050293,-0.40017691254615784,0.4030151963233948,0.2104743868112564
459960,1775274345.7416952,4.102636337280273,0.08055579662322998,-0.06796125322580338,0.7550551891326904,-0.3988192081451416,0.4901399612426758,0.17492243647575378
459961,1775274345.7528062,4.097949028015137,0.08159695565700531,-0.07484174519777298,0.7085748910903931,-0.40038788318634033,0.567529559135437,0.12458555400371552
459962,1775274345.7639172,4.093184471130371,0.0812976211309433,-0.08124274760484695,0.651202380657196,-0.39577797055244446,0.6428050398826599,0.07808283716440201
459963,1775274345.7750285,4.089801788330078,0.07947598397731781,-0.08669308573007584,0.5890139937400818,-0.38475537300109863,0.7099789381027222,0.030914634466171265
459964,1775274345.7861395,4.087490558624268,0.078380286693573,-0.0914728194475174,0.5212604403495789,-0.3676200807094574,0.7700299024581909,-0.014038189314305782
459965,1775274345.7972507,4.08519172668457,0.07859209179878235,-0.09715579450130463,0.445824533700943,-0.3506195545196533,0.8213900327682495,-0.0602087676525116
459966,1775274345.8083618,4.08329963684082,0.07778209447860718,-0.10258324444293976,0.3669579327106476,-0.33049270510673523,0.863379180431366,-0.10340617597103119
459967,1775274345.8194728,4.08248233795166,0.07670465856790543,-0.10558675229549408,0.2822780907154083,-0.298103004693985,0.9000740051269531,-0.14601582288742065
459968,1775274345.830584,4.080890655517578,0.07653938233852386,-0.10930519551038742,0.1962665468454361,-0.2686520516872406,0.9250696897506714,-0.1831711083650589
459969,1775274345.841695,4.08082389831543,0.07633712887763977,-0.11155691742897034,0.10939612984657288,-0.23102383315563202,0.9414587616920471,-0.21980907022953033
459970,1775274345.852806,4.080448150634766,0.07565340399742126,-0.11473077535629272,0.021556871011853218,-0.1951495110988617,0.9471699595451355,-0.2536158859729767
459971,1775274345.8639174,4.080824851989746,0.0752592384815216,-0.11665390431880951,-0.06725185364484787,-0.15730410814285278,0.9419323205947876,-0.2889571487903595
459972,1775274345.8750284,4.079555511474609,0.07544662058353424,-0.11834754794836044,-0.15647034347057343,-0.1195794865489006,0.9291476607322693,-0.31289374828338623
459973,1775274345.8861396,4.078232765197754,0.07535924017429352,-0.11865434050559998,-0.24201750755310059,-0.07867176830768585,0.9071003794670105,-0.3352721333503723
459974,1775274345.8972507,4.077688217163086,0.07536106556653976,-0.11795605719089508,-0.3242611587047577,-0.03790563344955444,0.8737435936927795,-0.36054137349128723
459975,1775274345.9083617,4.0756964683532715,0.07588287442922592,-0.11787685751914978,-0.40767788887023926,0.0017903901170939207,0.8318111896514893,-0.3766772747039795
459976,1775274345.919473,4.073012351989746,0.07604318112134933,-0.11855335533618927,-0.4866317808628082,0.040668126195669174,0.7832711935043335,-0.38473623991012573
459977,1775274345.930584,4.070034980773926,0.07624059170484543,-0.11842408031225204,-0.5579547882080078,0.07944156229496002,0.7273693680763245,-0.3915472626686096
459978,1775274345.941695,4.066746711730957,0.07672923803329468,-0.11800891160964966,-0.6237768530845642,0.11727941781282425,0.6640255451202393,-0.3952443301677704
459979,1775274345.9528062,4.063040733337402,0.07681838423013687,-0.116728276014328,-0.6825528740882874,0.15581965446472168,0.5929613709449768,-0.39779233932495117
459980,1775274345.9639173,4.059229373931885,0.07718928903341293,-0.11708197742700577,-0.7355267405509949,0.18741273880004883,0.5181839466094971,-0.39416027069091797
459981,1775274345.9750285,4.054722309112549,0.07759010046720505,-0.11637964099645615,-0.7832793593406677,0.2189285308122635,0.4344620406627655,-0.38702279329299927
459982,1775274345.9861395,4.04970121383667,0.0781439021229744,-0.11676402390003204,-0.8241047859191895,0.24532023072242737,0.34954336285591125,-0.3721408545970917
459983,1775274345.9972506,4.044999599456787,0.07771364599466324,-0.1182679757475853,-0.8558367490768433,0.2695700228214264,0.261966735124588,-0.3553154766559601
459984,1775274346.0083618,4.038517475128174,0.07794542610645294,-0.11881166696548462,-0.8774667978286743,0.2948595881462097,0.17228034138679504,-0.3367927670478821
459985,1775274346.0194728,4.0331854820251465,0.07835853844881058,-0.12036041170358658,-0.8925582766532898,0.3111208379268646,0.07812045514583588,-0.31692394614219666
459986,1775274346.0305839,4.027110576629639,0.07885655760765076,-0.12168116867542267,-0.8984585404396057,0.3273376524448395,-0.016442544758319855,-0.2921507954597473
459987,1775274346.041695,4.021071910858154,0.07896439731121063,-0.12474337965250015,-0.8965473771095276,0.34005898237228394,-0.1068461462855339,-0.2629575729370117
459988,1775274346.0528061,4.015550136566162,0.07841305434703827,-0.12722599506378174,-0.8857184648513794,0.34742113947868347,-0.20025432109832764,-0.23387958109378815
459989,1775274346.0639174,4.009794235229492,0.0782630518078804,-0.1303136795759201,-0.8665366768836975,0.3519696295261383,-0.2890298366546631,-0.2041899561882019
459990,1775274346.0750284,4.004687786102295,0.07796164602041245,-0.1331348717212677,-0.8388407230377197,0.3514661192893982,-0.37811556458473206,-0.1727612316608429
459991,1775274346.0861394,4.000103950500488,0.07755003869533539,-0.13689886033535004,-0.8051062822341919,0.34656065702438354,-0.4605988562107086,-0.1398160755634308
459992,1775274346.0972507,3.9954349994659424,0.0772622749209404,-0.14106385409832,-0.7621585130691528,0.3415318429470062,-0.5406908988952637,-0.10061711072921753
459993,1775274346.1083617,3.991180419921875,0.07707498222589493,-0.14567361772060394,-0.7132683396339417,0.32960835099220276,-0.6150864958763123,-0.06538545340299606
459994,1775274346.119473,3.986884593963623,0.07682894170284271,-0.14905381202697754,-0.6586039662361145,0.3151073455810547,-0.6826714873313904,-0.030130257830023766
459995,1775274346.130584,3.9837515354156494,0.07627302408218384,-0.1541222482919693,-0.5979712009429932,0.2985977232456207,-0.7437883615493774,0.0069888499565422535
459996,1775274346.141695,3.9802958965301514,0.07599841058254242,-0.1570034921169281,-0.528661847114563,0.27706900238990784,-0.8012720942497253,0.041381482034921646
459997,1775274346.1528063,3.976454973220825,0.07569991797208786,-0.16115856170654297,-0.45545700192451477,0.2571769058704376,-0.8492227792739868,0.07238616794347763
459998,1775274346.1639173,3.9738376140594482,0.07486560940742493,-0.16493737697601318,-0.3795424997806549,0.2321249395608902,-0.8894281387329102,0.10480044782161713
459999,1775274346.1750283,3.971040964126587,0.07487086951732635,-0.16699641942977905,-0.2992151975631714,0.1999005824327469,-0.923527717590332,0.1326904594898224
460000,1775274346.1861396,3.9685277938842773,0.07460597157478333,-0.1704728901386261,-0.21682478487491608,0.1731453835964203,-0.9470170736312866,0.1617600917816162
460001,1775274346.1972506,3.9665260314941406,0.07443447411060333,-0.17274513840675354,-0.13618728518486023,0.14232541620731354,-0.9619404673576355,0.18938599526882172
460002,1775274346.2083619,3.964986801147461,0.07395029067993164,-0.17659083008766174,-0.0498553141951561,0.1108771488070488,-0.9688876867294312,0.21558663249015808
460003,1775274346.219473,3.962890863418579,0.07373259961605072,-0.17817473411560059,0.034814853221178055,0.0755314826965332,-0.9675047397613525,0.2387835681438446
460004,1775274346.230584,3.9618380069732666,0.07346531748771667,-0.1812831461429596,0.12209109961986542,0.04523288458585739,-0.9560989141464233,0.2625311613082886
460005,1775274346.2416952,3.9608843326568604,0.07317596673965454,-0.18425588309764862,0.2048644870519638,0.014837070368230343,-0.9364239573478699,0.2844656705856323
460006,1775274346.2528062,3.959850311279297,0.0734650194644928,-0.18616467714309692,0.28439685702323914,-0.014530282467603683,-0.9090946912765503,0.30406269431114197
460007,1775274346.2639172,3.9568748474121094,0.07312474399805069,-0.18741050362586975,0.3673184812068939,-0.049890339374542236,-0.8742662072181702,0.31344345211982727
460008,1775274346.2750285,3.954334020614624,0.07357790321111679,-0.1871313750743866,0.444095641374588,-0.08627074956893921,-0.8303225040435791,0.32542455196380615
460009,1775274346.2861395,3.9517407417297363,0.07387251406908035,-0.18750950694084167,0.5133800506591797,-0.11882883310317993,-0.7821028828620911,0.3326195180416107
460010,1775274346.2972507,3.948862075805664,0.07389000058174133,-0.188388854265213,0.5799641013145447,-0.15033526718616486,-0.7267323136329651,0.33600765466690063
460011,1775274346.3083618,3.94525408744812,0.07394041121006012,-0.18931929767131805,0.6415767073631287,-0.17970480024814606,-0.6658428311347961,0.335766077041626
460012,1775274346.3194728,3.941359758377075,0.07400036603212357,-0.18989531695842743,0.6975248456001282,-0.20762999355793,-0.5999243855476379,0.33232465386390686
460013,1775274346.330584,3.9380085468292236,0.07390455901622772,-0.1918793022632599,0.7498483061790466,-0.22849079966545105,-0.5291590094566345,0.3248234987258911
460014,1775274346.341695,3.93497633934021,0.07418922334909439,-0.19297641515731812,0.7964800596237183,-0.2482525259256363,-0.4506228566169739,0.31769394874572754
460015,1775274346.352806,3.931077003479004,0.07429490983486176,-0.19446304440498352,0.8352728486061096,-0.265918493270874,-0.3713632822036743,0.30609825253486633
460016,1775274346.3639174,3.926367998123169,0.07451444119215012,-0.19546154141426086,0.8662697672843933,-0.2830045223236084,-0.29041817784309387,0.291791707277298
460017,1775274346.3750284,3.9217212200164795,0.07433214038610458,-0.19759926199913025,0.891590416431427,-0.294915109872818,-0.20621128380298615,0.2748975455760956
460018,1775274346.3861396,3.9164676666259766,0.07465554028749466,-0.19996066391468048,0.9087502956390381,-0.30792737007141113,-0.12365757673978806,0.25310543179512024
460019,1775274346.3972507,3.9122328758239746,0.07484494149684906,-0.2006424367427826,0.9190776348114014,-0.31431132555007935,-0.03343038633465767,0.23534496128559113
460020,1775274346.4083617,3.9074461460113525,0.07475659996271133,-0.20250213146209717,0.9218765497207642,-0.3180418312549591,0.05290297791361809,0.21492868661880493
460021,1775274346.419473,3.902707815170288,0.07491832226514816,-0.20529262721538544,0.9179790019989014,-0.3189791142940521,0.13913172483444214,0.19028764963150024
460022,1775274346.430584,3.89786434173584,0.07470476627349854,-0.20664072036743164,0.9055920243263245,-0.31704550981521606,0.2256646603345871,0.16870324313640594
460023,1775274346.441695,3.893407106399536,0.07467736303806305,-0.2091001570224762,0.8870426416397095,-0.31156015396118164,0.30827027559280396,0.14510372281074524
460024,1775274346.4528062,3.8891048431396484,0.07399243861436844,-0.21156951785087585,0.8605273962020874,-0.3029713034629822,0.39203527569770813,0.11836148053407669
460025,1775274346.4639173,3.884852409362793,0.07395868748426437,-0.2140953540802002,0.8279443979263306,-0.29139822721481323,0.47030118107795715,0.09171730279922485
460026,1775274346.4750285,3.8801119327545166,0.07341328263282776,-0.21766071021556854,0.7887032628059387,-0.2808658182621002,0.5433650612831116,0.06177361682057381
460027,1775274346.4861395,3.8762118816375732,0.07358469069004059,-0.22054731845855713,0.744387149810791,-0.2631666958332062,0.6127049326896667,0.03498246148228645
460028,1775274346.4972506,3.871264696121216,0.07360062003135681,-0.22309109568595886,0.6933352947235107,-0.2454843968153,0.6774334907531738,0.01037156768143177
460029,1775274346.5083618,3.8673577308654785,0.07308487594127655,-0.22728949785232544,0.637091338634491,-0.22528314590454102,0.7368732690811157,-0.019494516775012016
460030,1775274346.5194728,3.8640217781066895,0.072882741689682,-0.23029440641403198,0.577879786491394,-0.2007896453142166,0.789774477481842,-0.04466453939676285
460031,1775274346.5305839,3.8608837127685547,0.07318585366010666,-0.2323332130908966,0.5140902996063232,-0.17261499166488647,0.8374088406562805,-0.06827633082866669
460032,1775274346.541695,3.8571794033050537,0.07341815531253815,-0.23386862874031067,0.44433334469795227,-0.14411036670207977,0.8794921040534973,-0.09107068926095963
460033,1775274346.5528061,3.8541998863220215,0.07276370376348495,-0.23763836920261383,0.3715353310108185,-0.11628570407629013,0.91363126039505,-0.11712055653333664
460034,1775274346.5639174,3.8502752780914307,0.07244797050952911,-0.24012114107608795,0.298285573720932,-0.08678323030471802,0.9408208131790161,-0.1354643553495407
460035,1775274346.5750284,3.8471646308898926,0.07200300693511963,-0.24384425580501556,0.222664937376976,-0.05904432013630867,0.9605221152305603,-0.15598565340042114
460036,1775274346.5861394,3.8440001010894775,0.07171985507011414,-0.2468670904636383,0.14266610145568848,-0.02813815139234066,0.9737178087234497,-0.17529508471488953
460037,1775274346.5972507,3.8410465717315674,0.0719028040766716,-0.24942436814308167,0.06382618099451065,0.003962499089539051,0.9790146946907043,-0.1934962123632431
460038,1775274346.6083617,3.8381147384643555,0.07177582383155823,-0.2522871494293213,-0.016216473653912544,0.034632883965969086,0.9772242307662964,-0.2087354212999344
460039,1775274346.619473,3.8345298767089844,0.07175537943840027,-0.2555280029773712,-0.09527092427015305,0.06429112702608109,0.9685732126235962,-0.22058163583278656
460040,1775274346.630584,3.8307108879089355,0.0718303695321083,-0.2582603096961975,-0.1735294908285141,0.0956110954284668,0.9533096551895142,-0.22791865468025208
460041,1775274346.641695,3.8281095027923584,0.0715281069278717,-0.2606886625289917,-0.2493094950914383,0.12411754578351974,0.9303394556045532,-0.2385542094707489
460042,1775274346.6528063,3.8243844509124756,0.07145727425813675,-0.2637382447719574,-0.32408955693244934,0.15353402495384216,0.9015352129936218,-0.24213121831417084
460043,1775274346.6639173,3.8214619159698486,0.07162974029779434,-0.2654866576194763,-0.39598578214645386,0.18100708723068237,0.8651329874992371,-0.24895088374614716
460044,1775274346.6750283,3.818537950515747,0.07183929532766342,-0.26868095993995667,-0.4651925563812256,0.204182431101799,0.8239046931266785,-0.2511705458164215
460045,1775274346.6861396,3.8157994747161865,0.07173559814691544,-0.27086004614830017,-0.5299525260925293,0.22818607091903687,0.7767221331596375,-0.2525552809238434
460046,1775274346.6972506,3.812101364135742,0.07158228009939194,-0.274280309677124,-0.5927335023880005,0.24932362139225006,0.7245079874992371,-0.2481793612241745
460047,1775274346.7083619,3.786045551300049,0.0709146186709404,-0.2634984254837036,-0.6032028794288635,0.26445311307907104,0.7080730199813843,-0.2546437084674835
460048,1775274346.719473,3.749526023864746,0.07127496600151062,-0.24378293752670288,-0.6027984023094177,0.249721959233284,0.7073699831962585,-0.2718469798564911
460049,1775274346.730584,3.714174270629883,0.0730680599808693,-0.22482652962207794,-0.6108425259590149,0.22114218771457672,0.7042884826660156,-0.2862609326839447
460050,1775274346.7416952,3.679600954055786,0.07452787458896637,-0.20223839581012726,-0.6262854933738708,0.18634594976902008,0.6923908591270447,-0.3060011863708496
460051,1775274346.7528062,3.643972396850586,0.0777561292052269,-0.1793101578950882,-0.6539648771286011,0.13027091324329376,0.6738312840461731,-0.31829383969306946
460052,1775274346.7639172,3.607792377471924,0.07979761809110641,-0.154465913772583,-0.6748014688491821,0.08006811887025833,0.6546168327331543,-0.3312234878540039
460053,1775274346.7750285,3.571890115737915,0.08135473728179932,-0.13049381971359253,-0.694340705871582,0.025760116055607796,0.6324608325958252,-0.34237509965896606
460054,1775274346.7861395,3.5360000133514404,0.08159469068050385,-0.10577797144651413,-0.7112337946891785,-0.025141727179288864,0.6071389317512512,-0.3534072935581207
460055,1775274346.7972507,3.5009210109710693,0.08199378103017807,-0.08150283992290497,-0.7286302447319031,-0.08119939267635345,0.575239360332489,-0.36277297139167786
460056,1775274346.8083618,3.4648501873016357,0.08107507228851318,-0.05640189349651337,-0.7399200201034546,-0.1335875540971756,0.5449498295783997,-0.3710828125476837
460057,1775274346.8194728,3.4288082122802734,0.07987118512392044,-0.030585724860429764,-0.7473422884941101,-0.18545134365558624,0.5117890238761902,-0.3809979259967804
460058,1775274346.830584,3.396211862564087,0.08647008240222931,-0.009144363924860954,-0.7557482123374939,-0.26678940653800964,0.46081358194351196,-0.381207138299942
460059,1775274346.841695,3.3644356727600098,0.09468181431293488,0.012546587735414505,-0.753865122795105,-0.35609838366508484,0.4011228680610657,-0.3794492781162262
460060,1775274346.852806,3.3320505619049072,0.10286512225866318,0.03448408097028732,-0.7439321875572205,-0.44387200474739075,0.3332667648792267,-0.3721235394477844
460061,1775274346.8639174,3.2982091903686523,0.11002685129642487,0.05801888182759285,-0.7251191139221191,-0.5246303677558899,0.2623983919620514,-0.36071085929870605
460062,1775274346.8750284,3.26273775100708,0.11584188789129257,0.08254978060722351,-0.6983440518379211,-0.5975676774978638,0.19095154106616974,-0.34462451934814453
460063,1775274346.8861396,3.2258007526397705,0.11950096487998962,0.10761523246765137,-0.6617395281791687,-0.6653220057487488,0.1136370375752449,-0.32639551162719727
460064,1775274346.8972507,3.1883490085601807,0.1220221146941185,0.133201465010643,-0.6170189380645752,-0.725642740726471,0.03514888137578964,-0.3024812936782837
460065,1775274346.9083617,3.1520493030548096,0.12988834083080292,0.15772639214992523,-0.5477169156074524,-0.7920655012130737,-0.06642035394906998,-0.26120293140411377
460066,1775274346.919473,3.1153178215026855,0.13722984492778778,0.18213650584220886,-0.45936161279678345,-0.8458159565925598,-0.17308025062084198,-0.2088674008846283
460067,1775274346.930584,3.0781779289245605,0.14032526314258575,0.20620980858802795,-0.3572220802307129,-0.8779626488685608,-0.2803286910057068,-0.15162381529808044
460068,1775274346.941695,3.041534900665283,0.13858969509601593,0.2299879640340805,-0.24754486978054047,-0.8874046206474304,-0.37869855761528015,-0.08844339102506638
460069,1775274346.9528062,3.006239652633667,0.1326141357421875,0.2530748248100281,-0.1316068023443222,-0.8752433061599731,-0.4649185240268707,-0.02190006710588932
460070,1775274346.9639173,2.9728786945343018,0.12336672842502594,0.2742355465888977,-0.012274487875401974,-0.8405521512031555,-0.5397974848747253,0.04404619336128235
460071,1775274346.9750285,2.942087173461914,0.11097373813390732,0.29405444860458374,0.10624144971370697,-0.7855250239372253,-0.5998112559318542,0.109039306640625
460072,1775274346.9861395,2.913639783859253,0.09929047524929047,0.31221628189086914,0.21874061226844788,-0.7136619091033936,-0.6435240507125854,0.16945837438106537
460073,1775274346.9972506,2.8880209922790527,0.09275782853364944,0.32834890484809875,0.3256620764732361,-0.6249306797981262,-0.672467827796936,0.22625847160816193
460074,1775274347.0083618,2.8646650314331055,0.0876181572675705,0.34311196208000183,0.42411938309669495,-0.523633599281311,-0.6847963333129883,0.2774611711502075
460075,1775274347.0194728,2.8431882858276367,0.08348862826824188,0.3569484353065491,0.5127534866333008,-0.4109266698360443,-0.6810137033462524,0.3231772184371948
460076,1775274347.0305839,2.822946548461914,0.0808485746383667,0.369792640209198,0.5894506573677063,-0.28837934136390686,-0.6629552841186523,0.3603824973106384
460077,1775274347.041695,2.803555965423584,0.08005179464817047,0.38262879848480225,0.6540818810462952,-0.1599561870098114,-0.6280784606933594,0.39001092314720154
460078,1775274347.0528061,2.7838475704193115,0.08088228106498718,0.3955247402191162,0.7039352655410767,-0.02689039148390293,-0.579156756401062,0.4102797210216522
460079,1775274347.0639174,2.7629904747009277,0.0836782455444336,0.4095931351184845,0.7375373840332031,0.10535033792257309,-0.5164258480072021,0.42218998074531555
460080,1775274347.0750284,2.740621566772461,0.0874142274260521,0.4247753620147705,0.754517674446106,0.23396176099777222,-0.44231510162353516,0.424643874168396
460081,1775274347.0861394,2.716486692428589,0.09281162917613983,0.4412102699279785,0.7548601031303406,0.3603191077709198,-0.3569629192352295,0.41585326194763184
460082,1775274347.0972507,2.6900343894958496,0.10435427725315094,0.4586769640445709,0.7381991744041443,0.4798886179924011,-0.2611558735370636,0.3956848382949829
460083,1775274347.1083617,2.6605441570281982,0.11633956432342529,0.478863388299942,0.7031037211418152,0.5867459177970886,-0.16259630024433136,0.36733749508857727
460084,1775274347.119473,2.6285552978515625,0.12578582763671875,0.50016188621521,0.6505846977233887,0.681427538394928,-0.058844972401857376,0.3300504982471466
460085,1775274347.130584,2.5943002700805664,0.13240237534046173,0.5226996541023254,0.5874024033546448,0.7566955089569092,0.04715428128838539,0.2831023037433624
460086,1775274347.141695,2.558867931365967,0.13478891551494598,0.5461255311965942,0.5039033889770508,0.81822669506073,0.1525271236896515,0.23091544210910797
460087,1775274347.1528063,2.5226621627807617,0.13284023106098175,0.5699377655982971,0.4103684425354004,0.8585941195487976,0.25422582030296326,0.17257824540138245
460088,1775274347.1639173,2.486654281616211,0.13037770986557007,0.5932214856147766,0.305990606546402,0.8787862062454224,0.3499490022659302,0.10789051651954651
460089,1775274347.1750283,2.4516701698303223,0.12964265048503876,0.6160523891448975,0.19543884694576263,0.8778735399246216,0.4353675842285156,0.03996158391237259
460090,1775274347.1861396,2.41818904876709,0.12534841895103455,0.6370363831520081,0.07942043244838715,0.8562111258506775,0.5096715092658997,-0.028809592127799988
460091,1775274347.1972506,2.386936902999878,0.11827804148197174,0.6572202444076538,-0.037513311952352524,0.8145865797996521,0.5706643462181091,-0.09687025845050812
460092,1775274347.2083619,2.3584115505218506,0.10882586240768433,0.6753854155540466,-0.15396633744239807,0.7530241012573242,0.6186584234237671,-0.16282148659229279
460093,1775274347.219473,2.3326945304870605,0.09854258596897125,0.6919354796409607,-0.26617684960365295,0.6739704012870789,0.6510967016220093,-0.22580288350582123
460094,1775274347.230584,2.309474229812622,0.08797189593315125,0.7068553566932678,-0.3726348578929901,0.5797464847564697,0.6670209765434265,-0.2830556035041809
460095,1775274347.2416952,2.287686586380005,0.0801447257399559,0.7204146385192871,-0.4679465591907501,0.4738066792488098,0.6686176061630249,-0.3308834135532379
460096,1775274347.2528062,2.26690936088562,0.07814031839370728,0.7338485717773438,-0.5487738847732544,0.3610391616821289,0.6575499773025513,-0.36895275115966797
460097,1775274347.2639172,2.2469913959503174,0.07739691436290741,0.7466983795166016,-0.6203207969665527,0.24092383682727814,0.6298153400421143,-0.4006127119064331
460098,1775274347.2750285,2.2276928424835205,0.07862153649330139,0.7589127421379089,-0.6791951656341553,0.1138593778014183,0.5892748236656189,-0.4224751889705658
460099,1775274347.2861395,2.2078912258148193,0.08115803450345993,0.7719406485557556,-0.7237539291381836,-0.014719280414283276,0.5350266695022583,-0.435557097196579
460100,1775274347.2972507,2.186729907989502,0.08522068709135056,0.78605717420578,-0.7517372965812683,-0.1414610743522644,0.47024744749069214,-0.44016748666763306
460101,1775274347.3083618,2.1638152599334717,0.08981502056121826,0.8012441396713257,-0.7646846175193787,-0.2657064199447632,0.3953244984149933,-0.4340231418609619
460102,1775274347.3194728,2.139486312866211,0.09634274244308472,0.8179124593734741,-0.760345995426178,-0.3867015838623047,0.3103692829608917,-0.41953161358833313
460103,1775274347.330584,2.1125245094299316,0.10707946121692657,0.8358764052391052,-0.7392940521240234,-0.5015388131141663,0.2165384739637375,-0.39371851086616516
460104,1775274347.341695,2.0830557346343994,0.11685742437839508,0.8554478287696838,-0.7021548748016357,-0.6026434898376465,0.11954367905855179,-0.3598731458187103
460105,1775274347.352806,2.051175117492676,0.12423364818096161,0.8763617277145386,-0.6491679549217224,-0.691439151763916,0.01932530850172043,-0.3164166212081909
460106,1775274347.3639174,2.017616033554077,0.12854713201522827,0.8985123634338379,-0.5818071365356445,-0.7642439603805542,-0.08203041553497314,-0.2658996880054474
460107,1775274347.3750284,1.9831366539001465,0.13000576198101044,0.9213750958442688,-0.4996320605278015,-0.8207743167877197,-0.18290098011493683,-0.2079537808895111
460108,1775274347.3861396,1.9479856491088867,0.1320788711309433,0.944665789604187,-0.4021773636341095,-0.8599000573158264,-0.2785877585411072,-0.1456507295370102
460109,1775274347.3972507,1.9129817485809326,0.13052767515182495,0.9674122929573059,-0.29771265387535095,-0.877254068851471,-0.3685470521450043,-0.07723776996135712
460110,1775274347.4083617,1.8787928819656372,0.12553945183753967,0.9896774291992188,-0.18910761177539825,-0.8739367127418518,-0.44766300916671753,-0.008416561409831047
460111,1775274347.419473,1.8459632396697998,0.11891166865825653,1.0109272003173828,-0.077372245490551,-0.851773738861084,-0.5147362947463989,0.05951234698295593
460112,1775274347.430584,1.815887689590454,0.11297383159399033,1.0302183628082275,0.0392003059387207,-0.8094085454940796,-0.5720409750938416,0.12684819102287292
460113,1775274347.441695,1.7875580787658691,0.1058746799826622,1.0481606721878052,0.14963234961032867,-0.7509760856628418,-0.6149352192878723,0.18841378390789032
460114,1775274347.4528062,1.7617719173431396,0.09760831296443939,1.0647832155227661,0.25720906257629395,-0.6761013865470886,-0.6443424224853516,0.24809932708740234
460115,1775274347.4639173,1.7389894723892212,0.08864127099514008,1.07961106300354,0.36314696073532104,-0.5859256386756897,-0.6578851342201233,0.3033195436000824
460116,1775274347.4750285,1.71799898147583,0.0805259644985199,1.0936636924743652,0.45834192633628845,-0.48371657729148865,-0.658050537109375,0.35058608651161194
460117,1775274347.4861395,1.6975208520889282,0.07520692050457001,1.1065641641616821,0.5416436791419983,-0.37347421050071716,-0.6452581882476807,0.3883054256439209
460118,1775274347.4972506,1.677933692932129,0.07341529428958893,1.1196496486663818,0.6132851243019104,-0.25783681869506836,-0.6175577640533447,0.4195520579814911
460119,1775274347.5083618,1.658421516418457,0.07392854243516922,1.1320016384124756,0.6736704707145691,-0.13598057627677917,-0.5788009166717529,0.43893834948539734
460120,1775274347.5194728,1.6392672061920166,0.07620996236801147,1.1447021961212158,0.719823956489563,-0.00907222367823124,-0.5270156264305115,0.45169204473495483
460121,1775274347.5305839,1.6190184354782104,0.07968069612979889,1.1584362983703613,0.7512717247009277,0.11727292090654373,-0.4634413719177246,0.4550383985042572
460122,1775274347.541695,1.596579909324646,0.08611272275447845,1.172769546508789,0.7682251334190369,0.24031850695610046,-0.3912428021430969,0.4461013376712799
460123,1775274347.5528061,1.572863221168518,0.09393065422773361,1.188751220703125,0.7680957317352295,0.3601035177707672,-0.30916744470596313,0.4298488199710846
460124,1775274347.5639174,1.5473904609680176,0.10273900628089905,1.2054059505462646,0.7522103786468506,0.4750455319881439,-0.21728834509849548,0.4016183614730835
460125,1775274347.5750284,1.518814206123352,0.11055067926645279,1.2246246337890625,0.7194609642028809,0.5776787400245667,-0.12478239089250565,0.36481863260269165
460126,1775274347.5861394,1.4881740808486938,0.11665639281272888,1.2450052499771118,0.669594943523407,0.6680010557174683,-0.027766350656747818,0.3234906792640686
460127,1775274347.5972507,1.4558069705963135,0.12220688909292221,1.2661974430084229,0.6058072447776794,0.7447338700294495,0.0722789540886879,0.2704530954360962
460128,1775274347.6083617,1.4225168228149414,0.12754903733730316,1.288439393043518,0.5252366662025452,0.8067249655723572,0.1701127141714096,0.21067233383655548
460129,1775274347.619473,1.3882408142089844,0.12899929285049438,1.3116534948349,0.43552955985069275,0.8488691449165344,0.2606332004070282,0.1476668119430542
460130,1775274347.630584,1.353877305984497,0.12656299769878387,1.333905816078186,0.3354247510433197,0.8707128763198853,0.3506312072277069,0.0800444707274437
460131,1775274347.641695,1.3204154968261719,0.12397582828998566,1.3557077646255493,0.2289513498544693,0.8742240071296692,0.42802679538726807,0.01033790223300457
460132,1775274347.6528063,1.2879596948623657,0.12042208760976791,1.3766275644302368,0.11778615415096283,0.8583728671073914,0.49589699506759644,-0.05838550254702568
460133,1775274347.6639173,1.257529854774475,0.11388657987117767,1.3965920209884644,0.006444169208407402,0.8251960277557373,0.5504079461097717,-0.12673236429691315
460134,1775274347.6750283,1.229453682899475,0.10503866523504257,1.4146736860275269,-0.1075420081615448,0.7723716497421265,0.5961538553237915,-0.1909905970096588
460135,1775274347.6861396,1.202744483947754,0.09652374684810638,1.4312819242477417,-0.21511267125606537,0.7064341306686401,0.6269189715385437,-0.24829436838626862
460136,1775274347.6972506,1.1786260604858398,0.08894500881433487,1.4468551874160767,-0.31752538681030273,0.6269772052764893,0.6438419818878174,-0.3025636374950409
460137,1775274347.7083619,1.156966209411621,0.08207151293754578,1.4611366987228394,-0.41526439785957336,0.5345149636268616,0.6472088694572449,-0.3506706655025482
460138,1775274347.719473,1.1366151571273804,0.07630473375320435,1.4740769863128662,-0.504325270652771,0.43110430240631104,0.6386188268661499,-0.3898347020149231
460139,1775274347.730584,1.1166621446609497,0.07259683310985565,1.48716402053833,-0.5800067782402039,0.3210866153240204,0.6180433630943298,-0.4225139319896698
460140,1775274347.7416952,1.0973857641220093,0.07202944159507751,1.4995330572128296,-0.6463334560394287,0.2058669477701187,0.5843969583511353,-0.4453674554824829
460141,1775274347.7528062,1.0784368515014648,0.07409912347793579,1.5118303298950195,-0.7013574838638306,0.08330527693033218,0.5384513139724731,-0.4595957100391388
460142,1775274347.7639172,1.0590629577636719,0.07755309343338013,1.5243782997131348,-0.7421953678131104,-0.041113510727882385,0.48153677582740784,-0.4643038213253021
460143,1775274347.7750285,1.0378724336624146,0.08176884055137634,1.538703203201294,-0.7660456895828247,-0.16094857454299927,0.4178299903869629,-0.4611809551715851
460144,1775274347.7861395,1.0158605575561523,0.08746938407421112,1.552975058555603,-0.7774919271469116,-0.28161996603012085,0.34078705310821533,-0.4472814202308655
460145,1775274347.7972507,0.9916037321090698,0.09686208516359329,1.5688763856887817,-0.7722321152687073,-0.39791202545166016,0.2578525245189667,-0.4228895306587219
460146,1775274347.8083618,0.9654671549797058,0.1067880243062973,1.5861362218856812,-0.7509518265724182,-0.5052253007888794,0.1692313700914383,-0.3901020586490631
460147,1775274347.8194728,0.9364112019538879,0.11484009027481079,1.605266809463501,-0.7138856053352356,-0.6010602712631226,0.08139203488826752,-0.3499562442302704
460148,1775274347.830584,0.9058995842933655,0.12098856270313263,1.62531578540802,-0.6620522141456604,-0.6858044266700745,-0.012840033508837223,-0.30198392271995544
460149,1775274347.841695,0.874022364616394,0.12425112724304199,1.646129846572876,-0.5973763465881348,-0.7553949356079102,-0.10768634080886841,-0.2468273788690567
460150,1775274347.852806,0.8497191071510315,0.12597644329071045,1.6621538400650024,-0.5338861346244812,-0.797204852104187,-0.1814342737197876,-0.2156655490398407
460151,1775274347.8639174,0.8510170578956604,0.12184351682662964,1.6601297855377197,-0.5188409090042114,-0.7927987575531006,-0.20024698972702026,-0.24935026466846466
460152,1775274347.8750284,0.8561537265777588,0.12346971035003662,1.6554782390594482,-0.5296434760093689,-0.7755579948425293,-0.19363446533679962,-0.2837134301662445
460153,1775274347.8861396,0.8659802675247192,0.12340948730707169,1.649239182472229,-0.5469701886177063,-0.7523006796836853,-0.1738666296005249,-0.32347750663757324
460154,1775274347.8972507,0.8734909296035767,0.1235400065779686,1.6448736190795898,-0.5570282936096191,-0.729316234588623,-0.16593554615974426,-0.3609469532966614
460155,1775274347.9083617,0.8778746128082275,0.12257470190525055,1.64138925075531,-0.5567297339439392,-0.70787113904953,-0.16644537448883057,-0.40157991647720337
460156,1775274347.919473,0.8802448511123657,0.12235606461763382,1.6378053426742554,-0.5492608547210693,-0.6905776262283325,-0.1682867556810379,-0.4394253194332123
460157,1775274347.930584,0.8825394511222839,0.12220669537782669,1.6334744691848755,-0.5434914231300354,-0.675209641456604,-0.16475063562393188,-0.4707084000110626
460158,1775274347.941695,0.8840104937553406,0.12291190773248672,1.628868579864502,-0.5352689623832703,-0.6648526191711426,-0.15883907675743103,-0.4962140917778015
460159,1775274347.9528062,0.8836118578910828,0.12381607294082642,1.6247280836105347,-0.5245248675346375,-0.6584911942481995,-0.15412312746047974,-0.5172128677368164
460160,1775274347.9639173,0.8824895024299622,0.12502190470695496,1.62062406539917,-0.5108840465545654,-0.6549538969993591,-0.15247994661331177,-0.5355209112167358
460161,1775274347.9750285,0.8810262680053711,0.12555472552776337,1.6167486906051636,-0.4963376224040985,-0.6511081457138062,-0.14947274327278137,-0.554405152797699
460162,1775274347.9861395,0.879901647567749,0.12553714215755463,1.612986445426941,-0.48200520873069763,-0.6474608778953552,-0.14741301536560059,-0.571607232093811
460163,1775274347.9972506,0.8788041472434998,0.12624900043010712,1.6088746786117554,-0.468484103679657,-0.6419193744659424,-0.14669248461723328,-0.5890191197395325
460164,1775274348.0083618,0.8774537444114685,0.12672656774520874,1.6046419143676758,-0.4542704224586487,-0.6375446915626526,-0.14445383846759796,-0.6052340269088745
460165,1775274348.0194728,0.876336395740509,0.12688283622264862,1.6007298231124878,-0.43978673219680786,-0.6325638294219971,-0.1419140249490738,-0.6215393543243408
460166,1775274348.0305839,0.8749160766601562,0.12721338868141174,1.596731185913086,-0.4264707565307617,-0.6271418929100037,-0.13871070742607117,-0.6368478536605835
460167,1775274348.041695,0.874152421951294,0.12775897979736328,1.5928022861480713,-0.41102275252342224,-0.6222934722900391,-0.1365024745464325,-0.6520569324493408
460168,1775274348.0528061,0.8729356527328491,0.12789395451545715,1.5888550281524658,-0.39622440934181213,-0.6170572638511658,-0.1339590847492218,-0.6665594577789307
460169,1775274348.0639174,0.8719678521156311,0.12811586260795593,1.5846806764602661,-0.3825913965702057,-0.6109012961387634,-0.13130806386470795,-0.6805744767189026
460170,1775274348.0750284,0.8711157441139221,0.12852172553539276,1.5807790756225586,-0.3669491410255432,-0.6059472560882568,-0.1284674108028412,-0.6940262913703918
460171,1775274348.0861394,0.8700523972511292,0.12881304323673248,1.5767483711242676,-0.352352499961853,-0.6002843379974365,-0.12530459463596344,-0.7069690227508545
460172,1775274348.0972507,0.8690089583396912,0.12888458371162415,1.5726107358932495,-0.3375265896320343,-0.5945766568183899,-0.12275046855211258,-0.7193654775619507
460173,1775274348.1083617,0.8677068948745728,0.1291121393442154,1.5686731338500977,-0.3226964771747589,-0.5888526439666748,-0.1195746511220932,-0.7313148975372314
460174,1775274348.119473,0.8666222095489502,0.12920846045017242,1.564508318901062,-0.3072630763053894,-0.5830821394920349,-0.11622141301631927,-0.7430324554443359
460175,1775274348.130584,0.8653806447982788,0.1293063461780548,1.5603827238082886,-0.2915479838848114,-0.5771753191947937,-0.11246413737535477,-0.7544669508934021
460176,1775274348.141695,0.8643599152565002,0.12963619828224182,1.5563753843307495,-0.2766585350036621,-0.5712960958480835,-0.10925813764333725,-0.7649468183517456
460177,1775274348.1528063,0.8633162379264832,0.1297544538974762,1.552564024925232,-0.26117241382598877,-0.5648627281188965,-0.10619517415761948,-0.7755267024040222
460178,1775274348.1639173,0.8621852993965149,0.1297309845685959,1.548356056213379,-0.24565735459327698,-0.559405505657196,-0.10237839818000793,-0.7850074172019958
460179,1775274348.1750283,0.8609114289283752,0.12966085970401764,1.544588327407837,-0.23021306097507477,-0.5536327362060547,-0.0993398129940033,-0.7941185235977173
460180,1775274348.1861396,0.8598027229309082,0.12974411249160767,1.5405187606811523,-0.21475669741630554,-0.5473836660385132,-0.09594234824180603,-0.8031474351882935
460181,1775274348.1972506,0.858832061290741,0.12979498505592346,1.5365287065505981,-0.19885103404521942,-0.541549801826477,-0.09274114668369293,-0.8115302324295044
460182,1775274348.2083619,0.8574341535568237,0.1296476274728775,1.5325616598129272,-0.18419308960437775,-0.5363256931304932,-0.08925842493772507,-0.818816602230072
460183,1775274348.219473,0.8565731644630432,0.12980526685714722,1.5286920070648193,-0.16824902594089508,-0.5296481847763062,-0.08729920536279678,-0.8267672657966614
460184,1775274348.230584,0.8554753065109253,0.1295478343963623,1.5248398780822754,-0.15302816033363342,-0.5230610966682434,-0.0824146643280983,-0.8343844413757324
460185,1775274348.2416952,0.854506254196167,0.1296461671590805,1.5208864212036133,-0.1382155418395996,-0.5171768069267273,-0.07975172251462936,-0.8408711552619934
460186,1775274348.2528062,0.8534463047981262,0.1296558976173401,1.5170636177062988,-0.12356996536254883,-0.5115261077880859,-0.07775761932134628,-0.8467734456062317
460187,1775274348.2639172,0.8525927066802979,0.12969636917114258,1.513174057006836,-0.10779955983161926,-0.5052468776702881,-0.07574333995580673,-0.8528586030006409
460188,1775274348.2750285,0.8514043688774109,0.12963607907295227,1.5095387697219849,-0.09277323633432388,-0.4996395707130432,-0.07276692986488342,-0.8581715822219849
460189,1775274348.2861395,0.8503338694572449,0.12953108549118042,1.5058029890060425,-0.07949751615524292,-0.49364304542541504,-0.07042283564805984,-0.8631554841995239
460190,1775274348.2972507,0.8491321802139282,0.12953154742717743,1.5021568536758423,-0.06378002464771271,-0.4882763922214508,-0.06723736971616745,-0.8677542209625244
460191,1775274348.3083618,0.8480461239814758,0.12949120998382568,1.4985277652740479,-0.049160875380039215,-0.4831230044364929,-0.06532612442970276,-0.8717270493507385
460192,1775274348.3194728,0.8469592332839966,0.1295228749513626,1.4949429035186768,-0.034957341849803925,-0.4770157039165497,-0.06244654580950737,-0.8759762644767761
460193,1775274348.330584,0.8456497192382812,0.12917158007621765,1.4913525581359863,-0.02148171328008175,-0.4721028804779053,-0.05982276424765587,-0.8792489171028137
460194,1775274348.341695,0.8447487354278564,0.12923114001750946,1.4880728721618652,-0.006538060028105974,-0.4664572775363922,-0.05873780697584152,-0.8825672268867493
460195,1775274348.352806,0.8433720469474792,0.12904903292655945,1.4845157861709595,0.006236968096345663,-0.460900217294693,-0.056802570819854736,-0.8856102824211121
460196,1775274348.3639174,0.8424676656723022,0.12859641015529633,1.4812989234924316,0.02181256376206875,-0.4553559124469757,-0.05595557019114494,-0.8882816433906555
460197,1775274348.3750284,0.8413504362106323,0.1284962147474289,1.4779551029205322,0.035588059574365616,-0.44977816939353943,-0.054562583565711975,-0.8907614946365356
460198,1775274348.3861396,0.8399918079376221,0.12838490307331085,1.4747201204299927,0.04867677390575409,-0.4448688328266144,-0.05251751095056534,-0.8927285671234131
460199,1775274348.3972507,0.8388828039169312,0.12833797931671143,1.4711891412734985,0.0609520748257637,-0.4400291442871094,-0.05180572718381882,-0.894413411617279
460200,1775274348.4083617,0.8375941514968872,0.12804065644741058,1.4680027961730957,0.0739494189620018,-0.43477654457092285,-0.050464995205402374,-0.8960771560668945
460201,1775274348.419473,0.8364194631576538,0.12785372138023376,1.4648809432983398,0.08755162358283997,-0.4306659698486328,-0.049201492220163345,-0.8969062566757202
460202,1775274348.430584,0.835019588470459,0.12757857143878937,1.4618747234344482,0.10043345391750336,-0.42611533403396606,-0.04686518386006355,-0.8978544473648071
460203,1775274348.441695,0.8340210914611816,0.12725263833999634,1.4588605165481567,0.11401906609535217,-0.42138877511024475,-0.046511951833963394,-0.8984808325767517
460204,1775274348.4528062,0.8327041864395142,0.12700477242469788,1.4557862281799316,0.12667186558246613,-0.41735851764678955,-0.04419593885540962,-0.8987841010093689
460205,1775274348.4639173,0.8315569758415222,0.12663261592388153,1.4527416229248047,0.13889296352863312,-0.4126497805118561,-0.043765466660261154,-0.8991738557815552
460206,1775274348.4750285,0.8304789066314697,0.12636727094650269,1.4499647617340088,0.1519242376089096,-0.4082275331020355,-0.04386935383081436,-0.8990800380706787
460207,1775274348.4861395,0.8290250301361084,0.12617464363574982,1.4469181299209595,0.16336709260940552,-0.40426328778266907,-0.04356067627668381,-0.8988798260688782
460208,1775274348.4972506,0.8277807831764221,0.12583880126476288,1.4440863132476807,0.17547066509723663,-0.39980313181877136,-0.04333816096186638,-0.898604154586792
460209,1775274348.5083618,0.8267622590065002,0.1257779598236084,1.4413505792617798,0.1872362643480301,-0.39603161811828613,-0.042557280510663986,-0.8979368209838867
460210,1775274348.5194728,0.8251739144325256,0.12520773708820343,1.438662052154541,0.20023886859416962,-0.3926251232624054,-0.04365086928009987,-0.8965738415718079
460211,1775274348.5305839,0.8237901926040649,0.12512286007404327,1.4362115859985352,0.21013163030147552,-0.3891507089138031,-0.04375782608985901,-0.8958190679550171
460212,1775274348.541695,0.8223474025726318,0.12484445422887802,1.4334145784378052,0.22120773792266846,-0.38570141792297363,-0.04483094438910484,-0.8945902585983276
460213,1775274348.5528061,0.820780873298645,0.12451696395874023,1.4309204816818237,0.23215912282466888,-0.38305696845054626,-0.04329606145620346,-0.8930257558822632
460214,1775274348.5639174,0.8194650411605835,0.12414592504501343,1.4282547235488892,0.2433319091796875,-0.3806428015232086,-0.04461226612329483,-0.89101642370224
460215,1775274348.5750284,0.8179148435592651,0.12399382889270782,1.4258843660354614,0.25302544236183167,-0.3775638937950134,-0.04507504403591156,-0.8896021246910095
460216,1775274348.5861394,0.8162358403205872,0.12389259040355682,1.42344331741333,0.2623589038848877,-0.37547099590301514,-0.04584459587931633,-0.8877429962158203
460217,1775274348.5972507,0.8145609498023987,0.1235126331448555,1.4210973978042603,0.2742461860179901,-0.37227076292037964,-0.04835152253508568,-0.885361909866333
460218,1775274348.6083617,0.8131460547447205,0.12309791892766953,1.4189469814300537,0.2834485173225403,-0.36908048391342163,-0.050976209342479706,-0.8836504220962524
460219,1775274348.619473,0.8112907409667969,0.12288723886013031,1.416929841041565,0.2937195599079132,-0.3664866089820862,-0.05429418385028839,-0.881174623966217
460220,1775274348.630584,0.8093541860580444,0.12246987968683243,1.4148249626159668,0.3021647036075592,-0.3646268844604492,-0.055633317679166794,-0.8790044188499451
460221,1775274348.641695,0.80768883228302,0.1222919449210167,1.4126583337783813,0.31298285722732544,-0.3615127205848694,-0.0586744025349617,-0.8763034343719482
460222,1775274348.6528063,0.805950939655304,0.12183291465044022,1.4105108976364136,0.32255101203918457,-0.35810720920562744,-0.06299415975809097,-0.8739290237426758
460223,1775274348.6639173,0.8038967251777649,0.12139924615621567,1.4083410501480103,0.3326455056667328,-0.3557351529598236,-0.0659106895327568,-0.8708933591842651
460224,1775274348.6750283,0.8016182780265808,0.12101171165704727,1.4064449071884155,0.34279170632362366,-0.3537297248840332,-0.06961297988891602,-0.8674808740615845
460225,1775274348.6861396,0.7996557354927063,0.12052635848522186,1.404731273651123,0.35279110074043274,-0.35118621587753296,-0.07423770427703857,-0.8641153573989868
460226,1775274348.6972506,0.7976728677749634,0.12020304799079895,1.402618408203125,0.3607769310474396,-0.34760692715644836,-0.07903427630662918,-0.8618369698524475
460227,1775274348.7083619,0.7954888343811035,0.11999628692865372,1.4005471467971802,0.3698694109916687,-0.34450775384902954,-0.08386481553316116,-0.8587652444839478
460228,1775274348.719473,0.7944329977035522,0.11862091720104218,1.3986231088638306,0.379779577255249,-0.3421674370765686,-0.08308212459087372,-0.8554450869560242
460229,1775274348.730584,0.7977175116539001,0.11511029303073883,1.3936457633972168,0.3937991261482239,-0.33930644392967224,-0.06408222764730453,-0.8518726825714111
460230,1775274348.7416952,0.8014071583747864,0.11384588479995728,1.3864566087722778,0.41216617822647095,-0.3439280390739441,-0.04218919202685356,-0.8426462411880493
460231,1775274348.7528062,0.8054049611091614,0.11175454407930374,1.3783267736434937,0.43552669882774353,-0.3513319194316864,-0.01659880019724369,-0.8286174535751343
460232,1775274348.7639172,0.8090027570724487,0.10907305777072906,1.3698458671569824,0.45891639590263367,-0.3535647690296173,0.009180529974400997,-0.815048098564148
460233,1775274348.7750285,0.8120722770690918,0.10641087591648102,1.3615108728408813,0.4819048345088959,-0.3533244729042053,0.03538079559803009,-0.8010479807853699
460234,1775274348.7861395,0.8151134848594666,0.10351597517728806,1.3525696992874146,0.5081570744514465,-0.3527197241783142,0.059874460101127625,-0.7834413647651672
460235,1775274348.7972507,0.8175269961357117,0.10118651390075684,1.3434821367263794,0.5364652276039124,-0.3510170578956604,0.08448781818151474,-0.7627935409545898
460236,1775274348.8083618,0.8196788430213928,0.09865507483482361,1.3340747356414795,0.5652786493301392,-0.347819983959198,0.10724025964736938,-0.7402573227882385
460237,1775274348.8194728,0.8217135667800903,0.09628235548734665,1.3249995708465576,0.5936883687973022,-0.34308066964149475,0.12952591478824615,-0.7162771224975586
460238,1775274348.830584,0.8223728537559509,0.0942218154668808,1.3161134719848633,0.6202656626701355,-0.3397662043571472,0.14896920323371887,-0.6911134123802185
460239,1775274348.841695,0.8230792880058289,0.09272438287734985,1.3072199821472168,0.6465787291526794,-0.3352759778499603,0.16660402715206146,-0.6646571159362793
460240,1775274348.852806,0.8234502077102661,0.09093362092971802,1.2986483573913574,0.6736946105957031,-0.3271079659461975,0.18228742480278015,-0.6371086239814758
460241,1775274348.8639174,0.8235494494438171,0.08830609172582626,1.2902597188949585,0.699382483959198,-0.3181900382041931,0.19784538447856903,-0.6086678504943848
460242,1775274348.8750284,0.8236773610115051,0.08589325100183487,1.2819823026657104,0.724510133266449,-0.30719801783561707,0.21222363412380219,-0.579375147819519
460243,1775274348.8861396,0.8233695030212402,0.08407902717590332,1.2740217447280884,0.7478262782096863,-0.2956995368003845,0.22541719675064087,-0.5500043034553528
460244,1775274348.8972507,0.8225994110107422,0.08162002265453339,1.2663578987121582,0.772121787071228,-0.2818949818611145,0.23793549835681915,-0.5174455046653748
460245,1775274348.9083617,0.822487473487854,0.07945699989795685,1.2586733102798462,0.7937090992927551,-0.26811426877975464,0.2504776120185852,-0.4851822257041931
460246,1775274348.919473,0.8224257230758667,0.07765470445156097,1.2512978315353394,0.813618004322052,-0.2537195384502411,0.26290595531463623,-0.45225298404693604
460247,1775274348.930584,0.8217654228210449,0.07597620785236359,1.2441457509994507,0.8323031067848206,-0.23986363410949707,0.27426576614379883,-0.4177502691745758
460248,1775274348.941695,0.8213921189308167,0.07505445182323456,1.2369481325149536,0.8495036959648132,-0.22486189007759094,0.28482136130332947,-0.38295885920524597
460249,1775274348.9528062,0.821067214012146,0.0741061270236969,1.2298260927200317,0.8648643493652344,-0.20998042821884155,0.29466718435287476,-0.34797897934913635
460250,1775274348.9639173,0.8206912279129028,0.07258251309394836,1.2229150533676147,0.8785684108734131,-0.19440658390522003,0.3043674826622009,-0.3125445544719696
460251,1775274348.9750285,0.8201572299003601,0.07144449651241302,1.2161879539489746,0.8906300067901611,-0.17941714823246002,0.31326067447662354,-0.2765060365200043
460252,1775274348.9861395,0.8198907971382141,0.07079222798347473,1.2096693515777588,0.9018102288246155,-0.1619933545589447,0.3204258680343628,-0.24046599864959717
460253,1775274348.9972506,0.8196325302124023,0.07024525851011276,1.202845573425293,0.9107781648635864,-0.1446196734905243,0.3288792073726654,-0.20348681509494781
460254,1775274349.0083618,0.818984866142273,0.0700627788901329,1.1963711977005005,0.918479859828949,-0.1285625398159027,0.33582308888435364,-0.1645885705947876
460255,1775274349.0194728,0.8186841607093811,0.07018758356571198,1.1900235414505005,0.9245931506156921,-0.11011669784784317,0.3420395255088806,-0.12653397023677826
460256,1775274349.0305839,0.818130373954773,0.07023009657859802,1.1835660934448242,0.9287673830986023,-0.09275591373443604,0.34801048040390015,-0.08761467784643173
460257,1775274349.041695,0.8176207542419434,0.07069950550794601,1.1768983602523804,0.9311718344688416,-0.07432442158460617,0.3534427285194397,-0.049731895327568054
460258,1775274349.0528061,0.8172762989997864,0.0714576467871666,1.170196533203125,0.9319360852241516,-0.05623430386185646,0.35806789994239807,-0.01096362341195345
460259,1775274349.0639174,0.8165516257286072,0.07212387025356293,1.163574457168579,0.9311168193817139,-0.039436232298612595,0.36163222789764404,0.026241905987262726
460260,1775274349.0750284,0.8157289028167725,0.07313297688961029,1.1567498445510864,0.9283478260040283,-0.020877351984381676,0.3652576804161072,0.06573658436536789
460261,1775274349.0861394,0.8148524761199951,0.07432049512863159,1.1500005722045898,0.9240818619728088,-0.0024990614037960768,0.3674077093601227,0.10525283217430115
460262,1775274349.0972507,0.8145372271537781,0.07603857666254044,1.1425738334655762,0.918062686920166,0.01636657491326332,0.36993563175201416,0.14156511425971985
460263,1775274349.1083617,0.814109206199646,0.07804206013679504,1.1352035999298096,0.9106459617614746,0.03476995974779129,0.37109121680259705,0.17834307253360748
460264,1775274349.119473,0.813776433467865,0.07835870236158371,1.1300382614135742,0.9044545888900757,0.04455403983592987,0.3710515797138214,0.20566411316394806
460265,1775274349.130584,0.8160206079483032,0.07666061073541641,1.1302571296691895,0.9038708806037903,0.029664386063814163,0.3716249167919159,0.2098388969898224
460266,1775274349.141695,0.8187322616577148,0.07743993401527405,1.130043864250183,0.9024072289466858,0.01452627032995224,0.37029874324798584,0.2198387086391449
460267,1775274349.1528063,0.8220342993736267,0.07691355049610138,1.128504753112793,0.9026133418083191,-0.00018023602024186403,0.36300384998321533,0.23133820295333862
460268,1775274349.1639173,0.8246402740478516,0.07754107564687729,1.1271528005599976,0.9028564691543579,-0.00790309626609087,0.35455843806266785,0.24305564165115356
460269,1775274349.1750283,0.8260916471481323,0.07779927551746368,1.1253936290740967,0.9020751118659973,-0.009218442253768444,0.34859800338745117,0.2542736530303955
460270,1775274349.1861396,0.8267844319343567,0.0781480073928833,1.1227022409439087,0.8991472125053406,-0.0022699751425534487,0.34790587425231934,0.2655007839202881
460271,1775274349.1972506,0.8262988328933716,0.07874204963445663,1.120407223701477,0.8943203091621399,0.006614771671593189,0.3500698506832123,0.2785654067993164
460272,1775274349.2083619,0.8252626061439514,0.07936349511146545,1.117929220199585,0.8882864117622375,0.016392912715673447,0.3547784090042114,0.2912229597568512
460273,1775274349.219473,0.8235920071601868,0.07996469736099243,1.1153719425201416,0.8823205232620239,0.02679375372827053,0.3599775433540344,0.3020079731941223
460274,1775274349.230584,0.8220607042312622,0.08093225210905075,1.1125534772872925,0.8756827116012573,0.03961118683218956,0.36620697379112244,0.312255322933197
460275,1775274349.2416952,0.8196634650230408,0.08184496313333511,1.1093075275421143,0.8687631487846375,0.055417973548173904,0.3712620437145233,0.32302331924438477
460276,1775274349.2528062,0.8172895312309265,0.08312983065843582,1.1059820652008057,0.8604610562324524,0.07270055264234543,0.3768165707588196,0.33515775203704834
460277,1775274349.2639172,0.8141299486160278,0.08434249460697174,1.1025549173355103,0.8529213070869446,0.09352989494800568,0.38135382533073425,0.3440156877040863
460278,1775274349.2750285,0.8107542991638184,0.08561263978481293,1.0993026494979858,0.8448888063430786,0.11605179309844971,0.386186420917511,0.35150405764579773
460279,1775274349.2861395,0.806871771812439,0.0869724452495575,1.0959351062774658,0.8362222909927368,0.1395363062620163,0.3916812241077423,0.3575579524040222
460280,1775274349.2972507,0.8021540641784668,0.08863900601863861,1.0927512645721436,0.8260533213615417,0.1630794107913971,0.39780208468437195,0.36441001296043396
460281,1775274349.3083618,0.7971497178077698,0.09055466949939728,1.0895416736602783,0.8155022859573364,0.19032783806324005,0.4049045145511627,0.36712929606437683
460282,1775274349.3194728,0.7917397618293762,0.09236038476228714,1.0864959955215454,0.8038639426231384,0.22071872651576996,0.4120495915412903,0.3678334057331085
460283,1775274349.330584,0.7856876254081726,0.09416371583938599,1.083211064338684,0.7906258702278137,0.24948064982891083,0.41937175393104553,0.3698613941669464
460284,1775274349.341695,0.7798441052436829,0.09621872007846832,1.0800985097885132,0.777317464351654,0.27884170413017273,0.42628300189971924,0.3691990077495575
460285,1775274349.352806,0.7737727761268616,0.09786192327737808,1.0766595602035522,0.7629883289337158,0.30761608481407166,0.4324198067188263,0.36909931898117065
460286,1775274349.3639174,0.7675397992134094,0.0992850512266159,1.0731502771377563,0.7480610013008118,0.33546215295791626,0.43881651759147644,0.36784496903419495
460287,1775274349.3750284,0.7612581253051758,0.1010383665561676,1.0698440074920654,0.7319599986076355,0.3649899959564209,0.44364476203918457,0.3663279414176941
460288,1775274349.3861396,0.754608154296875,0.10295632481575012,1.0663936138153076,0.7139407396316528,0.39372602105140686,0.4487175941467285,0.36595213413238525
460289,1775274349.3972507,0.7479977607727051,0.10445725172758102,1.0628001689910889,0.6959879994392395,0.42191722989082336,0.45218175649642944,0.3648538589477539
460290,1775274349.4083617,0.7414279580116272,0.10600383579730988,1.059020757675171,0.6772750616073608,0.4497065246105194,0.45577865839004517,0.3623926341533661
460291,1775274349.419473,0.7346251010894775,0.10759703814983368,1.0551860332489014,0.6571474075317383,0.47682324051856995,0.4596942067146301,0.3598308563232422
460292,1775274349.430584,0.7274873852729797,0.10920415818691254,1.0514379739761353,0.6366963982582092,0.5038628578186035,0.46125221252441406,0.3577518165111542
460293,1775274349.441695,0.720330536365509,0.11060669273138046,1.0473885536193848,0.615071713924408,0.5311044454574585,0.46295687556266785,0.3539573848247528
460294,1775274349.4528062,0.7130197882652283,0.11236240714788437,1.043321132659912,0.5927494764328003,0.5573781728744507,0.46443554759025574,0.3496818542480469
460295,1775274349.4639173,0.7058837413787842,0.11430543661117554,1.0388984680175781,0.5695732831954956,0.5814691185951233,0.46644991636276245,0.3462722897529602
460296,1775274349.4750285,0.6985695958137512,0.11580859869718552,1.0347145795822144,0.5463411808013916,0.6057187914848328,0.46720999479293823,0.34107333421707153
460297,1775274349.4861395,0.691153883934021,0.11739468574523926,1.030408263206482,0.5212638974189758,0.630090594291687,0.4667065143585205,0.3368304967880249
460298,1775274349.4972506,0.6841113567352295,0.11824619024991989,1.0276341438293457,0.5006757378578186,0.656790554523468,0.46150293946266174,0.3239830732345581
460299,1775274349.5083618,0.678015410900116,0.11928586661815643,1.0261744260787964,0.48260927200317383,0.6836517453193665,0.45561620593070984,0.3035171329975128
460300,1775274349.5194728,0.671721875667572,0.12111926823854446,1.0242289304733276,0.46703940629959106,0.7033557295799255,0.4531906843185425,0.28597742319107056
460301,1775274349.5305839,0.6654791235923767,0.12198793888092041,1.0224360227584839,0.45239537954330444,0.7223321199417114,0.4486166536808014,0.2689198851585388
460302,1775274349.541695,0.6592775583267212,0.12158724665641785,1.0207501649856567,0.43727749586105347,0.7395697832107544,0.4456433951854706,0.2514496445655823
460303,1775274349.5528061,0.6531012654304504,0.12242690473794937,1.0186991691589355,0.42047953605651855,0.7570793628692627,0.4425806701183319,0.23270227015018463
460304,1775274349.5639174,0.6470704674720764,0.12332707643508911,1.0168465375900269,0.4043232202529907,0.7722201347351074,0.44075432419776917,0.21432343125343323
460305,1775274349.5750284,0.6406950354576111,0.12375901639461517,1.0151057243347168,0.38719573616981506,0.7883961796760559,0.43564414978027344,0.1967877298593521
460306,1775274349.5861394,0.6344048380851746,0.12377050518989563,1.0132440328598022,0.37088096141815186,0.802628755569458,0.4316079020500183,0.17874296009540558
460307,1775274349.5972507,0.6283263564109802,0.12464077770709991,1.011255145072937,0.3540550768375397,0.8166458010673523,0.42603927850723267,0.16194206476211548
460308,1775274349.6083617,0.6218223571777344,0.1251070201396942,1.0094305276870728,0.337533563375473,0.8290833830833435,0.4216568171977997,0.14455975592136383
460309,1775274349.619473,0.6156437397003174,0.12517672777175903,1.007560133934021,0.3193318545818329,0.8414943814277649,0.41655075550079346,0.12806223332881927
460310,1775274349.630584,0.6094396114349365,0.1255667507648468,1.0055887699127197,0.30177584290504456,0.853360652923584,0.4103599488735199,0.1109573096036911
460311,1775274349.641695,0.6030258536338806,0.1257423460483551,1.0036160945892334,0.284062922000885,0.8643093705177307,0.4040728211402893,0.09488419443368912
460312,1775274349.6528063,0.5966868996620178,0.12585709989070892,1.001712679862976,0.2660643756389618,0.8751976490020752,0.39630961418151855,0.0785980075597763
460313,1775274349.6639173,0.5904954671859741,0.12597480416297913,0.9998301267623901,0.2482082098722458,0.884489893913269,0.39008718729019165,0.062469594180583954
460314,1775274349.6750283,0.5842713713645935,0.12619122862815857,0.9977087378501892,0.22840648889541626,0.8941238522529602,0.3823045790195465,0.04707688093185425
460315,1775274349.6861396,0.5789992213249207,0.12684772908687592,0.9960112571716309,0.21258634328842163,0.9010713696479797,0.3764844536781311,0.03371824324131012
460316,1775274349.6972506,0.5782684683799744,0.1295217126607895,0.9949691295623779,0.20402678847312927,0.9032356142997742,0.37630560994148254,0.0305379219353199
460317,1775274349.7083619,0.579958975315094,0.13193991780281067,0.9957506656646729,0.19818469882011414,0.9044923186302185,0.376749187707901,0.02600794844329357
460318,1775274349.719473,0.5821045637130737,0.13320887088775635,0.9961761236190796,0.1924942582845688,0.9055779576301575,0.37736964225769043,0.021601924672722816
460319,1775274349.730584,0.5844420194625854,0.13330836594104767,0.9968210458755493,0.1858564168214798,0.9074128270149231,0.37648770213127136,0.017785919830203056
460320,1775274349.7416952,0.5864824652671814,0.13193267583847046,0.9972853064537048,0.1786261796951294,0.9087191820144653,0.3770204782485962,0.013329688459634781
460321,1775274349.7528062,0.5886398553848267,0.12979060411453247,0.997825026512146,0.17207211256027222,0.9103200435638428,0.3763441741466522,0.008576765656471252
460322,1775274349.7639172,0.5908600091934204,0.12624140083789825,0.9984079599380493,0.1653216928243637,0.9118227958679199,0.3757999837398529,0.004730882588773966
460323,1775274349.7750285,0.5923429727554321,0.12404760718345642,0.9986921548843384,0.16673262417316437,0.9109704494476318,0.37725716829299927,0.00318033155053854
460324,1775274349.7861395,0.5938222408294678,0.1266022026538849,0.999038815498352,0.17163270711898804,0.9096814393997192,0.37816035747528076,0.004098176024854183
460325,1775274349.7972507,0.5950631499290466,0.12855011224746704,0.9992972016334534,0.17732509970664978,0.9083316922187805,0.3787536323070526,0.005929481238126755
460326,1775274349.8083618,0.5963200330734253,0.12946197390556335,0.9997173547744751,0.1836336851119995,0.9067555069923401,0.37950384616851807,0.007068078964948654
460327,1775274349.8194728,0.5973296761512756,0.1292034238576889,1.000133991241455,0.1912333071231842,0.9048143029212952,0.3803431987762451,0.008943486958742142
460328,1775274349.830584,0.5987941026687622,0.12747947871685028,1.0000396966934204,0.1962105631828308,0.9035104513168335,0.38087353110313416,0.010289878584444523
460329,1775274349.841695,0.6001774072647095,0.12504766881465912,1.0001537799835205,0.20174559950828552,0.9013237357139587,0.38312140107154846,0.011499796062707901
460330,1775274349.852806,0.6015693545341492,0.1253601312637329,1.0003576278686523,0.20704543590545654,0.8999371528625488,0.3835311233997345,0.012214845977723598
460331,1775274349.8639174,0.6031979918479919,0.1271887868642807,1.0003931522369385,0.21289600431919098,0.8988166451454163,0.3828931748867035,0.014026246033608913
460332,1775274349.8750284,0.6050354242324829,0.12794862687587738,1.0007983446121216,0.21796564757823944,0.8973727226257324,0.38339710235595703,0.014827911742031574
460333,1775274349.8861396,0.6065042018890381,0.1275789886713028,1.0008901357650757,0.22318294644355774,0.8959740400314331,0.38361355662345886,0.0161446463316679
460334,1775274349.8972507,0.6085692048072815,0.12596310675144196,1.0011451244354248,0.22884760797023773,0.8946983218193054,0.38319718837738037,0.017425499856472015
460335,1775274349.9083617,0.6101758480072021,0.12505291402339935,1.0013364553451538,0.2344018518924713,0.8933601379394531,0.3829057514667511,0.018617849797010422
460336,1775274349.919473,0.6120340824127197,0.12647034227848053,1.0014747381210327,0.24041098356246948,0.8916887044906616,0.38298407196998596,0.020424004644155502
460337,1775274349.930584,0.6136930584907532,0.12702786922454834,1.0011403560638428,0.246529221534729,0.8904468417167664,0.3818340003490448,0.02303752675652504
460338,1775274349.941695,0.6154815554618835,0.1263769418001175,1.0012781620025635,0.2527148127555847,0.8886398077011108,0.3818502426147461,0.025395791977643967
460339,1775274349.9528062,0.6174430251121521,0.12532943487167358,1.0013673305511475,0.25884103775024414,0.8868288397789001,0.3818504512310028,0.02694796957075596
460340,1775274349.9639173,0.619189977645874,0.12605232000350952,1.0011738538742065,0.26539111137390137,0.8848835825920105,0.3816799819469452,0.029481876641511917
460341,1775274349.9750285,0.6210169792175293,0.12668642401695251,1.0009300708770752,0.2720833122730255,0.8831063508987427,0.38091951608657837,0.03153084218502045
460342,1775274349.9861395,0.6230438947677612,0.12592406570911407,1.0009194612503052,0.27727264165878296,0.8822214603424072,0.37907618284225464,0.0332643985748291
460343,1775274349.9972506,0.6250647902488708,0.12574931979179382,1.0007309913635254,0.28450801968574524,0.8801575303077698,0.3782486319541931,0.03613743185997009
460344,1775274350.0083618,0.6269779801368713,0.12642699480056763,1.0006295442581177,0.29121971130371094,0.8783388137817383,0.37708109617233276,0.03901095688343048
460345,1775274350.0194728,0.6288060545921326,0.126300647854805,1.000207543373108,0.297963947057724,0.8765869736671448,0.3755144774913788,0.04244905710220337
460346,1775274350.0305839,0.6307168006896973,0.12590371072292328,0.9998612403869629,0.30447059869766235,0.8749642968177795,0.37381312251091003,0.04471057280898094
460347,1775274350.041695,0.6328541040420532,0.1262022703886032,0.9992808699607849,0.3103310167789459,0.873435378074646,0.37219128012657166,0.0477382130920887
460348,1775274350.0528061,0.6349981427192688,0.12636767327785492,0.9990345239639282,0.3180716931819916,0.8713678121566772,0.3701525926589966,0.050356175750494
460349,1775274350.0639174,0.6369504332542419,0.12616075575351715,0.9986319541931152,0.32418423891067505,0.8696187138557434,0.36851057410240173,0.05355235934257507
460350,1775274350.0750284,0.6390957832336426,0.12623371183872223,0.9980748891830444,0.33012351393699646,0.8682866096496582,0.3658846318721771,0.05679098144173622
460351,1775274350.0861394,0.640920877456665,0.12636816501617432,0.9974851012229919,0.3374456763267517,0.8662863969802856,0.3633030354976654,0.0607387013733387
460352,1775274350.0972507,0.643208920955658,0.12624086439609528,0.9969924688339233,0.34390369057655334,0.8644312620162964,0.3610430955886841,0.0643184706568718
460353,1775274350.1083617,0.6451661586761475,0.12632699310779572,0.9962204098701477,0.3506292700767517,0.8626409769058228,0.3583484888076782,0.06705394387245178
460354,1775274350.119473,0.647171139717102,0.12648922204971313,0.99562007188797,0.3569341003894806,0.8610658645629883,0.35528504848480225,0.07025744020938873
460355,1775274350.130584,0.6492852568626404,0.12643904983997345,0.9947381019592285,0.36238446831703186,0.8594735860824585,0.35280752182006836,0.07422695308923721
460356,1775274350.141695,0.6513310074806213,0.12661093473434448,0.9939786791801453,0.37034326791763306,0.8571426868438721,0.34941646456718445,0.07784845679998398
460357,1775274350.1528063,0.6533012986183167,0.12657524645328522,0.9933717250823975,0.37633204460144043,0.8553987145423889,0.3465363681316376,0.08111654222011566
460358,1775274350.1639173,0.6555519104003906,0.12666279077529907,0.992466390132904,0.38219770789146423,0.8537196516990662,0.34328484535217285,0.08510706573724747
460359,1775274350.1750283,0.6575515866279602,0.12657125294208527,0.9915854930877686,0.38870975375175476,0.8519976139068604,0.3393484055995941,0.08858661353588104
460360,1775274350.1861396,0.6595202684402466,0.12656694650650024,0.9907832145690918,0.3945593535900116,0.8504114747047424,0.335696816444397,0.09182064980268478
460361,1775274350.1972506,0.6615875959396362,0.12663941085338593,0.9899941682815552,0.40095701813697815,0.8480731844902039,0.33293887972831726,0.09569253027439117
460362,1775274350.2083619,0.663486897945404,0.126633420586586,0.9891331195831299,0.40725672245025635,0.8459162712097168,0.32976534962654114,0.09910764545202255
460363,1775274350.219473,0.6656638979911804,0.12684477865695953,0.9884178638458252,0.4132707118988037,0.8438515663146973,0.32641273736953735,0.10284300893545151
460364,1775274350.230584,0.6676780581474304,0.12688522040843964,0.9876357913017273,0.41949063539505005,0.8417626023292542,0.3228072226047516,0.10610847175121307
460365,1775274350.2416952,0.6697676777839661,0.12683755159378052,0.9869383573532104,0.4257614314556122,0.8394174575805664,0.3193603456020355,0.11006659269332886
460366,1775274350.2528062,0.6717329025268555,0.1267465054988861,0.9861463308334351,0.4315219223499298,0.8371448516845703,0.3164937198162079,0.11317712068557739
460367,1775274350.2639172,0.6737748980522156,0.12673965096473694,0.9854252934455872,0.43660613894462585,0.8352866172790527,0.3130393624305725,0.1169518381357193
460368,1775274350.2750285,0.6758144497871399,0.12664835155010223,0.9846495985984802,0.4422912299633026,0.8332045674324036,0.30909690260887146,0.12086285650730133
460369,1775274350.2861395,0.6777710318565369,0.12666332721710205,0.9839694499969482,0.44882044196128845,0.8305884599685669,0.3057042360305786,0.12340203672647476
460370,1775274350.2972507,0.6796945333480835,0.12664078176021576,0.9830976724624634,0.45549461245536804,0.8270648121833801,0.3038613200187683,0.12710948288440704
460371,1775274350.3083618,0.6817853450775146,0.12667879462242126,0.9824386835098267,0.4610545337200165,0.8246036767959595,0.30066290497779846,0.13061127066612244
460372,1775274350.3194728,0.6837556958198547,0.12647372484207153,0.9815943241119385,0.46635374426841736,0.8226508498191833,0.29626449942588806,0.13411612808704376
460373,1775274350.330584,0.685836136341095,0.12623471021652222,0.9808633327484131,0.47216594219207764,0.8198255300521851,0.29310718178749084,0.1379624903202057
460374,1775274350.341695,0.6877110600471497,0.12619957327842712,0.9801798462867737,0.4778590798377991,0.817086935043335,0.28997328877449036,0.1411922574043274
460375,1775274350.352806,0.6899242401123047,0.12625263631343842,0.9794268608093262,0.4837192893028259,0.8140791058540344,0.28741469979286194,0.1438187062740326
460376,1775274350.3639174,0.6920358538627625,0.12613709270954132,0.9788321256637573,0.48879480361938477,0.8117973208427429,0.2836686372756958,0.14695891737937927
460377,1775274350.3750284,0.6940872669219971,0.1258677840232849,0.9780941009521484,0.4952770471572876,0.8083943724632263,0.28003954887390137,0.15092045068740845
460378,1775274350.3861396,0.6961861848831177,0.12550725042819977,0.9775542616844177,0.5019246339797974,0.8048713803291321,0.27649855613708496,0.15428023040294647
460379,1775274350.3972507,0.6980882883071899,0.1254625916481018,0.9767026901245117,0.5078051686286926,0.8012358546257019,0.2745455205440521,0.15741662681102753
460380,1775274350.4083617,0.7004181146621704,0.1254228800535202,0.9762648344039917,0.5140984654426575,0.7976394891738892,0.2712944447994232,0.1608520746231079
460381,1775274350.419473,0.7023754119873047,0.12515319883823395,0.9756489992141724,0.5195431709289551,0.7946639657020569,0.26764658093452454,0.16416268050670624
460382,1775274350.430584,0.7045788168907166,0.12497195601463318,0.9751729965209961,0.5247955918312073,0.7914120554924011,0.2642914354801178,0.16854232549667358
460383,1775274350.441695,0.7065948843955994,0.12491655349731445,0.9747321605682373,0.5310985445976257,0.7875413298606873,0.2616531252861023,0.17102813720703125
460384,1775274350.4528062,0.7087279558181763,0.1247410923242569,0.9741241931915283,0.5363222360610962,0.7839816212654114,0.25992095470428467,0.17370201647281647
460385,1775274350.4639173,0.7107255458831787,0.12470220029354095,0.9737648963928223,0.5415729880332947,0.7806518077850342,0.25696104764938354,0.17678377032279968
460386,1775274350.4750285,0.7127097845077515,0.124351866543293,0.9732687473297119,0.5473575592041016,0.7768123745918274,0.2540583610534668,0.18004576861858368
460387,1775274350.4861395,0.7145177125930786,0.12425972521305084,0.9728151559829712,0.5516486763954163,0.7739430069923401,0.2511499524116516,0.18335717916488647
460388,1775274350.4972506,0.7164166569709778,0.12425487488508224,0.9723144769668579,0.5567091703414917,0.7707754373550415,0.24835458397865295,0.18520371615886688
460389,1775274350.5083618,0.7182019948959351,0.1242070347070694,0.9717307090759277,0.5624287724494934,0.7668582201004028,0.24595536291599274,0.1873721182346344
460390,1775274350.5194728,0.7199466228485107,0.12400659918785095,0.9711570739746094,0.5663662552833557,0.7641213536262512,0.24314843118190765,0.19033294916152954
460391,1775274350.5305839,0.7216557860374451,0.12378530204296112,0.9707534909248352,0.5710992217063904,0.7607313394546509,0.24041615426540375,0.1932193785905838
460392,1775274350.541695,0.7233582735061646,0.12352777272462845,0.9701778292655945,0.5757310390472412,0.757563054561615,0.23718968033790588,0.1958906203508377
460393,1775274350.5528061,0.7249649167060852,0.1234700083732605,0.9697767496109009,0.5795461535453796,0.7545951008796692,0.23464922606945038,0.19912907481193542
460394,1775274350.5639174,0.7267624139785767,0.12340851873159409,0.9692741632461548,0.5835661888122559,0.7515447735786438,0.23174653947353363,0.2022981345653534
460395,1775274350.5750284,0.7282957434654236,0.123177170753479,0.9685393571853638,0.5877345204353333,0.7483400702476501,0.22996219992637634,0.20413880050182343
460396,1775274350.5861394,0.7299559116363525,0.12288413941860199,0.9680909514427185,0.5927563905715942,0.7443397045135498,0.22694891691207886,0.20758722722530365
460397,1775274350.5972507,0.7313510179519653,0.12270203977823257,0.9675357341766357,0.5967192053794861,0.7414173483848572,0.22365809977054596,0.2102465182542801
460398,1775274350.6083617,0.7331258058547974,0.12248983234167099,0.9670264720916748,0.6002056002616882,0.738872230052948,0.22036431729793549,0.21274584531784058
460399,1775274350.619473,0.7348809838294983,0.12233449518680573,0.9665765762329102,0.6042582988739014,0.7356435060501099,0.21620039641857147,0.21669822931289673
460400,1775274350.630584,0.7363698482513428,0.1221681460738182,0.9658068418502808,0.608512282371521,0.7321628332138062,0.21427670121192932,0.2184855043888092
460401,1775274350.641695,0.7379985451698303,0.12201998382806778,0.9649389982223511,0.61358243227005,0.7279372811317444,0.2123272866010666,0.22032056748867035
460402,1775274350.6528063,0.7396990060806274,0.12175322324037552,0.9643393754959106,0.6170560717582703,0.7248956561088562,0.20854485034942627,0.2242257297039032
460403,1775274350.6639173,0.7413443922996521,0.12134309113025665,0.9637928009033203,0.6204046010971069,0.7218933701515198,0.20484860241413116,0.22804659605026245
460404,1775274350.6750283,0.7430683970451355,0.12113860994577408,0.9631977081298828,0.6248056292533875,0.7181689739227295,0.20108741521835327,0.23111745715141296
460405,1775274350.6861396,0.7448092699050903,0.12071051448583603,0.9625144004821777,0.6290264129638672,0.714155375957489,0.19825686514377594,0.23452551662921906
460406,1775274350.6972506,0.7465092539787292,0.12051762640476227,0.9616684317588806,0.633374035358429,0.7105793952941895,0.19520476460456848,0.2362404465675354
460407,1775274350.7083619,0.7482256293296814,0.120116226375103,0.9607431888580322,0.638280987739563,0.7063155174255371,0.19176524877548218,0.2386251986026764
460408,1775274350.719473,0.7499886751174927,0.11966126412153244,0.9600672125816345,0.6429532766342163,0.7019271850585938,0.18855273723602295,0.2415723353624344
460409,1775274350.730584,0.7519006729125977,0.1193525642156601,0.9599090814590454,0.6457469463348389,0.6990320086479187,0.18334129452705383,0.246477410197258
460410,1775274350.7416952,0.7538200616836548,0.11913944035768509,0.9590001702308655,0.6502054929733276,0.6947559714317322,0.1807934194803238,0.24871818721294403
460411,1775274350.7528062,0.7555925846099854,0.11888626962900162,0.9582134485244751,0.6541047692298889,0.6908594965934753,0.17732274532318115,0.2518271803855896
460412,1775274350.7639172,0.7573608756065369,0.11844384670257568,0.9575451016426086,0.6591500639915466,0.6858989596366882,0.17427532374858856,0.2543461322784424
460413,1775274350.7750285,0.7592145204544067,0.11824990808963776,0.9567086696624756,0.6638102531433105,0.6813051104545593,0.171149343252182,0.25668495893478394
460414,1775274350.7861395,0.7611057758331299,0.11790125072002411,0.956455647945404,0.6674516201019287,0.6772496700286865,0.1669449806213379,0.2607120871543884
460415,1775274350.7972507,0.7628659605979919,0.11758875846862793,0.9559236168861389,0.6709741950035095,0.6735600233078003,0.1636621356010437,0.26329702138900757
460416,1775274350.8083618,0.7645604014396667,0.11732842773199081,0.955356240272522,0.6743981242179871,0.6698333024978638,0.15953901410102844,0.2665668725967407
460417,1775274350.8194728,0.7661551237106323,0.11696793884038925,0.9546643495559692,0.6788347363471985,0.6650691628456116,0.15573903918266296,0.26946571469306946
460418,1775274350.830584,0.767815887928009,0.11677615344524384,0.9537742733955383,0.6832572817802429,0.6607629060745239,0.15416154265403748,0.26978909969329834
460419,1775274350.841695,0.7694001793861389,0.11647846549749374,0.9530965685844421,0.6874704957008362,0.6561035513877869,0.15065692365169525,0.2724243700504303
460420,1775274350.852806,0.7711047530174255,0.11613542586565018,0.9529480338096619,0.6902685165405273,0.6524128317832947,0.14633265137672424,0.27653878927230835
460421,1775274350.8639174,0.7727649807929993,0.11574479937553406,0.9526525139808655,0.6931980848312378,0.6488909125328064,0.14328517019748688,0.27908146381378174
460422,1775274350.8750284,0.7743319869041443,0.11562250554561615,0.9519535303115845,0.6971510648727417,0.6443729400634766,0.14016325771808624,0.2812797725200653
460423,1775274350.8861396,0.7757382392883301,0.11537580192089081,0.951227605342865,0.7014546394348145,0.6396562457084656,0.1378912478685379,0.2824665307998657
460424,1775274350.8972507,0.7771602869033813,0.1151152178645134,0.9503917694091797,0.7055772542953491,0.6350367665290833,0.1353895664215088,0.28382864594459534
460425,1775274350.9083617,0.7787721157073975,0.11480666697025299,0.950057864189148,0.7083292007446289,0.6314253807067871,0.13206863403320312,0.2865825891494751
460426,1775274350.919473,0.7805050611495972,0.11461401730775833,0.9499320387840271,0.7097522616386414,0.6290251016616821,0.1282125562429428,0.29007038474082947
460427,1775274350.930584,0.7817409038543701,0.1142570823431015,0.9494780898094177,0.712583065032959,0.6252973079681396,0.12484477460384369,0.29264727234840393
460428,1775274350.941695,0.7828657031059265,0.11385135352611542,0.9490407705307007,0.7163711786270142,0.6207305192947388,0.12181932479143143,0.2943909466266632
460429,1775274350.9528062,0.7843376994132996,0.11360704153776169,0.9486190676689148,0.7194545865058899,0.6168519854545593,0.11932440847158432,0.2960413992404938
460430,1775274350.9639173,0.785620391368866,0.11347295343875885,0.9481104016304016,0.7227168083190918,0.6130194067955017,0.11804769933223724,0.2965676784515381
460431,1775274350.9750285,0.7867061495780945,0.11320502310991287,0.9475290775299072,0.7259321212768555,0.6091644763946533,0.1150415763258934,0.29783686995506287
460432,1775274350.9861395,0.7879793643951416,0.11301460862159729,0.9470618963241577,0.7289270162582397,0.6052351593971252,0.11245579272508621,0.2995156943798065
460433,1775274350.9972506,0.7891860008239746,0.11279188841581345,0.9466695189476013,0.7310484051704407,0.6023854613304138,0.11055994033813477,0.3007931411266327
460434,1775274351.0083618,0.7903782725334167,0.11237934976816177,0.9464874267578125,0.7327296733856201,0.5992792844772339,0.10750573128461838,0.30399712920188904
460435,1775274351.0194728,0.7915505766868591,0.11218250542879105,0.9461729526519775,0.7347313761711121,0.5962313413619995,0.1050487607717514,0.30601102113723755
460436,1775274351.0305839,0.7926269769668579,0.11201123893260956,0.945970892906189,0.73739093542099,0.5926938056945801,0.10224830359220505,0.3074312210083008
460437,1775274351.041695,0.7935385704040527,0.11181225627660751,0.9456911683082581,0.7398031949996948,0.5894082188606262,0.10007749497890472,0.3086644411087036
460438,1775274351.0528061,0.7944146394729614,0.1116480827331543,0.9451912045478821,0.7420540452003479,0.5864638686180115,0.09877269715070724,0.3092896044254303
460439,1775274351.0639174,0.7955470681190491,0.11150390654802322,0.9447690844535828,0.7445178031921387,0.5833224058151245,0.0969284176826477,0.30989211797714233
460440,1775274351.0750284,0.7964149117469788,0.11141517758369446,0.9444512128829956,0.746551513671875,0.5804320573806763,0.09456373751163483,0.3111547827720642
460441,1775274351.0861394,0.7972783446311951,0.11126461625099182,0.9440473914146423,0.7479209899902344,0.5780364274978638,0.09347528964281082,0.3126508891582489
460442,1775274351.0972507,0.7979336380958557,0.11097580194473267,0.9437757730484009,0.7494915723800659,0.5757459402084351,0.09145747870206833,0.3137109577655792
460443,1775274351.1083617,0.7988584041595459,0.11076772212982178,0.9434645771980286,0.7516722083091736,0.5725825428962708,0.0896926000714302,0.3147912621498108
460444,1775274351.119473,0.7996822595596313,0.11053353548049927,0.9433938264846802,0.7518230080604553,0.5714703798294067,0.08785916119813919,0.31696149706840515
460445,1775274351.130584,0.8004233837127686,0.11048854887485504,0.9432392716407776,0.7530906200408936,0.5694546699523926,0.08583378791809082,0.31813281774520874
460446,1775274351.141695,0.8009880781173706,0.11035866290330887,0.9429675340652466,0.7544381618499756,0.567328155040741,0.083611860871315,0.31932899355888367
460447,1775274351.1528063,0.8014948964118958,0.11017391830682755,0.9427534341812134,0.7553586959838867,0.5657464265823364,0.0818294957280159,0.3204188048839569
460448,1775274351.1639173,0.8019827008247375,0.11007322371006012,0.942577600479126,0.7562094330787659,0.5640995502471924,0.08082891255617142,0.32156747579574585
460449,1775274351.1750283,0.8024598360061646,0.11002657562494278,0.9424418210983276,0.7570110559463501,0.5626992583274841,0.08015920966863632,0.32230144739151
460450,1775274351.1861396,0.8029434680938721,0.11005795001983643,0.942273736000061,0.7575365900993347,0.5617882013320923,0.07933923602104187,0.3228585124015808
460451,1775274351.1972506,0.8033263683319092,0.10997609794139862,0.9420803189277649,0.7581948637962341,0.5605942010879517,0.07843156903982162,0.3236098885536194
460452,1775274351.2083619,0.8036422729492188,0.10988056659698486,0.9419509768486023,0.7586708068847656,0.5595966577529907,0.07755468040704727,0.32443106174468994
460453,1775274351.219473,0.8039760589599609,0.1098465695977211,0.9418045878410339,0.7595072984695435,0.5583582520484924,0.0765969306230545,0.32483503222465515
460454,1775274351.230584,0.8042333126068115,0.10986224561929703,0.9416152238845825,0.7600948214530945,0.5574122667312622,0.0762171670794487,0.3251747190952301
460455,1775274351.2416952,0.8043678402900696,0.10988783836364746,0.9414113759994507,0.7606561779975891,0.5565680265426636,0.07590530812740326,0.32538074254989624
460456,1775274351.2528062,0.8045629262924194,0.10987000912427902,0.9412373900413513,0.760715126991272,0.5564160943031311,0.0754091888666153,0.32561835646629333
460457,1775274351.2639172,0.8045544028282166,0.1098923310637474,0.9407793283462524,0.7613420486450195,0.5559501647949219,0.0752606987953186,0.3249823749065399
460458,1775274351.2750285,0.8045856952667236,0.10985594987869263,0.9405839443206787,0.7611672282218933,0.5560727715492249,0.07481860369443893,0.32528403401374817
460459,1775274351.2861395,0.8045939207077026,0.1098439022898674,0.9404822587966919,0.7610310912132263,0.556231677532196,0.0745033323764801,0.32540351152420044
460460,1775274351.2972507,0.8045984506607056,0.10983141511678696,0.9403643012046814,0.7608424425125122,0.5564079284667969,0.07430844008922577,0.32558757066726685
460461,1775274351.3083618,0.8045510649681091,0.10983089357614517,0.9401944875717163,0.7605912685394287,0.5566148161888123,0.07431033253669739,0.32582029700279236
460462,1775274351.3194728,0.8045048117637634,0.10983278602361679,0.9400453567504883,0.7600932121276855,0.5569153428077698,0.07413104921579361,0.3265090882778168
460463,1775274351.330584,0.8043953776359558,0.10984829068183899,0.9399831891059875,0.75958651304245,0.5573723912239075,0.07423485815525055,0.326884925365448
460464,1775274351.341695,0.8042154312133789,0.109927698969841,0.939939022064209,0.759135901927948,0.557919442653656,0.07441334426403046,0.3269576132297516
460465,1775274351.352806,0.8039404153823853,0.10999179631471634,0.9399052858352661,0.7585588693618774,0.5586620569229126,0.07486351579427719,0.32692599296569824
460466,1775274351.3639174,0.8036887049674988,0.11002042889595032,0.9398812055587769,0.7580134272575378,0.5593376755714417,0.0746782049536705,0.3270782232284546
460467,1775274351.3750284,0.8033730983734131,0.11005847901105881,0.9398632049560547,0.7574455142021179,0.5597522854804993,0.07462186366319656,0.32769694924354553
460468,1775274351.3861396,0.8030384182929993,0.11015293002128601,0.9398221969604492,0.7564818859100342,0.5610386729240417,0.07500649988651276,0.3276352286338806
460469,1775274351.3972507,0.8026489019393921,0.11018428951501846,0.9398890733718872,0.7551237940788269,0.5628084540367126,0.07518479973077774,0.32769203186035156
460470,1775274351.4083617,0.8022292852401733,0.11024743318557739,0.9399486780166626,0.7539620995521545,0.5640852451324463,0.07573170214891434,0.32804548740386963
460471,1775274351.419473,0.8016771078109741,0.11037744581699371,0.9400424361228943,0.7525497078895569,0.5658078193664551,0.07647286355495453,0.3281497061252594
460472,1775274351.430584,0.8011530637741089,0.11047650873661041,0.9400830864906311,0.7513793110847473,0.567214846611023,0.07746505737304688,0.3281702995300293
460473,1775274351.441695,0.8007635474205017,0.11054873466491699,0.9403148889541626,0.7495899200439453,0.5691330432891846,0.07811559736728668,0.3287866711616516
460474,1775274351.4528062,0.8001744151115417,0.11072951555252075,0.9403194785118103,0.7482014298439026,0.5710912942886353,0.07896305620670319,0.3283507227897644
460475,1775274351.4639173,0.799436092376709,0.11093565821647644,0.940325140953064,0.7471686601638794,0.5726286768913269,0.07972561568021774,0.32784032821655273
460476,1775274351.4750285,0.7987362742424011,0.11110291630029678,0.9403491616249084,0.7453765273094177,0.5750165581703186,0.08053220063447952,0.32754290103912354
460477,1775274351.4861395,0.7980998754501343,0.11133399605751038,0.9402406811714172,0.7442170977592468,0.5770987272262573,0.0827304795384407,0.3259657025337219
460478,1775274351.4972506,0.797252357006073,0.11149200052022934,0.9401665925979614,0.7427109479904175,0.5794896483421326,0.0842343345284462,0.32477208971977234
460479,1775274351.5083618,0.7964485287666321,0.11169229447841644,0.9401795864105225,0.7408145070075989,0.5819864273071289,0.08545055240392685,0.32432055473327637
460480,1775274351.5194728,0.7956606149673462,0.11191082745790482,0.9403014779090881,0.7394108772277832,0.5840117931365967,0.08710744976997375,0.32344117760658264
460481,1775274351.5305839,0.7948241829872131,0.11202671378850937,0.9405288696289062,0.7375348210334778,0.5869362950325012,0.0882653146982193,0.3221141993999481
460482,1775274351.541695,0.7938374280929565,0.1121685802936554,0.9405397176742554,0.7357602715492249,0.5894301533699036,0.08913007378578186,0.32137972116470337
460483,1775274351.5528061,0.7928453087806702,0.11241128295660019,0.9407565593719482,0.7332116961479187,0.5926867127418518,0.09090457111597061,0.3207171559333801
460484,1775274351.5639174,0.7921884655952454,0.11264783143997192,0.9408909678459167,0.7304955720901489,0.595733106136322,0.09284412860870361,0.32071545720100403
460485,1775274351.5750284,0.7912595868110657,0.11275999248027802,0.941266655921936,0.7275187969207764,0.5991038680076599,0.09381769597530365,0.3209194540977478
460486,1775274351.5861394,0.7902429103851318,0.1128997802734375,0.941380500793457,0.7256674766540527,0.6014944911003113,0.09530670940876007,0.32019975781440735
460487,1775274351.5972507,0.789178729057312,0.11317908763885498,0.9415199160575867,0.7236200571060181,0.604229211807251,0.09710007160902023,0.3191435933113098
460488,1775274351.6083617,0.7880457043647766,0.11344923079013824,0.9416455030441284,0.7217292785644531,0.6068735718727112,0.09937074035406113,0.3177056908607483
460489,1775274351.619473,0.7871628403663635,0.11383238434791565,0.9419032335281372,0.7193636298179626,0.6099211573600769,0.101568304002285,0.3165375888347626
460490,1775274351.630584,0.7861744165420532,0.11403795331716537,0.9420526623725891,0.7167482376098633,0.6129962205886841,0.10431795567274094,0.3156348466873169
460491,1775274351.641695,0.7850155830383301,0.11422992497682571,0.9421427845954895,0.7142166495323181,0.616263210773468,0.10632043331861496,0.3143409192562103
460492,1775274351.6528063,0.7837172746658325,0.11445991694927216,0.9421789050102234,0.7120164036750793,0.6193058490753174,0.10774693638086319,0.31286367774009705
460493,1775274351.6639173,0.7825385928153992,0.11458845436573029,0.9425229430198669,0.7094593048095703,0.6225982308387756,0.10951514542102814,0.3115213215351105
460494,1775274351.6750283,0.7815129160881042,0.11479086428880692,0.9431560039520264,0.7059234380722046,0.6265648603439331,0.11094945669174194,0.3110930919647217
460495,1775274351.6861396,0.7803228497505188,0.1150752454996109,0.9434213042259216,0.7032550573348999,0.6295731067657471,0.11360590904951096,0.31010302901268005
460496,1775274351.6972506,0.7790433764457703,0.1154070571064949,0.9434055685997009,0.7006071209907532,0.6328389644622803,0.11630893498659134,0.3084426522254944
460497,1775274351.7083619,0.7776813507080078,0.11562740057706833,0.9436250925064087,0.6983803510665894,0.6357051730155945,0.11829317361116409,0.3068397343158722
460498,1775274351.719473,0.7765625715255737,0.11576037853956223,0.9437834620475769,0.6956504583358765,0.6388856768608093,0.12151375412940979,0.3051718771457672
460499,1775274351.730584,0.775189995765686,0.11596173048019409,0.9441380500793457,0.6928677558898926,0.6424472332000732,0.12427442520856857,0.3029053509235382
460500,1775274351.7416952,0.7738938331604004,0.11633040755987167,0.9445039629936218,0.6894217729568481,0.6462563276290894,0.12696194648742676,0.30154770612716675
460501,1775274351.7528062,0.7725890278816223,0.11646568030118942,0.9451329112052917,0.6861556172370911,0.6497858166694641,0.12855146825313568,0.3007380962371826
460502,1775274351.7639172,0.7714454531669617,0.11665397882461548,0.9456426501274109,0.6819299459457397,0.6540926694869995,0.1296594887971878,0.30053767561912537
460503,1775274351.7750285,0.7700216770172119,0.11680684983730316,0.945966899394989,0.6788957715034485,0.6574087738990784,0.132262721657753,0.2990333139896393
460504,1775274351.7861395,0.7686900496482849,0.1172662153840065,0.9464467167854309,0.6756440997123718,0.660758376121521,0.13527770340442657,0.29766321182250977
460505,1775274351.7972507,0.7673453688621521,0.11756856739521027,0.946510374546051,0.6732410788536072,0.6640377640724182,0.13903050124645233,0.29405921697616577
460506,1775274351.8083618,0.7658750414848328,0.11772333085536957,0.9467669129371643,0.6698933243751526,0.6676428318023682,0.14171619713306427,0.29225412011146545
460507,1775274351.8194728,0.7644664645195007,0.11801687628030777,0.9473593235015869,0.6669965386390686,0.6708945035934448,0.1447344273328781,0.2899452745914459
460508,1775274351.830584,0.7629522681236267,0.11828303337097168,0.9476706385612488,0.6643946766853333,0.6737281680107117,0.14710772037506104,0.2881484031677246
460509,1775274351.841695,0.7615951895713806,0.1185605525970459,0.9483665823936462,0.6606994867324829,0.6774181127548218,0.1489904671907425,0.28702396154403687
460510,1775274351.852806,0.7603403925895691,0.1188320443034172,0.948858380317688,0.6556350588798523,0.6822724938392639,0.15196144580841064,0.28557801246643066
460511,1775274351.8639174,0.7590265274047852,0.1189139187335968,0.949256420135498,0.6520646810531616,0.6858075857162476,0.15487194061279297,0.28371521830558777
460512,1775274351.8750284,0.7574654817581177,0.11915261298418045,0.949789822101593,0.6487286686897278,0.689199686050415,0.1573362499475479,0.28178051114082336
460513,1775274351.8861396,0.7557739615440369,0.11947408318519592,0.9498598575592041,0.6470710635185242,0.6913424134254456,0.16085635125637054,0.27833449840545654
460514,1775274351.8972507,0.7543531656265259,0.1197211816906929,0.9503896236419678,0.6437104344367981,0.6945285201072693,0.16439062356948853,0.27612096071243286
460515,1775274351.9083617,0.7530966997146606,0.11998381465673447,0.9509859681129456,0.6396940350532532,0.6983839273452759,0.16740474104881287,0.2739109396934509
460516,1775274351.919473,0.7518046498298645,0.12012194097042084,0.9516273736953735,0.6361631751060486,0.7018504738807678,0.16931061446666718,0.272096186876297
460517,1775274351.930584,0.7505219578742981,0.1204254999756813,0.952289342880249,0.6326744556427002,0.704985499382019,0.1719251573085785,0.27048158645629883
460518,1775274351.941695,0.7490353584289551,0.1206139549612999,0.9528996348381042,0.6293599605560303,0.7082139849662781,0.1750001609325409,0.26779457926750183
460519,1775274351.9528062,0.7476470470428467,0.12078677117824554,0.9534156322479248,0.6270029544830322,0.7106481194496155,0.17711341381072998,0.2654758095741272
460520,1775274351.9639173,0.746281623840332,0.12105173617601395,0.9536603093147278,0.6250661611557007,0.7127389907836914,0.18094931542873383,0.26182612776756287
460521,1775274351.9750285,0.7450637817382812,0.12116501480340958,0.9541652798652649,0.622137725353241,0.7152223587036133,0.18454398214817047,0.259509414434433
460522,1775274351.9861395,0.7439619898796082,0.12136035412549973,0.954982340335846,0.6196549534797668,0.7174311280250549,0.18748289346694946,0.2572365403175354
460523,1775274351.9972506,0.7428998351097107,0.1216629147529602,0.9556758999824524,0.6164904236793518,0.7201407551765442,0.18982847034931183,0.2555425763130188
460524,1775274352.0083618,0.7417466640472412,0.12183022499084473,0.9564855694770813,0.6138409972190857,0.7226687073707581,0.1914411187171936,0.25357338786125183
460525,1775274352.0194728,0.740562915802002,0.12196214497089386,0.9573323726654053,0.6118393540382385,0.7242098450660706,0.1943206787109375,0.25181782245635986
460526,1775274352.0305839,0.7395939230918884,0.1220783218741417,0.9581442475318909,0.6091022491455078,0.7262665033340454,0.19716410338878632,0.2503156065940857
460527,1775274352.041695,0.7386463284492493,0.12227953970432281,0.9587222337722778,0.6068544387817383,0.728468120098114,0.1996297538280487,0.24740654230117798
460528,1775274352.0528061,0.7377276420593262,0.12227151542901993,0.9593479633331299,0.6052401065826416,0.7298248410224915,0.20287193357944489,0.2447105050086975
460529,1775274352.0639174,0.7366470694541931,0.12237127870321274,0.9595232605934143,0.6039020419120789,0.7312150001525879,0.2072688788175583,0.24013866484165192
460530,1775274352.0750284,0.735572338104248,0.122596874833107,0.9603091478347778,0.6013839244842529,0.7330620288848877,0.20944766700267792,0.23893362283706665
460531,1775274352.0861394,0.734607458114624,0.12279322743415833,0.961087703704834,0.5992938280105591,0.7348774671554565,0.21180781722068787,0.23651538789272308
460532,1775274352.0972507,0.7337212562561035,0.122818723320961,0.9617108106613159,0.5971400737762451,0.7364225387573242,0.2142995148897171,0.23490704596042633
460533,1775274352.1083617,0.732935905456543,0.12284806370735168,0.9623203873634338,0.5951060652732849,0.7377296090126038,0.21725167334079742,0.23325000703334808
460534,1775274352.119473,0.7320480346679688,0.12288928031921387,0.9631122946739197,0.5929641127586365,0.7396242022514343,0.21850071847438812,0.23153215646743774
460535,1775274352.130584,0.7311838269233704,0.12289199233055115,0.9636626243591309,0.59052973985672,0.7415249943733215,0.2208920270204544,0.22939486801624298
460536,1775274352.141695,0.7302741408348083,0.1230979785323143,0.9642223715782166,0.5886213183403015,0.7429707050323486,0.22305214405059814,0.2275245040655136
460537,1775274352.1528063,0.7293793559074402,0.1232263594865799,0.9646797180175781,0.586974561214447,0.7442427277565002,0.22539022564888,0.22530633211135864
460538,1775274352.1639173,0.7285263538360596,0.12323345243930817,0.9652482271194458,0.5849943161010742,0.7456747889518738,0.2270706743001938,0.22403061389923096
460539,1775274352.1750283,0.7278379201889038,0.12326068431138992,0.9655323028564453,0.5830718874931335,0.7469833493232727,0.23037008941173553,0.22129766643047333
460540,1775274352.1861396,0.7268626689910889,0.12331309914588928,0.9659724831581116,0.5806915163993835,0.7489398717880249,0.23230288922786713,0.21891078352928162
460541,1775274352.1972506,0.7259867191314697,0.1233297809958458,0.9662743210792542,0.5786590576171875,0.7505024671554565,0.233952134847641,0.21717801690101624
460542,1775274352.2083619,0.7250648140907288,0.12349866330623627,0.9664437174797058,0.5768412947654724,0.7517650127410889,0.23626095056533813,0.21513782441616058
460543,1775274352.219473,0.7243126034736633,0.12355202436447144,0.9669058918952942,0.5750617384910583,0.7531548142433167,0.23725023865699768,0.21394960582256317
460544,1775274352.230584,0.7234548926353455,0.12357920408248901,0.967258095741272,0.5728824734687805,0.7546654939651489,0.23897682130336761,0.21254631876945496
460545,1775274352.2416952,0.722345769405365,0.12376806139945984,0.9675988554954529,0.5700674653053284,0.756983757019043,0.23912104964256287,0.21170735359191895
460546,1775274352.2528062,0.7214627861976624,0.12399882823228836,0.9677745699882507,0.567931592464447,0.7585623860359192,0.24075260758399963,0.2099405974149704
460547,1775274352.2639172,0.720658540725708,0.12393062561750412,0.9680899381637573,0.5658199787139893,0.7598949670791626,0.2421189695596695,0.20925059914588928
460548,1775274352.2750285,0.7196945548057556,0.12393411993980408,0.9682672619819641,0.5630468130111694,0.7616493701934814,0.24397791922092438,0.20819030702114105
460549,1775274352.2861395,0.7186335325241089,0.1241024062037468,0.9684115052223206,0.5601693391799927,0.7638444900512695,0.24494309723377228,0.2067723572254181
460550,1775274352.2972507,0.7177172899246216,0.1242101714015007,0.9686242341995239,0.5575761198997498,0.7656682133674622,0.2460528165102005,0.2057160586118698
460551,1775274352.3083618,0.7167409062385559,0.12428483366966248,0.9686944484710693,0.5547703504562378,0.7677444815635681,0.24703241884708405,0.20438483357429504
460552,1775274352.3194728,0.7158085107803345,0.12437564879655838,0.9687204360961914,0.5519907474517822,0.7696545720100403,0.2480481117963791,0.20349471271038055
460553,1775274352.330584,0.7146034836769104,0.12453499436378479,0.9687967300415039,0.5481398701667786,0.772382915019989,0.2492913156747818,0.20204253494739532
460554,1775274352.341695,0.713560938835144,0.12459810078144073,0.9688745737075806,0.5450682044029236,0.7744899988174438,0.25067076086997986,0.20057480037212372
460555,1775274352.352806,0.7124688625335693,0.12470708042383194,0.9688930511474609,0.5414444208145142,0.7769659757614136,0.25126370787620544,0.20007112622261047
460556,1775274352.3639174,0.7113784551620483,0.12489922344684601,0.9691429734230042,0.5381041765213013,0.7791954278945923,0.2523636221885681,0.19902552664279938
460557,1775274352.3750284,0.7101539969444275,0.12503132224082947,0.9691275358200073,0.5352721214294434,0.7813382148742676,0.25304844975471497,0.1973850131034851
460558,1775274352.3861396,0.7088385224342346,0.12512680888175964,0.9690749645233154,0.5323258638381958,0.7835492491722107,0.2538808584213257,0.1955108344554901
460559,1775274352.3972507,0.7076753377914429,0.1252429485321045,0.9691365361213684,0.5285520553588867,0.7860097885131836,0.2548285722732544,0.19463789463043213
460560,1775274352.4083617,0.7064931988716125,0.12541641294956207,0.9692784547805786,0.5250008702278137,0.788520336151123,0.2553148567676544,0.19345346093177795
460561,1775274352.419473,0.7050971984863281,0.12554295361042023,0.9691450595855713,0.521416425704956,0.7908506393432617,0.25639599561691284,0.192201167345047
460562,1775274352.430584,0.7039732933044434,0.12570443749427795,0.9691692590713501,0.5175809264183044,0.7933821678161621,0.2569424510002136,0.19140377640724182
460563,1775274352.441695,0.7026633024215698,0.12579014897346497,0.9690261483192444,0.5139390230178833,0.7957039475440979,0.25790977478027344,0.19027464091777802
460564,1775274352.4528062,0.7013073563575745,0.12589067220687866,0.9690127372741699,0.5107093453407288,0.7978167533874512,0.2589009404182434,0.18877142667770386
460565,1775274352.4639173,0.7000749111175537,0.1260686218738556,0.9691715836524963,0.5069647431373596,0.8000918626785278,0.2606405019760132,0.1868319809436798
460566,1775274352.4750285,0.6989515423774719,0.12621942162513733,0.9691407084465027,0.5037776827812195,0.8021073937416077,0.2611227035522461,0.18613626062870026
460567,1775274352.4861395,0.6978564262390137,0.1264181137084961,0.9692152142524719,0.49939489364624023,0.8046718239784241,0.26247987151145935,0.18496575951576233
460568,1775274352.4972506,0.6966623067855835,0.1264670491218567,0.969208300113678,0.4960373342037201,0.8068274855613708,0.26317593455314636,0.18361593782901764
460569,1775274352.5083618,0.6955223083496094,0.1264933943748474,0.96924889087677,0.4928845167160034,0.8087743520736694,0.2641051411628723,0.18220148980617523
460570,1775274352.5194728,0.6943275332450867,0.1265549659729004,0.9693130850791931,0.48939260840415955,0.8107117414474487,0.26535049080848694,0.18119210004806519
460571,1775274352.5305839,0.6932836174964905,0.12680570781230927,0.9693791270256042,0.48630550503730774,0.8124151825904846,0.2664485275745392,0.18026027083396912
460572,1775274352.541695,0.6920953392982483,0.1269669532775879,0.969293475151062,0.4831155836582184,0.8142707943916321,0.2671869695186615,0.17937049269676208
460573,1775274352.5528061,0.6909511685371399,0.12702123820781708,0.9693168997764587,0.4797080457210541,0.8163872361183167,0.2675934433937073,0.17828579246997833
460574,1775274352.5639174,0.6899569630622864,0.1271257847547531,0.969420850276947,0.47680509090423584,0.818037211894989,0.2689959406852722,0.17639011144638062
460575,1775274352.5750284,0.6888738870620728,0.12713554501533508,0.969326913356781,0.47392013669013977,0.8196260929107666,0.2697044014930725,0.17570500075817108
460576,1775274352.5861394,0.6878334879875183,0.12725144624710083,0.9694544076919556,0.47040870785713196,0.8213507533073425,0.27106696367263794,0.1749895066022873
460577,1775274352.5972507,0.6867412328720093,0.12734806537628174,0.9693519473075867,0.4679820239543915,0.8227705359458923,0.2722202241420746,0.1730252206325531
460578,1775274352.6083617,0.685835599899292,0.12736788392066956,0.9695355296134949,0.4643210470676422,0.8249205946922302,0.27234387397766113,0.1724550873041153
460579,1775274352.619473,0.6848872303962708,0.1274503469467163,0.9696246385574341,0.4613344073295593,0.8265143036842346,0.27312171459198,0.17160815000534058
460580,1775274352.630584,0.6840649843215942,0.12742279469966888,0.9696912169456482,0.45838332176208496,0.828109085559845,0.2738463580608368,0.170670747756958
460581,1775274352.641695,0.683049201965332,0.1274554431438446,0.9697028994560242,0.4550911784172058,0.8300603628158569,0.27405133843421936,0.16966921091079712
460582,1775274352.6528063,0.6821515560150146,0.1276790052652359,0.9697666764259338,0.4519606828689575,0.8316541314125061,0.2749711573123932,0.1687418669462204
460583,1775274352.6639173,0.6811703443527222,0.12762805819511414,0.969820499420166,0.4493333399295807,0.8329649567604065,0.2756779193878174,0.16813866794109344
460584,1775274352.6750283,0.6802769303321838,0.1277545690536499,0.969930112361908,0.44669654965400696,0.8344392776489258,0.2759191393852234,0.1674569547176361
460585,1775274352.6861396,0.6793484091758728,0.12784458696842194,0.9700317978858948,0.4440506398677826,0.8359894156455994,0.27617740631103516,0.16633325815200806
460586,1775274352.6972506,0.6785521507263184,0.127865269780159,0.9700714945793152,0.4415135085582733,0.837510883808136,0.27640965580940247,0.16504241526126862
460587,1775274352.7083619,0.6776874661445618,0.12789693474769592,0.9699691534042358,0.43852078914642334,0.8389918208122253,0.2770127058029175,0.16448816657066345
460588,1775274352.719473,0.6768260598182678,0.12803643941879272,0.9699523448944092,0.43626856803894043,0.8401273488998413,0.2781229615211487,0.1627984195947647
460589,1775274352.730584,0.6759971976280212,0.1280297487974167,0.9698600769042969,0.43413209915161133,0.8409398198127747,0.27981704473495483,0.16140660643577576
460590,1775274352.7416952,0.6751494407653809,0.12806336581707,0.9699654579162598,0.43165168166160583,0.8421267867088318,0.28054991364479065,0.16059589385986328
460591,1775274352.7528062,0.6744049787521362,0.1281587779521942,0.9699578881263733,0.4289962351322174,0.843480110168457,0.28096804022789,0.15987613797187805
460592,1775274352.7639172,0.673647403717041,0.12823966145515442,0.9698553681373596,0.42661845684051514,0.8447340130805969,0.2810817062854767,0.15941882133483887
460593,1775274352.7750285,0.6729962229728699,0.12818768620491028,0.9697502851486206,0.42408081889152527,0.8461344838142395,0.28104546666145325,0.15882492065429688
460594,1775274352.7861395,0.6722594499588013,0.12822192907333374,0.9696500301361084,0.42150071263313293,0.8473114967346191,0.28155517578125,0.15851524472236633
460595,1775274352.7972507,0.6712965369224548,0.12828285992145538,0.9695673584938049,0.4197245240211487,0.8483855724334717,0.28139400482177734,0.1577678769826889
460596,1775274352.8083618,0.6706407070159912,0.1283995658159256,0.9695069789886475,0.4172709584236145,0.8497135043144226,0.2812689244747162,0.1573522984981537
460597,1775274352.8194728,0.6700162291526794,0.12847605347633362,0.9694811701774597,0.41498151421546936,0.8510091304779053,0.281051903963089,0.1567917913198471
460598,1775274352.830584,0.669186532497406,0.12861058115959167,0.9692986011505127,0.4125758409500122,0.8522749543190002,0.28118184208869934,0.15602988004684448
460599,1775274352.841695,0.6685433983802795,0.12866578996181488,0.9691229462623596,0.4107169508934021,0.8533426523208618,0.2812139093875885,0.15503768622875214
460600,1775274352.852806,0.6679384708404541,0.12869223952293396,0.9690636396408081,0.4089011549949646,0.8543359041213989,0.2812178134918213,0.15435895323753357
460601,1775274352.8639174,0.6672000885009766,0.12871521711349487,0.9689218997955322,0.4066530466079712,0.855455756187439,0.28133100271224976,0.15388885140419006
460602,1775274352.8750284,0.6664698719978333,0.1286686360836029,0.9686599373817444,0.4040153920650482,0.8566991686820984,0.2814798355102539,0.15364684164524078
460603,1775274352.8861396,0.6658076047897339,0.12869161367416382,0.9685320854187012,0.4014480710029602,0.8579024076461792,0.2818305492401123,0.1530182957649231
460604,1775274352.8972507,0.6651045083999634,0.12872032821178436,0.9684057235717773,0.3987657129764557,0.8593354821205139,0.2814464867115021,0.1526971161365509
460605,1775274352.9083617,0.664474368095398,0.12879596650600433,0.9682270288467407,0.39668741822242737,0.860360324382782,0.2813839316368103,0.1524541825056076
460606,1775274352.919473,0.6637502312660217,0.12885335087776184,0.9679467678070068,0.39491841197013855,0.8612853288650513,0.2812885046005249,0.15199938416481018
460607,1775274352.930584,0.6630234718322754,0.12894052267074585,0.9677212834358215,0.39285579323768616,0.8625282645225525,0.28077664971351624,0.15124082565307617
460608,1775274352.941695,0.6623445153236389,0.12903229892253876,0.9674975275993347,0.3905632793903351,0.863632082939148,0.28089597821235657,0.15065643191337585
460609,1775274352.9528062,0.6615428924560547,0.1290442794561386,0.9672887325286865,0.38772550225257874,0.8653644919395447,0.2795141339302063,0.15061601996421814
460610,1775274352.9639173,0.6608543992042542,0.12894277274608612,0.9670565724372864,0.3853128254413605,0.8666836023330688,0.2788138687610626,0.15052080154418945
460611,1775274352.9750285,0.6601461172103882,0.12898509204387665,0.9669245481491089,0.3826048970222473,0.8680372834205627,0.27836576104164124,0.15045693516731262
460612,1775274352.9861395,0.6591860055923462,0.12918436527252197,0.966582179069519,0.38058578968048096,0.8690297603607178,0.27871397137641907,0.14919927716255188
460613,1775274352.9972506,0.6583163738250732,0.12919068336486816,0.966156005859375,0.3781746029853821,0.87012779712677,0.278459370136261,0.14940550923347473
460614,1775274353.0083618,0.6574429869651794,0.12917377054691315,0.9657720923423767,0.3760429620742798,0.8711629509925842,0.27800115942955017,0.14960657060146332
460615,1775274353.0194728,0.656782865524292,0.12909989058971405,0.9655733108520508,0.3730325400829315,0.8730086088180542,0.27638620138168335,0.14937686920166016
460616,1775274353.0305839,0.656025767326355,0.1291113942861557,0.9652484059333801,0.3697947859764099,0.8746365904808044,0.275795042514801,0.14899559319019318
460617,1775274353.041695,0.6551872491836548,0.12919431924819946,0.9650806784629822,0.36675921082496643,0.8762186169624329,0.27485397458076477,0.1489427238702774
460618,1775274353.0528061,0.6544815897941589,0.12945860624313354,0.9647794961929321,0.363212525844574,0.8781172037124634,0.27405694127082825,0.1479184329509735
460619,1775274353.0639174,0.6536787748336792,0.12935738265514374,0.9643973112106323,0.3600515127182007,0.8797635436058044,0.27328070998191833,0.1472979485988617
460620,1775274353.0750284,0.6526502370834351,0.12927468121051788,0.9639179706573486,0.3584195077419281,0.8804590106010437,0.2731544077396393,0.14735746383666992
460621,1775274353.0861394,0.6518557667732239,0.12944206595420837,0.9635392427444458,0.35592570900917053,0.8816642165184021,0.2728744447231293,0.14671267569065094
460622,1775274353.0972507,0.6511101126670837,0.12938281893730164,0.9631066918373108,0.35186222195625305,0.8836294412612915,0.2722145915031433,0.14591553807258606
460623,1775274353.1083617,0.6501848697662354,0.12945818901062012,0.9626271724700928,0.3487009108066559,0.8851889371871948,0.27187663316726685,0.14467650651931763
460624,1775274353.119473,0.6492528319358826,0.12945151329040527,0.9622029066085815,0.34579095244407654,0.8866544961929321,0.271023690700531,0.14428701996803284
460625,1775274353.130584,0.648289680480957,0.1296364814043045,0.9618644714355469,0.34284764528274536,0.8880451321601868,0.27013659477233887,0.14442145824432373
460626,1775274353.141695,0.6474315524101257,0.12976744771003723,0.9615066051483154,0.3399098217487335,0.8894964456558228,0.26933008432388306,0.1439400166273117
460627,1775274353.1528063,0.6466821432113647,0.12973706424236298,0.9610026478767395,0.33678752183914185,0.891002893447876,0.26826241612434387,0.14395584166049957
460628,1775274353.1639173,0.6458619832992554,0.1299460232257843,0.9606971144676208,0.33329662680625916,0.8925765752792358,0.2676332890987396,0.1435023546218872
460629,1775274353.1750283,0.6449444890022278,0.12988339364528656,0.9603361487388611,0.33070433139801025,0.8937854766845703,0.2669564485549927,0.1432356983423233
460630,1775274353.1861396,0.6439878344535828,0.12992452085018158,0.9599823355674744,0.3282884359359741,0.8950729966163635,0.2658447027206421,0.14282068610191345
460631,1775274353.1972506,0.6431284546852112,0.12995018064975739,0.9596160650253296,0.32575723528862,0.896333634853363,0.2649102807044983,0.14244535565376282
460632,1775274353.2083619,0.6422284245491028,0.12997359037399292,0.9588928818702698,0.32289183139801025,0.8978152275085449,0.2642075717449188,0.14093641936779022
460633,1775274353.219473,0.6413423418998718,0.12994742393493652,0.9584084153175354,0.31899964809417725,0.8994209170341492,0.263547420501709,0.14079856872558594
460634,1775274353.230584,0.6406636238098145,0.13006433844566345,0.9580154418945312,0.3159550428390503,0.9008483290672302,0.2622874081134796,0.14089080691337585
460635,1775274353.2416952,0.6398935317993164,0.13006889820098877,0.9577376842498779,0.31322333216667175,0.902283787727356,0.26065388321876526,0.14083604514598846
460636,1775274353.2528062,0.6390781998634338,0.1300317943096161,0.9574345350265503,0.31047821044921875,0.9034878611564636,0.2597673833370209,0.1408330649137497
460637,1775274353.2639172,0.6383532285690308,0.1300835907459259,0.9570397734642029,0.30796322226524353,0.9046829342842102,0.25855767726898193,0.14090941846370697
460638,1775274353.2750285,0.6375091671943665,0.1301642656326294,0.9566119909286499,0.3053155541419983,0.9058451652526855,0.2575828731060028,0.1409895122051239
460639,1775274353.2861395,0.6367545127868652,0.13001270592212677,0.9561466574668884,0.30244511365890503,0.9071968197822571,0.2561838626861572,0.141034796833992
460640,1775274353.2972507,0.6359848380088806,0.1301126927137375,0.9556174278259277,0.29968810081481934,0.9085466861724854,0.2546791434288025,0.14095622301101685
460641,1775274353.3083618,0.6353205442428589,0.13014404475688934,0.9552198648452759,0.29744938015937805,0.9096403121948242,0.2537003755569458,0.1404084712266922
460642,1775274353.3194728,0.6347259283065796,0.13019677996635437,0.9548167586326599,0.2952005863189697,0.9105538725852966,0.2532850503921509,0.1399819254875183
460643,1775274353.330584,0.6341738104820251,0.13023091852664948,0.954300582408905,0.29232868552207947,0.9117310047149658,0.2523036003112793,0.1401195526123047
460644,1775274353.341695,0.6334368586540222,0.13034775853157043,0.9538955092430115,0.2900283932685852,0.9129040241241455,0.25105714797973633,0.13949906826019287
460645,1775274353.352806,0.632759690284729,0.1305004507303238,0.9534172415733337,0.28741219639778137,0.9141082167625427,0.24938063323497772,0.14003491401672363
460646,1775274353.3639174,0.6322429180145264,0.13054922223091125,0.9528522491455078,0.2855050265789032,0.914812445640564,0.2495070993900299,0.13910886645317078
460647,1775274353.3750284,0.6317499876022339,0.1305370032787323,0.9523937106132507,0.2840483784675598,0.9155405759811401,0.24859903752803802,0.13892671465873718
460648,1775274353.3861396,0.6312049627304077,0.1304924190044403,0.9517952799797058,0.2818087339401245,0.9167104363441467,0.2466895431280136,0.13917690515518188
460649,1775274353.3972507,0.6306907534599304,0.13044752180576324,0.9513197541236877,0.28004443645477295,0.9175350666046143,0.24589422345161438,0.1387108862400055
460650,1775274353.4083617,0.6302820444107056,0.13051804900169373,0.9508565664291382,0.27835750579833984,0.918234646320343,0.24517570436000824,0.13874880969524384
460651,1775274353.419473,0.6298381090164185,0.13054198026657104,0.9504504203796387,0.27680912613868713,0.9188987016677856,0.24444369971752167,0.13874104619026184
460652,1775274353.430584,0.6294295191764832,0.13052375614643097,0.9499937891960144,0.27499449253082275,0.9197887778282166,0.2431386262178421,0.1387452632188797
460653,1775274353.441695,0.6290863156318665,0.13059435784816742,0.9495798945426941,0.2734149694442749,0.9207108616828918,0.24143841862678528,0.13872048258781433
460654,1775274353.4528062,0.6286342740058899,0.1306004822254181,0.9491103887557983,0.27165713906288147,0.9216721653938293,0.2394295483827591,0.139271080493927
460655,1775274353.4639173,0.6283407211303711,0.13069377839565277,0.9486494660377502,0.27044549584388733,0.922295331954956,0.23818658292293549,0.13963443040847778
460656,1775274353.4750285,0.6280362606048584,0.13081775605678558,0.9482002854347229,0.27002638578414917,0.922781229019165,0.23635292053222656,0.14034895598888397
460657,1775274353.4861395,0.6278997659683228,0.1308482438325882,0.9478102922439575,0.26948586106300354,0.9232664108276367,0.23482100665569305,0.1407681107521057
460658,1775274353.4972506,0.635223925113678,0.1302841305732727,0.9460129737854004,0.25892993807792664,0.9219896793365479,0.23930130898952484,0.16007883846759796
460659,1775274353.5083618,0.677355170249939,0.13093090057373047,0.9428101778030396,0.2376905232667923,0.9083612561225891,0.26005059480667114,0.22529281675815582
460660,1775274353.5194728,0.7231438159942627,0.1328834742307663,0.9411846399307251,0.21613898873329163,0.8937660455703735,0.2705705463886261,0.28505757451057434
460661,1775274353.5305839,0.7669734358787537,0.13504202663898468,0.9391995072364807,0.20674604177474976,0.8711965084075928,0.27930060029029846,0.3467911183834076
460662,1775274353.541695,0.8113493323326111,0.13609687983989716,0.9367122650146484,0.19909000396728516,0.8419166803359985,0.2867295742034912,0.41149213910102844
460663,1775274353.5528061,0.8555226922035217,0.136094331741333,0.9348710179328918,0.19058910012245178,0.810340166091919,0.29102715849876404,0.4715164303779602
460664,1775274353.5639174,0.8996978998184204,0.13466039299964905,0.9326159954071045,0.17974735796451569,0.7746219038963318,0.2940024733543396,0.5302965641021729
460665,1775274353.5750284,0.9440311789512634,0.13215136528015137,0.9306747317314148,0.1682770550251007,0.7354188561439514,0.2981513440608978,0.5847630500793457
460666,1775274353.5861394,0.9880418181419373,0.13141652941703796,0.928994357585907,0.16528016328811646,0.690588653087616,0.2909236550331116,0.6411966681480408
460667,1775274353.5972507,1.0296648740768433,0.13382036983966827,0.9275703430175781,0.18120573461055756,0.6380749940872192,0.26656728982925415,0.6992615461349487
460668,1775274353.6083617,1.0724027156829834,0.1352251172065735,0.9280269742012024,0.192919060587883,0.5861115455627441,0.23763443529605865,0.750190258026123
460669,1775274353.619473,1.1198779344558716,0.13578079640865326,0.933984637260437,0.19376102089881897,0.5569517016410828,0.19859826564788818,0.7828283309936523
460670,1775274353.630584,1.1680477857589722,0.13480260968208313,0.9413028955459595,0.1938992440700531,0.5314141511917114,0.16355812549591064,0.8082393407821655
460671,1775274353.641695,1.2163915634155273,0.1327327936887741,0.9488517642021179,0.1897270679473877,0.506723940372467,0.12589570879936218,0.831495463848114
460672,1775274353.6528063,1.2637393474578857,0.1295880526304245,0.9566317200660706,0.18965597450733185,0.4789012372493744,0.08245380967855453,0.8531622290611267
460673,1775274353.6639173,1.3090813159942627,0.12889190018177032,0.9638959765434265,0.21108420193195343,0.4447280466556549,0.02235828898847103,0.8701497316360474
460674,1775274353.6750283,1.3532474040985107,0.1277182698249817,0.9712224006652832,0.23684820532798767,0.4055977165699005,-0.040868863463401794,0.8818861842155457
460675,1775274353.6861396,1.3966478109359741,0.12490013241767883,0.9785698056221008,0.26416197419166565,0.3640846908092499,-0.10328453034162521,0.8871263265609741
460676,1775274353.6972506,1.4396554231643677,0.1202525794506073,0.9866532683372498,0.286435067653656,0.3208314776420593,-0.16541467607021332,0.8875022530555725
460677,1775274353.7083619,1.4803545475006104,0.11469513177871704,0.9941728115081787,0.3133004307746887,0.2738361656665802,-0.23268820345401764,0.8790409564971924
460678,1775274353.719473,1.519195795059204,0.10934384167194366,1.0017626285552979,0.34306326508522034,0.22147886455059052,-0.3062085211277008,0.8599366545677185
460679,1775274353.730584,1.5558640956878662,0.10274253040552139,1.008880853652954,0.37299656867980957,0.16522572934627533,-0.3798983693122864,0.8302115797996521
460680,1775274353.7416952,1.5902286767959595,0.09571985900402069,1.0157995223999023,0.4014728367328644,0.10732035338878632,-0.4538743793964386,0.7882258296012878
460681,1775274353.7528062,1.6212093830108643,0.08979331701993942,1.0220646858215332,0.4284927248954773,0.04542446509003639,-0.5284546613693237,0.7314822673797607
460682,1775274353.7639172,1.6499015092849731,0.08357352018356323,1.0279521942138672,0.44988182187080383,-0.018520407378673553,-0.5980254411697388,0.6630451679229736
460683,1775274353.7750285,1.6771199703216553,0.07771265506744385,1.033082365989685,0.4664134979248047,-0.08287311345338821,-0.6595969200134277,0.583543062210083
460684,1775274353.7861395,1.7008075714111328,0.07386685907840729,1.0371065139770508,0.47559472918510437,-0.1461162567138672,-0.7181621789932251,0.4865212142467499
460685,1775274353.7972507,1.7228032350540161,0.07232578843832016,1.0405563116073608,0.4760770797729492,-0.21025532484054565,-0.7657546997070312,0.377840131521225
460686,1775274353.8083618,1.7443946599960327,0.07240216434001923,1.043377161026001,0.4677092730998993,-0.2697499096393585,-0.8000375032424927,0.26157793402671814
460687,1775274353.8194728,1.7659335136413574,0.07425016909837723,1.0454638004302979,0.4510369598865509,-0.3255465626716614,-0.8196250200271606,0.13711336255073547
460688,1775274353.830584,1.7879799604415894,0.07969328761100769,1.0472509860992432,0.4218384623527527,-0.3759721517562866,-0.8250028491020203,0.008218295872211456
460689,1775274353.841695,1.8122090101242065,0.08731481432914734,1.0485533475875854,0.3856256604194641,-0.4171312749385834,-0.8140357732772827,-0.12099700421094894
460690,1775274353.852806,1.8395743370056152,0.09547533094882965,1.0500142574310303,0.3434997797012329,-0.4491579830646515,-0.7873882055282593,-0.24553018808364868
460691,1775274353.8639174,1.8687160015106201,0.1032760888338089,1.0518373250961304,0.2899114489555359,-0.4728097915649414,-0.7457920908927917,-0.36904799938201904
460692,1775274353.8750284,1.9003932476043701,0.11144991219043732,1.053222417831421,0.22974823415279388,-0.4871920943260193,-0.6877415776252747,-0.48669424653053284
460693,1775274353.8861396,1.9350227117538452,0.12142244726419449,1.0564544200897217,0.16315576434135437,-0.49321961402893066,-0.6158037185668945,-0.5923685431480408
460694,1775274353.8972507,1.972672462463379,0.12864790856838226,1.0598132610321045,0.09498635679483414,-0.4886401295661926,-0.533263087272644,-0.683987557888031
460695,1775274353.9083617,2.011610507965088,0.1329565942287445,1.063778042793274,0.023525172844529152,-0.4729229211807251,-0.4386965334415436,-0.7637642621994019
460696,1775274353.919473,2.05148983001709,0.13347069919109344,1.0683897733688354,-0.048658233135938644,-0.4487799406051636,-0.3325152099132538,-0.828047513961792
460697,1775274353.930584,2.0913596153259277,0.13449369370937347,1.0733553171157837,-0.12243945151567459,-0.4143955707550049,-0.21971173584461212,-0.8746495246887207
460698,1775274353.941695,2.1307554244995117,0.1334485411643982,1.0790001153945923,-0.19143404066562653,-0.3722388446331024,-0.10310150682926178,-0.9023089408874512
460699,1775274353.9528062,2.1684393882751465,0.12892088294029236,1.0848512649536133,-0.25844326615333557,-0.32158055901527405,0.01822821982204914,-0.9107474684715271
460700,1775274353.9639173,2.2045650482177734,0.12108713388442993,1.090511441230774,-0.31990498304367065,-0.2630596458911896,0.13276419043540955,-0.9004632830619812
460701,1775274353.9750285,2.23819899559021,0.11258634179830551,1.0963938236236572,-0.3722389340400696,-0.20049798488616943,0.24423015117645264,-0.8726915121078491
460702,1775274353.9861395,2.269169569015503,0.1038963794708252,1.1016004085540771,-0.418282151222229,-0.13396424055099487,0.34990575909614563,-0.8274416327476501
460703,1775274353.9972506,2.297625780105591,0.09529036283493042,1.107001781463623,-0.4554867148399353,-0.06559912115335464,0.44535794854164124,-0.7680396437644958
460704,1775274354.0083618,2.3228750228881836,0.08821641653776169,1.111305832862854,-0.4838005006313324,0.0038146269507706165,0.5356206297874451,-0.6921221613883972
460705,1775274354.0194728,2.3463258743286133,0.08161807060241699,1.115286946296692,-0.5018579959869385,0.07364659756422043,0.6142438650131226,-0.6044991612434387
460706,1775274354.0305839,2.368192195892334,0.0760929062962532,1.1190084218978882,-0.5105295777320862,0.14180602133274078,0.6802547574043274,-0.5064624547958374
460707,1775274354.041695,2.3892531394958496,0.07357382774353027,1.1220484972000122,-0.5096712708473206,0.20727914571762085,0.7320509552955627,-0.4017113745212555
460708,1775274354.0528061,2.409532308578491,0.07355150580406189,1.1245684623718262,-0.4986744225025177,0.2673204243183136,0.7736316919326782,-0.28523263335227966
460709,1775274354.0639174,2.431265115737915,0.07501273602247238,1.1269242763519287,-0.4799610674381256,0.3229648768901825,0.7980804443359375,-0.16851961612701416
460710,1775274354.0750284,2.4522926807403564,0.0790930986404419,1.1289886236190796,-0.44958728551864624,0.37486913800239563,0.8096000552177429,-0.04349890723824501
460711,1775274354.0861394,2.4747884273529053,0.08607126772403717,1.1312330961227417,-0.40843722224235535,0.42187535762786865,0.8053039312362671,0.08176662772893906
460712,1775274354.0972507,2.50028920173645,0.09423976391553879,1.1333332061767578,-0.3622570037841797,0.45572638511657715,0.7869279980659485,0.2045184075832367
460713,1775274354.1083617,2.5286247730255127,0.10251405090093613,1.1355514526367188,-0.30774447321891785,0.4818645119667053,0.7540581226348877,0.32325899600982666
460714,1775274354.119473,2.5588796138763428,0.10988952219486237,1.1383477449417114,-0.24558869004249573,0.500740110874176,0.7055343985557556,0.43722617626190186
460715,1775274354.130584,2.5916895866394043,0.11886117607355118,1.141291618347168,-0.1778675764799118,0.5093371272087097,0.6423233151435852,0.5443892478942871
460716,1775274354.141695,2.6271133422851562,0.1268431693315506,1.1455363035202026,-0.10292138159275055,0.5092723965644836,0.5663009881973267,0.6398062109947205
460717,1775274354.1528063,2.664733409881592,0.13162754476070404,1.1496776342391968,-0.02770705707371235,0.49587562680244446,0.48137202858924866,0.7222331762313843
460718,1775274354.1639173,2.7037782669067383,0.13367225229740143,1.1547049283981323,0.047122757881879807,0.47412553429603577,0.3856039047241211,0.7901228666305542
460719,1775274354.1750283,2.742959499359131,0.13577383756637573,1.1602685451507568,0.12170794606208801,0.4432834982872009,0.2823067307472229,0.8420153856277466
460720,1775274354.1861396,2.7820229530334473,0.13540047407150269,1.166162371635437,0.19365933537483215,0.4041651487350464,0.17293521761894226,0.8770633935928345
460721,1775274354.1972506,2.819822311401367,0.13168367743492126,1.1720526218414307,0.26765602827072144,0.3557267189025879,0.057309627532958984,0.893607497215271
460722,1775274354.2083619,2.8558192253112793,0.125071182847023,1.1776355504989624,0.3312036395072937,0.29989027976989746,-0.05324726551771164,0.8930479884147644
460723,1775274354.219473,2.8898401260375977,0.11872392892837524,1.1837565898895264,0.3874918818473816,0.2383880913257599,-0.16296325623989105,0.8754794001579285
460724,1775274354.230584,2.921518087387085,0.11165265738964081,1.1894735097885132,0.43706318736076355,0.17312520742416382,-0.2666929364204407,0.8413551449775696
460725,1775274354.2416952,2.950235605239868,0.10290301591157913,1.195095181465149,0.47634366154670715,0.10482548177242279,-0.36769944429397583,0.7917736172676086
460726,1775274354.2528062,2.9767322540283203,0.09378433227539062,1.1999589204788208,0.507677435874939,0.03456447273492813,-0.45972031354904175,0.7278228998184204
460727,1775274354.2639172,3.0010571479797363,0.08484824001789093,1.2044931650161743,0.5299984812736511,-0.036347683519124985,-0.542032778263092,0.6511382460594177
460728,1775274354.2750285,3.0233707427978516,0.07893840223550797,1.2082033157348633,0.543003261089325,-0.10618895292282104,-0.613767683506012,0.5631701350212097
460729,1775274354.2861395,3.0443596839904785,0.07552497088909149,1.2123502492904663,0.5434048771858215,-0.17495988309383392,-0.6761383414268494,0.46576517820358276
460730,1775274354.2972507,3.06522274017334,0.07347281277179718,1.2152591943740845,0.5374871492385864,-0.23740437626838684,-0.7235879898071289,0.3621700704097748
460731,1775274354.3083618,3.0847907066345215,0.07299855351448059,1.2177854776382446,0.5183430910110474,-0.29865479469299316,-0.7621098756790161,0.24761760234832764
460732,1775274354.3194728,3.1051878929138184,0.0751865804195404,1.2200918197631836,0.4910722076892853,-0.3522091507911682,-0.7860963344573975,0.1298055350780487
460733,1775274354.330584,3.126211404800415,0.08043231815099716,1.223418951034546,0.45319923758506775,-0.4042966961860657,-0.7943634986877441,0.01188675407320261
460734,1775274354.341695,3.149907350540161,0.08730864524841309,1.2268232107162476,0.4079577922821045,-0.44910964369773865,-0.787761390209198,-0.10631614923477173
460735,1775274354.352806,3.1762948036193848,0.0949300229549408,1.2283376455307007,0.3594881296157837,-0.4763496518135071,-0.7701311111450195,-0.22529390454292297
460736,1775274354.3639174,3.2034502029418945,0.10451942682266235,1.2313251495361328,0.29596179723739624,-0.5022804737091064,-0.7378826141357422,-0.34007400274276733
460737,1775274354.3750284,3.2344319820404053,0.11246372759342194,1.234910488128662,0.2311898022890091,-0.5168591141700745,-0.6921340823173523,-0.4476141929626465
460738,1775274354.3861396,3.266781806945801,0.11928898096084595,1.2387430667877197,0.1560327261686325,-0.5219584703445435,-0.6344507336616516,-0.5483480095863342
460739,1775274354.3972507,3.3021113872528076,0.12596869468688965,1.243448257446289,0.07896704971790314,-0.5190684795379639,-0.5640001893043518,-0.6373663544654846
460740,1775274354.4083617,3.3391361236572266,0.13175256550312042,1.2483587265014648,0.0029305010102689266,-0.5040503144264221,-0.4796715974807739,-0.7182199954986572
460741,1775274354.419473,3.3766355514526367,0.13380849361419678,1.2542896270751953,-0.07506114989519119,-0.48335906863212585,-0.3874005973339081,-0.7814415097236633
460742,1775274354.430584,3.415151357650757,0.1342877745628357,1.2604659795761108,-0.15203356742858887,-0.4505440294742584,-0.2872767150402069,-0.831485390663147
460743,1775274354.441695,3.453287124633789,0.13401517271995544,1.2663196325302124,-0.2274785041809082,-0.40992623567581177,-0.18265415728092194,-0.8642057180404663
460744,1775274354.4528062,3.490257501602173,0.13045714795589447,1.272255301475525,-0.30186253786087036,-0.3592190146446228,-0.07483260333538055,-0.8799095749855042
460745,1775274354.4639173,3.525730848312378,0.12409114837646484,1.278518795967102,-0.36500900983810425,-0.3031870126724243,0.03221287578344345,-0.8796638250350952
460746,1775274354.4750285,3.559422254562378,0.117559053003788,1.2844996452331543,-0.4202142357826233,-0.2410571128129959,0.13878774642944336,-0.8637415766716003
460747,1775274354.4861395,3.5900423526763916,0.11038526147603989,1.2904084920883179,-0.4665963351726532,-0.1756449192762375,0.2433994859457016,-0.8319816589355469
460748,1775274354.4972506,3.6190264225006104,0.10191488265991211,1.2959765195846558,-0.5066271424293518,-0.10667809844017029,0.3381284773349762,-0.7858866453170776
460749,1775274354.5083618,3.6449639797210693,0.09265349805355072,1.300860047340393,-0.538057267665863,-0.03530402481555939,0.4295659363269806,-0.724376380443573
460750,1775274354.5194728,3.669004440307617,0.08493074029684067,1.305765151977539,-0.5563510060310364,0.03456892818212509,0.5123602151870728,-0.6532730460166931
460751,1775274354.5305839,3.690714120864868,0.07984970510005951,1.30997896194458,-0.5661994814872742,0.10521695017814636,0.5875140428543091,-0.5684846639633179
460752,1775274354.541695,3.7118663787841797,0.07588354498147964,1.3136961460113525,-0.5673465132713318,0.17316743731498718,0.647911012172699,-0.47785186767578125
460753,1775274354.5528061,3.7318828105926514,0.0733644887804985,1.3175114393234253,-0.5562719702720642,0.23676909506320953,0.7013115882873535,-0.3777088522911072
460754,1775274354.5639174,3.7518792152404785,0.07298941165208817,1.32032310962677,-0.5384001731872559,0.2990358769893646,0.7390560507774353,-0.27294495701789856
460755,1775274354.5750284,3.772303581237793,0.07488764822483063,1.3227813243865967,-0.5119816660881042,0.3543654978275299,0.7656598091125488,-0.1614469289779663
460756,1775274354.5861394,3.793483257293701,0.07871508598327637,1.3259201049804688,-0.47692692279815674,0.40411895513534546,0.7790848016738892,-0.04749325290322304
460757,1775274354.5972507,3.815864324569702,0.08484159409999847,1.329145908355713,-0.4307895004749298,0.4492173194885254,0.7799986600875854,0.06501143425703049
460758,1775274354.6083617,3.8404290676116943,0.09309805929660797,1.3311793804168701,-0.3777206242084503,0.4815833866596222,0.7690255641937256,0.18440277874469757
460759,1775274354.619473,3.8664495944976807,0.10143294930458069,1.3345261812210083,-0.3136928379535675,0.5099730491638184,0.7442023158073425,0.2961204946041107
460760,1775274354.630584,3.8956902027130127,0.1088550016283989,1.337734341621399,-0.2466028928756714,0.5291757583618164,0.7059582471847534,0.40097776055336
460761,1775274354.641695,3.926783323287964,0.11621938645839691,1.3415294885635376,-0.17260287702083588,0.5373198986053467,0.6558782458305359,0.5013176798820496
460762,1775274354.6528063,3.9599149227142334,0.12458089739084244,1.3458222150802612,-0.09318408370018005,0.5344905257225037,0.5934028625488281,0.5945667624473572
460763,1775274354.6639173,3.995344877243042,0.1305391490459442,1.3512884378433228,-0.014187777414917946,0.5246086120605469,0.5193790197372437,0.6744108200073242
460764,1775274354.6750283,4.032471656799316,0.13351298868656158,1.3574738502502441,0.06270593404769897,0.5060725808143616,0.4355676472187042,0.7417812943458557
460765,1775274354.6861396,4.070117950439453,0.13412076234817505,1.3632272481918335,0.1426834911108017,0.47730904817581177,0.34413963556289673,0.7958552837371826
460766,1775274354.6972506,4.107809066772461,0.1351352483034134,1.3692481517791748,0.2182176262140274,0.440240740776062,0.25056326389312744,0.8341386318206787
460767,1775274354.7083619,4.144111156463623,0.13276836276054382,1.3758188486099243,0.29280322790145874,0.39207959175109863,0.14084771275520325,0.8606404066085815
460768,1775274354.719473,4.173139572143555,0.1275627613067627,1.3812522888183594,0.34977900981903076,0.35018736124038696,0.055806081742048264,0.8671270608901978
460769,1775274354.730584,4.175815582275391,0.12395064532756805,1.385277271270752,0.36187607049942017,0.3624655604362488,0.06492797285318375,0.8564163446426392
460770,1775274354.7416952,4.174286842346191,0.12477649748325348,1.387060523033142,0.3635135889053345,0.3682345151901245,0.05808421969413757,0.8537490367889404
460771,1775274354.7528062,4.174459934234619,0.12425254285335541,1.3869597911834717,0.361343115568161,0.3710126578807831,0.05124220997095108,0.8539057970046997
460772,1775274354.7639172,4.175025463104248,0.1234881728887558,1.3861212730407715,0.3691275119781494,0.36003708839416504,0.04863963648676872,0.8554252982139587
460773,1775274354.7750285,4.175388336181641,0.12331804633140564,1.385790467262268,0.3713342547416687,0.3527403175830841,0.047008149325847626,0.857598602771759
460774,1775274354.7861395,4.175333499908447,0.12326712161302567,1.385614275932312,0.3671320080757141,0.34954097867012024,0.048755623400211334,0.8606150150299072
460775,1775274354.7972507,4.1750102043151855,0.12338373064994812,1.3857827186584473,0.3663017749786377,0.3493688702583313,0.0524449348449707,0.8608216643333435
460776,1775274354.8083618,4.174217700958252,0.12375300377607346,1.38615083694458,0.36799919605255127,0.34994015097618103,0.05578504502773285,0.85965496301651
460777,1775274354.8194728,4.1733269691467285,0.12409231066703796,1.386374831199646,0.3688448667526245,0.35008636116981506,0.059780530631542206,0.8589641451835632
460778,1775274354.830584,4.171902179718018,0.12435513734817505,1.3868958950042725,0.3693290054798126,0.34944823384284973,0.06385853886604309,0.8587223887443542
460779,1775274354.841695,4.170444011688232,0.12502630054950714,1.387685775756836,0.3706234097480774,0.35061994194984436,0.07061594724655151,0.8571565747261047
460780,1775274354.852806,4.168863773345947,0.12535935640335083,1.3880523443222046,0.369351863861084,0.3504891097545624,0.07732012867927551,0.8571803569793701
460781,1775274354.8639174,4.166733264923096,0.12635813653469086,1.3885372877120972,0.3674422800540924,0.3516373634338379,0.08590130507946014,0.8567137718200684
460782,1775274354.8750284,4.164661407470703,0.1267133504152298,1.3885990381240845,0.3633304536342621,0.35327455401420593,0.09129462391138077,0.8572359085083008
460783,1775274354.8861396,4.162967681884766,0.1274000108242035,1.3886699676513672,0.3588007092475891,0.3524850308895111,0.10005590319633484,0.8584901094436646
460784,1775274354.8972507,4.161309242248535,0.1274627298116684,1.3881574869155884,0.35202282667160034,0.35292208194732666,0.10596566647291183,0.8604053854942322
460785,1775274354.9083617,4.159242630004883,0.12797513604164124,1.3874812126159668,0.34882280230522156,0.3519904911518097,0.11125120520591736,0.8614223599433899
460786,1775274354.919473,4.158128261566162,0.12816065549850464,1.3871500492095947,0.3433534502983093,0.35057446360588074,0.11543327569961548,0.8636441230773926
460787,1775274354.930584,4.1569294929504395,0.12841781973838806,1.3864237070083618,0.33974260091781616,0.34961238503456116,0.12007569521665573,0.8648282885551453
460788,1775274354.941695,4.155848503112793,0.12868668138980865,1.3858596086502075,0.33719080686569214,0.3495315909385681,0.1235489547252655,0.8653702735900879
460789,1775274354.9528062,4.155093193054199,0.12863647937774658,1.3848673105239868,0.3316195011138916,0.34936803579330444,0.12334851175546646,0.8676149249076843
460790,1775274354.9639173,4.1544389724731445,0.1289689540863037,1.3841967582702637,0.3275981545448303,0.3500601053237915,0.1244870275259018,0.868700385093689
460791,1775274354.9750285,4.1539130210876465,0.12933097779750824,1.3834056854248047,0.32429513335227966,0.35060834884643555,0.12591300904750824,0.8695127964019775
460792,1775274354.9861395,4.15359354019165,0.1296791285276413,1.3824793100357056,0.3216847777366638,0.35195183753967285,0.12566041946411133,0.8699760437011719
460793,1775274354.9972506,4.15336799621582,0.13006491959095,1.3817503452301025,0.3201914131641388,0.3533017337322235,0.125771626830101,0.8699637651443481
460794,1775274355.0083618,4.153352737426758,0.13050618767738342,1.381263017654419,0.3177962303161621,0.35319626331329346,0.12515957653522491,0.8709725141525269
460795,1775274355.0194728,4.153263568878174,0.13051018118858337,1.380772590637207,0.31658846139907837,0.353803813457489,0.12464921921491623,0.8712389469146729
460796,1775274355.0305839,4.153257369995117,0.13055598735809326,1.380185842514038,0.3147223889827728,0.3552245795726776,0.12382413446903229,0.8714544773101807
460797,1775274355.041695,4.152997970581055,0.1307416409254074,1.379614233970642,0.3117268681526184,0.3568201959133148,0.12428121268749237,0.8718141913414001
460798,1775274355.0528061,4.152543067932129,0.13059446215629578,1.3789877891540527,0.30986666679382324,0.35883828997612,0.12436168640851974,0.8716375231742859
460799,1775274355.0639174,4.152168273925781,0.13068649172782898,1.378327488899231,0.3087538182735443,0.3603442907333374,0.12376944720745087,0.8714954257011414
460800,1775274355.0750284,4.151840686798096,0.1308273822069168,1.3777384757995605,0.3074566721916199,0.3618049919605255,0.12349363416433334,0.8713878989219666
460801,1775274355.0861394,4.151684761047363,0.1308869570493698,1.3774235248565674,0.30479156970977783,0.3626413345336914,0.12438071519136429,0.8718501925468445
460802,1775274355.0972507,4.151780605316162,0.13066847622394562,1.3770182132720947,0.29879963397979736,0.36185115575790405,0.12543289363384247,0.87409907579422
460803,1775274355.1083617,4.151368618011475,0.13084463775157928,1.3764710426330566,0.29595786333084106,0.36306044459342957,0.12663856148719788,0.8743904829025269
460804,1775274355.119473,4.150670051574707,0.13091781735420227,1.3758851289749146,0.294729620218277,0.36495646834373474,0.1272190809249878,0.8739317059516907
460805,1775274355.130584,4.149899482727051,0.13099443912506104,1.3755747079849243,0.291913241147995,0.3654308319091797,0.12659074366092682,0.8747696280479431
460806,1775274355.141695,4.149374961853027,0.1310269981622696,1.374786615371704,0.29035452008247375,0.3656674027442932,0.127515509724617,0.8750551342964172
460807,1775274355.1528063,4.148733139038086,0.13115309178829193,1.3740826845169067,0.28769123554229736,0.3672544062137604,0.12876592576503754,0.8750870823860168
460808,1775274355.1639173,4.147942066192627,0.13145671784877777,1.373599648475647,0.2876015305519104,0.36871951818466187,0.13020530343055725,0.8742870688438416
460809,1775274355.1750283,4.147306442260742,0.1315891146659851,1.3730581998825073,0.2865399718284607,0.3700104057788849,0.13195815682411194,0.873827338218689
460810,1775274355.1861396,4.146740436553955,0.1316448599100113,1.3726739883422852,0.28444764018058777,0.37150317430496216,0.13341711461544037,0.8736559748649597
460811,1775274355.1972506,4.145840644836426,0.13183249533176422,1.3722245693206787,0.2828165590763092,0.37221115827560425,0.13434362411499023,0.8737422227859497
460812,1775274355.2083619,4.144984245300293,0.1319432556629181,1.371538519859314,0.2813013792037964,0.3722321689128876,0.13632343709468842,0.8739157319068909
460813,1775274355.219473,4.144250392913818,0.13216423988342285,1.3713082075119019,0.28006765246391296,0.37321725487709045,0.13783566653728485,0.8736546039581299
460814,1775274355.230584,4.143978118896484,0.13224849104881287,1.37137770652771,0.2752217650413513,0.37164515256881714,0.14161282777786255,0.8752592206001282
460815,1775274355.2416952,4.143370151519775,0.13230180740356445,1.3709183931350708,0.2727789878845215,0.3729001581668854,0.14420941472053528,0.8750661611557007
460816,1775274355.2528062,4.142611503601074,0.13249671459197998,1.3706986904144287,0.2705896198749542,0.3735394775867462,0.14593075215816498,0.875187873840332
460817,1775274355.2639172,4.141823768615723,0.13266851007938385,1.3702714443206787,0.26912784576416016,0.3736502230167389,0.14835770428180695,0.8751832246780396
460818,1775274355.2750285,4.140868186950684,0.1328667402267456,1.3700859546661377,0.2681126892566681,0.37543782591819763,0.15100428462028503,0.8742767572402954
460819,1775274355.2861395,4.140239715576172,0.13271977007389069,1.3695863485336304,0.26356789469718933,0.3766542673110962,0.15458951890468597,0.8745088577270508
460820,1775274355.2972507,4.139509677886963,0.1326572299003601,1.3693876266479492,0.2595418095588684,0.37843024730682373,0.15673084557056427,0.8745651245117188
460821,1775274355.3083618,4.138217926025391,0.1328757107257843,1.3691991567611694,0.25841662287712097,0.38004276156425476,0.15703687071800232,0.8741440773010254
460822,1775274355.3194728,4.137121677398682,0.13303469121456146,1.3688576221466064,0.2584611475467682,0.3804702162742615,0.16014467179775238,0.8733808398246765
460823,1775274355.330584,4.136330604553223,0.13313758373260498,1.36855947971344,0.25610873103141785,0.38099393248558044,0.16425001621246338,0.8730831146240234
460824,1775274355.341695,4.134891510009766,0.13291098177433014,1.3679319620132446,0.253298282623291,0.38429927825927734,0.16570447385311127,0.8721789121627808
460825,1775274355.352806,4.133881568908691,0.13292881846427917,1.3677502870559692,0.2511037588119507,0.3852759599685669,0.16827011108398438,0.871891438961029
460826,1775274355.3639174,4.132640361785889,0.13309955596923828,1.3673110008239746,0.2508678138256073,0.38656213879585266,0.17158198356628418,0.8707438111305237
460827,1775274355.3750284,4.13163948059082,0.1331299990415573,1.3672444820404053,0.24833953380584717,0.3878275454044342,0.17467083036899567,0.8702915906906128
460828,1775274355.3861396,4.130552291870117,0.13316959142684937,1.3673821687698364,0.24565725028514862,0.38883087038993835,0.17867617309093475,0.8697919249534607
460829,1775274355.3972507,4.129255771636963,0.13317562639713287,1.367412805557251,0.24085992574691772,0.3912999629974365,0.18095763027668,0.8695545792579651
460830,1775274355.4083617,4.127973556518555,0.13328902423381805,1.367218017578125,0.2401738166809082,0.39218658208847046,0.18382994830608368,0.868742048740387
460831,1775274355.419473,4.1268110275268555,0.13359065353870392,1.367261290550232,0.23977026343345642,0.3917413055896759,0.18836179375648499,0.8680834770202637
460832,1775274355.430584,4.125432968139648,0.13363999128341675,1.3670878410339355,0.23804688453674316,0.3931564390659332,0.19199535250663757,0.8671213984489441
460833,1775274355.441695,4.124274253845215,0.13357970118522644,1.3669929504394531,0.23731066286563873,0.3940366208553314,0.1959107667207718,0.8660472631454468
460834,1775274355.4528062,4.1232218742370605,0.13370710611343384,1.367193579673767,0.23499628901481628,0.3944159150123596,0.20083464682102203,0.8653775453567505
460835,1775274355.4639173,4.121908664703369,0.1337585151195526,1.3673818111419678,0.23267145454883575,0.39610862731933594,0.20570485293865204,0.8640877604484558
460836,1775274355.4750285,4.120641231536865,0.13373138010501862,1.3674850463867188,0.22846193611621857,0.39742881059646606,0.210247203707695,0.8635112643241882
460837,1775274355.4861395,4.119389057159424,0.13389898836612701,1.3677725791931152,0.22645539045333862,0.39773935079574585,0.21535661816596985,0.8626372814178467
460838,1775274355.4972506,4.117556571960449,0.13394272327423096,1.367605209350586,0.22709275782108307,0.39979755878448486,0.21782679855823517,0.8608962297439575
460839,1775274355.5083618,4.116292953491211,0.13408201932907104,1.367552399635315,0.22575320303440094,0.4003216028213501,0.2231244295835495,0.8596473932266235
460840,1775274355.5194728,4.1147942543029785,0.13411466777324677,1.3677287101745605,0.2245761901140213,0.4013975262641907,0.2280234396457672,0.8581671714782715
460841,1775274355.5305839,4.113264560699463,0.1341896802186966,1.3678869009017944,0.22228123247623444,0.4027424454689026,0.2342146635055542,0.8564654588699341
460842,1775274355.541695,4.1117634773254395,0.13416257500648499,1.3683414459228516,0.21837279200553894,0.4040820002555847,0.23847812414169312,0.8556630611419678
460843,1775274355.5528061,4.11012601852417,0.13412262499332428,1.3684923648834229,0.21703271567821503,0.404875785112381,0.24345912039279938,0.8542249202728271
460844,1775274355.5639174,4.108534336090088,0.13424579799175262,1.36869478225708,0.2156103253364563,0.406027615070343,0.24879923462867737,0.8524978756904602
460845,1775274355.5750284,4.10694694519043,0.1343313753604889,1.3690720796585083,0.21365299820899963,0.40696507692337036,0.2550487518310547,0.850695013999939
460846,1775274355.5861394,4.105169773101807,0.13436903059482574,1.3693749904632568,0.21305309236049652,0.4080309569835663,0.2595856189727783,0.848960816860199
460847,1775274355.5972507,4.103484153747559,0.13433213531970978,1.3695160150527954,0.2110031247138977,0.40930992364883423,0.265735000371933,0.8469521403312683
460848,1775274355.6083617,4.101662635803223,0.13439606130123138,1.3696606159210205,0.2098870575428009,0.410779744386673,0.27024221420288086,0.8450897336006165
460849,1775274355.619473,4.099912166595459,0.1344553381204605,1.3700218200683594,0.20633073151111603,0.4121972918510437,0.27561086416244507,0.8435400724411011
460850,1775274355.630584,4.09816312789917,0.13447172939777374,1.3703304529190063,0.20610253512859344,0.41299599409103394,0.2824898660182953,0.8409254550933838
460851,1775274355.641695,4.096330642700195,0.1344381719827652,1.3705674409866333,0.20433291792869568,0.41361203789711,0.2876394987106323,0.8393071889877319
460852,1775274355.6528063,4.094514846801758,0.13426697254180908,1.3711766004562378,0.20138949155807495,0.41606542468070984,0.29347917437553406,0.8367806673049927
460853,1775274355.6639173,4.092522621154785,0.13419511914253235,1.3713830709457397,0.19988161325454712,0.4178377389907837,0.29834410548210144,0.8345357775688171
460854,1775274355.6750283,4.0908589363098145,0.13433799147605896,1.3716574907302856,0.19921864569187164,0.417054682970047,0.3059907853603363,0.8323141932487488
460855,1775274355.6861396,4.089347839355469,0.13434413075447083,1.3722354173660278,0.1965508610010147,0.4165169298648834,0.31320106983184814,0.8305338621139526
460856,1775274355.6972506,4.087148189544678,0.13441461324691772,1.3728077411651611,0.19662417471408844,0.4187599718570709,0.31777629256248474,0.8276455998420715
460857,1775274355.7083619,4.085348606109619,0.13435718417167664,1.3732070922851562,0.19505290687084198,0.41892412304878235,0.3243018090724945,0.8254001140594482
460858,1775274355.719473,4.083001136779785,0.13415051996707916,1.3734195232391357,0.19380934536457062,0.4212438762187958,0.3296746611595154,0.8223782777786255
460859,1775274355.730584,4.062194347381592,0.13538390398025513,1.3852423429489136,0.21800850331783295,0.4399595856666565,0.3380246162414551,0.8028993606567383
460860,1775274355.7416952,4.031297206878662,0.1372227668762207,1.4059898853302002,0.2322782278060913,0.4708443582057953,0.3588380515575409,0.7717433571815491
460861,1775274355.7528062,4.000638484954834,0.13747431337833405,1.4264020919799805,0.24640335142612457,0.4964875876903534,0.37374845147132874,0.7437052726745605
460862,1775274355.7639172,3.9696381092071533,0.13607726991176605,1.4469836950302124,0.2656681537628174,0.5244663953781128,0.382191002368927,0.7129414677619934
460863,1775274355.7750285,3.9380931854248047,0.13356134295463562,1.4674540758132935,0.28373804688453674,0.5482183694839478,0.3896098732948303,0.6834863424301147
460864,1775274355.7861395,3.9073188304901123,0.12985862791538239,1.4874343872070312,0.2995450496673584,0.5729773044586182,0.4001913070678711,0.6494741439819336
460865,1775274355.7972507,3.878081798553467,0.1294037103652954,1.5063965320587158,0.3101765513420105,0.5994446277618408,0.4327278137207031,0.5976648926734924
460866,1775274355.8083618,3.8506195545196533,0.12984749674797058,1.5250182151794434,0.3155898153781891,0.6227397918701172,0.4742524325847626,0.5363608598709106
460867,1775274355.8194728,3.8235487937927246,0.12863747775554657,1.5435266494750977,0.31821751594543457,0.6414366364479065,0.5166872143745422,0.4693942964076996
460868,1775274355.830584,3.797520875930786,0.12608124315738678,1.562006950378418,0.31688234210014343,0.6558356881141663,0.5552637577056885,0.40143176913261414
460869,1775274355.841695,3.771529197692871,0.12181748449802399,1.5807850360870361,0.313123881816864,0.6686837077140808,0.5872332453727722,0.331621378660202
460870,1775274355.852806,3.746631145477295,0.11669810861349106,1.5992671251296997,0.30813589692115784,0.6769670844078064,0.6169335246086121,0.2572178244590759
460871,1775274355.8639174,3.724332332611084,0.11429041624069214,1.6153813600540161,0.2898857295513153,0.6736218333244324,0.6599218845367432,0.16341064870357513
460872,1775274355.8750284,3.704455614089966,0.11169520765542984,1.6304214000701904,0.2659999430179596,0.6607698798179626,0.6989063024520874,0.06447620689868927
460873,1775274355.8861396,3.685107946395874,0.108001209795475,1.6445460319519043,0.23891441524028778,0.6411827206611633,0.7283215522766113,-0.036775853484869
460874,1775274355.8972507,3.6674764156341553,0.10299845039844513,1.6579093933105469,0.2040892243385315,0.6152529120445251,0.7489246129989624,-0.13756249845027924
460875,1775274355.9083617,3.650872230529785,0.09788167476654053,1.6700190305709839,0.16738098859786987,0.5773226022720337,0.7623714804649353,-0.23973336815834045
460876,1775274355.919473,3.635201930999756,0.09336864948272705,1.6817984580993652,0.12780003249645233,0.537032961845398,0.7627386450767517,-0.3368864953517914
460877,1775274355.930584,3.619816303253174,0.091977559030056,1.6929099559783936,0.08880536258220673,0.4861551821231842,0.7562949061393738,-0.4287015199661255
460878,1775274355.941695,3.604804515838623,0.09137474745512009,1.7029790878295898,0.04656553640961647,0.4310990273952484,0.7393354177474976,-0.5151392221450806
460879,1775274355.9528062,3.5902230739593506,0.09036749601364136,1.7127039432525635,0.0017083329148590565,0.3718889355659485,0.7112937569618225,-0.5964536666870117
460880,1775274355.9639173,3.575338125228882,0.09003983438014984,1.7221516370773315,-0.04105072468519211,0.3068314492702484,0.6744242906570435,-0.6703143119812012
460881,1775274355.9750285,3.55964732170105,0.09026727080345154,1.7315737009048462,-0.08048959076404572,0.2379128634929657,0.6314459443092346,-0.7336177825927734
460882,1775274355.9861395,3.5436978340148926,0.09408392012119293,1.7408709526062012,-0.12247766554355621,0.16768890619277954,0.5801503658294678,-0.7875945568084717
460883,1775274355.9972506,3.526026487350464,0.09798429906368256,1.7499735355377197,-0.160371795296669,0.09400054067373276,0.525019645690918,-0.8305415511131287
460884,1775274356.0083618,3.5079877376556396,0.10185375809669495,1.759521484375,-0.1981252133846283,0.02028515376150608,0.4608825743198395,-0.8648249506950378
460885,1775274356.0194728,3.489163398742676,0.10501143336296082,1.7703168392181396,-0.22944803535938263,-0.05424026772379875,0.39201831817626953,-0.8892318606376648
460886,1775274356.0305839,3.469728469848633,0.10920396447181702,1.7807687520980835,-0.26200157403945923,-0.12829218804836273,0.31095579266548157,-0.9045456647872925
460887,1775274356.041695,3.448554277420044,0.11484270542860031,1.7917083501815796,-0.2913369834423065,-0.20154103636741638,0.23110388219356537,-0.9061430096626282
460888,1775274356.0528061,3.426551580429077,0.11957920342683792,1.8042494058609009,-0.3160055875778198,-0.27117034792900085,0.14682623744010925,-0.8972454071044922
460889,1775274356.0639174,3.403402090072632,0.12264250218868256,1.8170799016952515,-0.33700457215309143,-0.33637985587120056,0.06234191358089447,-0.8771488070487976
460890,1775274356.0750284,3.380188226699829,0.12486588209867477,1.8308112621307373,-0.3532296121120453,-0.40023332834243774,-0.02552827075123787,-0.8452162742614746
460891,1775274356.0861394,3.3560855388641357,0.1273488700389862,1.8455653190612793,-0.363721638917923,-0.4587339162826538,-0.11390458047389984,-0.802680253982544
460892,1775274356.0972507,3.3320045471191406,0.12894296646118164,1.8605684041976929,-0.3712373375892639,-0.5078245997428894,-0.20299319922924042,-0.7503937482833862
460893,1775274356.1083617,3.307248592376709,0.1284601241350174,1.8760370016098022,-0.37433791160583496,-0.552888035774231,-0.28753161430358887,-0.6866669654846191
460894,1775274356.119473,3.2828803062438965,0.12865662574768066,1.8917125463485718,-0.3740994930267334,-0.587303638458252,-0.3697405159473419,-0.6151552796363831
460895,1775274356.130584,3.258711338043213,0.12726391851902008,1.9073407649993896,-0.3660373091697693,-0.6155962944030762,-0.4466665983200073,-0.5362340807914734
460896,1775274356.141695,3.2357027530670166,0.1234603300690651,1.9231147766113281,-0.3535139262676239,-0.6356748342514038,-0.5192535519599915,-0.4486883282661438
460897,1775274356.1528063,3.21368408203125,0.11789102107286453,1.9389106035232544,-0.3342389762401581,-0.6485689878463745,-0.5841679573059082,-0.3555144667625427
460898,1775274356.1639173,3.1925179958343506,0.11437362432479858,1.9543774127960205,-0.31276947259902954,-0.6510932445526123,-0.641514003276825,-0.2582879662513733
460899,1775274356.1750283,3.1724610328674316,0.1114136353135109,1.9689457416534424,-0.28724151849746704,-0.6456075310707092,-0.6888379454612732,-0.16181951761245728
460900,1775274356.1861396,3.153606653213501,0.10683245956897736,1.9830859899520874,-0.2576916217803955,-0.6331228017807007,-0.7273637652397156,-0.06076648831367493
460901,1775274356.1972506,3.135854959487915,0.1007976084947586,1.9960124492645264,-0.22472701966762543,-0.6104484796524048,-0.7584868669509888,0.03934897482395172
460902,1775274356.2083619,3.1186561584472656,0.09604798257350922,2.008074998855591,-0.1902725100517273,-0.579964816570282,-0.7803130745887756,0.1361934244632721
460903,1775274356.219473,3.103008508682251,0.09381335228681564,2.019317150115967,-0.15219911932945251,-0.5444756150245667,-0.7916827201843262,0.2315608412027359
460904,1775274356.230584,3.0872459411621094,0.09149089455604553,2.030517339706421,-0.1135544702410698,-0.5038809180259705,-0.7927911877632141,0.3235607445240021
460905,1775274356.2416952,3.0716960430145264,0.08938486129045486,2.040625810623169,-0.07667960971593857,-0.45749104022979736,-0.7864109873771667,0.40789711475372314
460906,1775274356.2528062,3.056382179260254,0.08667756617069244,2.0503549575805664,-0.03877926617860794,-0.40472275018692017,-0.7712476849555969,0.48976796865463257
460907,1775274356.2639172,3.042099714279175,0.08456802368164062,2.0593044757843018,0.003020169213414192,-0.34718620777130127,-0.7462105751037598,0.5679985880851746
460908,1775274356.2750285,3.0276150703430176,0.08616022020578384,2.068045139312744,0.046126410365104675,-0.28818321228027344,-0.7115933895111084,0.6391069889068604
460909,1775274356.2861395,3.012479066848755,0.08852565288543701,2.0770957469940186,0.08552084863185883,-0.22579772770404816,-0.6706345677375793,0.7013921141624451
460910,1775274356.2972507,2.9970827102661133,0.09075786173343658,2.0861127376556396,0.1250368356704712,-0.16137737035751343,-0.6204758882522583,0.75718754529953
460911,1775274356.3083618,2.980299949645996,0.0930209755897522,2.0951380729675293,0.16110868752002716,-0.09402523934841156,-0.5665697455406189,0.8026220202445984
460912,1775274356.3194728,2.9629626274108887,0.09682722389698029,2.1042416095733643,0.1983650028705597,-0.026679344475269318,-0.5043845176696777,0.8399617671966553
460913,1775274356.330584,2.9446866512298584,0.10247283428907394,2.1140854358673096,0.23038800060749054,0.04024015739560127,-0.4361313283443451,0.8689601421356201
460914,1775274356.341695,2.926445722579956,0.10793491452932358,2.1246373653411865,0.26076099276542664,0.10739610344171524,-0.3590836226940155,0.889678955078125
460915,1775274356.352806,2.905820369720459,0.11193150281906128,2.1352121829986572,0.2888793349266052,0.17374175786972046,-0.28429755568504333,0.8975173830986023
460916,1775274356.3639174,2.8849878311157227,0.11516215652227402,2.14646053314209,0.3152090907096863,0.23850521445274353,-0.20286495983600616,0.8958819508552551
460917,1775274356.3750284,2.8630099296569824,0.11975111067295074,2.158761739730835,0.33519434928894043,0.3004171550273895,-0.11861036717891693,0.8850569725036621
460918,1775274356.3861396,2.840456247329712,0.1241389736533165,2.1716020107269287,0.35192734003067017,0.3597418963909149,-0.03068317286670208,0.8635921478271484
460919,1775274356.3972507,2.816866874694824,0.1266017109155655,2.185582399368286,0.3643553853034973,0.4122472107410431,0.05393173173069954,0.833299994468689
460920,1775274356.4083617,2.793046712875366,0.12697458267211914,2.199535369873047,0.37191006541252136,0.46147820353507996,0.14169853925704956,0.7928696870803833
460921,1775274356.419473,2.768855094909668,0.12794220447540283,2.2138285636901855,0.37771835923194885,0.5059797763824463,0.2281869500875473,0.7411100268363953
460922,1775274356.430584,2.744612693786621,0.12931837141513824,2.228677988052368,0.3775745630264282,0.5426115393638611,0.3137209117412567,0.6816080212593079
460923,1775274356.441695,2.7205584049224854,0.12825654447078705,2.2439489364624023,0.3724469244480133,0.5741405487060547,0.39321789145469666,0.6140241026878357
460924,1775274356.4528062,2.6970407962799072,0.12566401064395905,2.2590863704681396,0.36260083317756653,0.597451388835907,0.4688941240310669,0.5401026606559753
460925,1775274356.4639173,2.674417018890381,0.12248004227876663,2.2740297317504883,0.347589910030365,0.6134415864944458,0.5401317477226257,0.4594871699810028
460926,1775274356.4750285,2.652503728866577,0.11761309951543808,2.2888271808624268,0.3290991187095642,0.6230351328849792,0.6051742434501648,0.3705200254917145
460927,1775274356.4861395,2.6312997341156006,0.11283335089683533,2.303250312805176,0.3072320818901062,0.6240148544311523,0.6612206101417542,0.2810717523097992
460928,1775274356.4972506,2.6116795539855957,0.10968184471130371,2.3163063526153564,0.2804035544395447,0.6149522662162781,0.7123105525970459,0.18926522135734558
460929,1775274356.5083618,2.592625379562378,0.1060316264629364,2.3291165828704834,0.2520413398742676,0.6010239720344543,0.752486526966095,0.0949176698923111
460930,1775274356.5194728,2.5747852325439453,0.10119596123695374,2.3415355682373047,0.22117789089679718,0.5794820785522461,0.7843959331512451,0.0019955390598624945
460931,1775274356.5305839,2.5585482120513916,0.09521666914224625,2.353073835372925,0.18502949178218842,0.5521762371063232,0.8074784278869629,-0.09404341131448746
460932,1775274356.541695,2.542386531829834,0.09170567989349365,2.3642361164093018,0.14915524423122406,0.5196049213409424,0.8207438588142395,-0.18477866053581238
460933,1775274356.5528061,2.527174472808838,0.08948217332363129,2.3745977878570557,0.1114153191447258,0.4818987250328064,0.8248288631439209,-0.2738933861255646
460934,1775274356.5639174,2.5122342109680176,0.08721053600311279,2.383974552154541,0.07447730749845505,0.4389984607696533,0.8213443160057068,-0.356548935174942
460935,1775274356.5750284,2.4975767135620117,0.08461980521678925,2.3935155868530273,0.03570739924907684,0.3908974826335907,0.8095741271972656,-0.4364789128303528
460936,1775274356.5861394,2.4834327697753906,0.0821852833032608,2.4021854400634766,-0.0024882734287530184,0.338918000459671,0.7898926734924316,-0.5110753178596497
460937,1775274356.5972507,2.469801664352417,0.08179515600204468,2.410353899002075,-0.04523143544793129,0.28351104259490967,0.7599002122879028,-0.5832043290138245
460938,1775274356.6083617,2.4553158283233643,0.08449205756187439,2.419158458709717,-0.08209681510925293,0.22690370678901672,0.7227761149406433,-0.6475875377655029
460939,1775274356.619473,2.440443992614746,0.08711148053407669,2.4276907444000244,-0.11924251914024353,0.16802698373794556,0.6797373294830322,-0.7039214372634888
460940,1775274356.630584,2.4252591133117676,0.08981674909591675,2.436168909072876,-0.1568155139684677,0.10725068300962448,0.6282256245613098,-0.7544792294502258
460941,1775274356.641695,2.409369707107544,0.09211501479148865,2.445155620574951,-0.1921677440404892,0.04503856599330902,0.5708128809928894,-0.797004222869873
460942,1775274356.6528063,2.3924617767333984,0.09432928264141083,2.454575538635254,-0.22443966567516327,-0.01655387692153454,0.5092339515686035,-0.8306827545166016
460943,1775274356.6639173,2.3749988079071045,0.09924066066741943,2.4640960693359375,-0.2559123933315277,-0.07838911563158035,0.43974658846855164,-0.8573138117790222
460944,1775274356.6750283,2.356487512588501,0.1053907573223114,2.4744391441345215,-0.28373271226882935,-0.13973203301429749,0.3649863004684448,-0.8756458759307861
460945,1775274356.6861396,2.3369874954223633,0.11040490120649338,2.4852070808410645,-0.3101400136947632,-0.19937050342559814,0.2878054678440094,-0.8838736414909363
460946,1775274356.6972506,2.31646466255188,0.1140023022890091,2.4965713024139404,-0.3316798508167267,-0.25840115547180176,0.20668372511863708,-0.88345867395401
460947,1775274356.7083619,2.2951302528381348,0.1177360936999321,2.508652925491333,-0.3509764075279236,-0.313103049993515,0.12380138039588928,-0.8737593293190002
460948,1775274356.719473,2.2731940746307373,0.12161209434270859,2.521559953689575,-0.36443227529525757,-0.36561936140060425,0.037413451820611954,-0.855635404586792
460949,1775274356.730584,2.250314474105835,0.12380550801753998,2.5348827838897705,-0.37545937299728394,-0.4143562316894531,-0.0485885813832283,-0.8276342153549194
460950,1775274356.7416952,2.227243185043335,0.1255679428577423,2.5485429763793945,-0.3821680545806885,-0.45868778228759766,-0.13720232248306274,-0.7903977036476135
460951,1775274356.7528062,2.203643798828125,0.12687133252620697,2.562502145767212,-0.38537245988845825,-0.49740663170814514,-0.22452262043952942,-0.7440862655639648
460952,1775274356.7639172,2.1797239780426025,0.12707021832466125,2.576655387878418,-0.38558995723724365,-0.5298789143562317,-0.3103272616863251,-0.6886550784111023
460953,1775274356.7750285,2.1565704345703125,0.12652583420276642,2.5912394523620605,-0.37818443775177,-0.5561428070068359,-0.39247432351112366,-0.6274118423461914
460954,1775274356.7861395,2.1328928470611572,0.12483334541320801,2.6059226989746094,-0.37163078784942627,-0.5756629705429077,-0.46588268876075745,-0.5598715543746948
460955,1775274356.7972507,2.1110479831695557,0.12171708792448044,2.620676279067993,-0.354045033454895,-0.5923791527748108,-0.5387755632400513,-0.48317694664001465
460956,1775274356.8083618,2.0889642238616943,0.11686288565397263,2.6351091861724854,-0.33702918887138367,-0.6002519130706787,-0.601701557636261,-0.4050484597682953
460957,1775274356.8194728,2.068110466003418,0.11243356764316559,2.6487958431243896,-0.3150046169757843,-0.6009280681610107,-0.66047602891922,-0.3216039538383484
460958,1775274356.830584,2.0484766960144043,0.10909754782915115,2.66192889213562,-0.28960928320884705,-0.5941302180290222,-0.7126219272613525,-0.23517194390296936
460959,1775274356.841695,2.0297932624816895,0.10491397231817245,2.67391037940979,-0.259813129901886,-0.5804516673088074,-0.7578672170639038,-0.14563806354999542
460960,1775274356.852806,2.0118629932403564,0.09959930181503296,2.685739278793335,-0.22860240936279297,-0.5601972937583923,-0.7942526340484619,-0.05552366003394127
460961,1775274356.8639174,1.9947408437728882,0.09387722611427307,2.696758985519409,-0.19650442898273468,-0.5337156057357788,-0.8219048380851746,0.031720615923404694
460962,1775274356.8750284,1.9790544509887695,0.09088298678398132,2.707367181777954,-0.16047979891300201,-0.5041888952255249,-0.8400583863258362,0.11975687742233276
460963,1775274356.8861396,1.963627815246582,0.08905687183141708,2.717491865158081,-0.12547177076339722,-0.4695778787136078,-0.8499063849449158,0.20350104570388794
460964,1775274356.8972507,1.9492436647415161,0.08690474927425385,2.7268154621124268,-0.0881713479757309,-0.430528461933136,-0.8516948819160461,0.28545910120010376
460965,1775274356.9083617,1.9353466033935547,0.08424492925405502,2.736199140548706,-0.049106352031230927,-0.3881746530532837,-0.8447331190109253,0.3651506006717682
460966,1775274356.919473,1.9217026233673096,0.08138340711593628,2.7446610927581787,-0.01008802279829979,-0.340749591588974,-0.8301383256912231,0.4412012994289398
460967,1775274356.930584,1.9083243608474731,0.07877308875322342,2.7527458667755127,0.029041606932878494,-0.2900506854057312,-0.8083828687667847,0.5114140510559082
460968,1775274356.941695,1.8947964906692505,0.07828228175640106,2.760751962661743,0.06795520335435867,-0.23710036277770996,-0.7774959802627563,0.578502893447876
460969,1775274356.9528062,1.8805084228515625,0.08131970465183258,2.7690834999084473,0.10471270978450775,-0.1838775873184204,-0.7408710718154907,0.6374436616897583
460970,1775274356.9639173,1.8662691116333008,0.08482873439788818,2.777211904525757,0.1410284787416458,-0.12915241718292236,-0.696812093257904,0.6912912726402283
460971,1775274356.9750285,1.8512377738952637,0.08793282508850098,2.7858011722564697,0.17630541324615479,-0.07262741029262543,-0.6467936635017395,0.7384441494941711
460972,1775274356.9861395,1.8352659940719604,0.09070396423339844,2.794895887374878,0.2080117017030716,-0.017042674124240875,-0.5922159552574158,0.7782807946205139
460973,1775274356.9972506,1.8189736604690552,0.0931505486369133,2.8040897846221924,0.23952411115169525,0.039569105952978134,-0.5317897796630859,0.8113336563110352
460974,1775274357.0083618,1.8023176193237305,0.09829546511173248,2.813671588897705,0.269001305103302,0.09742384403944016,-0.46245649456977844,0.8392145037651062
460975,1775274357.0194728,1.7850518226623535,0.10498269647359848,2.8230087757110596,0.2976500988006592,0.15469259023666382,-0.38742324709892273,0.858707070350647
460976,1775274357.0305839,1.7664556503295898,0.11004989594221115,2.8339476585388184,0.32008880376815796,0.2095673829317093,-0.3104615807533264,0.8701943755149841
460977,1775274357.041695,1.7466535568237305,0.11382335424423218,2.8448615074157715,0.3422222435474396,0.2633373737335205,-0.23234328627586365,0.8715239763259888
460978,1775274357.0528061,1.726440191268921,0.11730567365884781,2.856762647628784,0.358060359954834,0.313533753156662,-0.14881394803524017,0.8668009638786316
460979,1775274357.0639174,1.7056665420532227,0.12183312326669693,2.869143486022949,0.37150171399116516,0.36171984672546387,-0.06210775300860405,0.8528117537498474
460980,1775274357.0750284,1.6837488412857056,0.1249082013964653,2.881896734237671,0.3835180401802063,0.404673308134079,0.0238655898720026,0.8298095464706421
460981,1775274357.0861394,1.6606968641281128,0.12621039152145386,2.8952279090881348,0.3899129331111908,0.4455038607120514,0.10754666477441788,0.7987040281295776
460982,1775274357.0972507,1.637933373451233,0.12780149281024933,2.9086782932281494,0.39324718713760376,0.4813481867313385,0.19411231577396393,0.7589341402053833
460983,1775274357.1083617,1.6149780750274658,0.1284809410572052,2.92263126373291,0.3916768431663513,0.511489748954773,0.2788383662700653,0.7121914029121399
460984,1775274357.119473,1.5922201871871948,0.12861444056034088,2.9365837574005127,0.38612139225006104,0.5367916822433472,0.36193451285362244,0.6570908427238464
460985,1775274357.130584,1.5692150592803955,0.1273055374622345,2.9509100914001465,0.3784678876399994,0.5562794208526611,0.4371767044067383,0.596818208694458
460986,1775274357.141695,1.5468515157699585,0.12462881207466125,2.965019941329956,0.36493611335754395,0.5702559947967529,0.5103299021720886,0.5302764773368835
460987,1775274357.1528063,1.5256327390670776,0.1213449016213417,2.978449583053589,0.3466394543647766,0.5777311325073242,0.5798429846763611,0.45809391140937805
460988,1775274357.1639173,1.5044981241226196,0.11669379472732544,2.9920239448547363,0.32575854659080505,0.5801353454589844,0.6416959166526794,0.3815111219882965
460989,1775274357.1750283,1.4845490455627441,0.11258116364479065,3.004915952682495,0.3028865456581116,0.5762555003166199,0.6952759027481079,0.30459946393966675
460990,1775274357.1861396,1.4659974575042725,0.1084400862455368,3.0172457695007324,0.2729107141494751,0.5670584440231323,0.7457547187805176,0.2186650037765503
460991,1775274357.1972506,1.447812795639038,0.10370846092700958,3.0288758277893066,0.2443091869354248,0.549054741859436,0.787638783454895,0.13593082129955292
460992,1775274357.2083619,1.4298677444458008,0.09810961782932281,3.0403497219085693,0.21587607264518738,0.528518795967102,0.8192480802536011,0.05383320152759552
460993,1775274357.219473,1.4133926630020142,0.0939493477344513,3.050772190093994,0.18365396559238434,0.5007504224777222,0.8453696966171265,-0.029501214623451233
460994,1775274357.230584,1.3982956409454346,0.09039944410324097,3.060368776321411,0.14752505719661713,0.470182865858078,0.8628175258636475,-0.11274002492427826
460995,1775274357.2416952,1.3837894201278687,0.0866139605641365,3.0699098110198975,0.1107541173696518,0.43586936593055725,0.8718624114990234,-0.19392618536949158
460996,1775274357.2528062,1.3702656030654907,0.08250100165605545,3.0788090229034424,0.0724298506975174,0.3970387876033783,0.8728616833686829,-0.27427464723587036
460997,1775274357.2639172,1.3571982383728027,0.07973267138004303,3.087456226348877,0.034959856420755386,0.35379576683044434,0.8657344579696655,-0.35229310393333435
460998,1775274357.2750285,1.343982219696045,0.07853230088949203,3.095935106277466,-0.0032624073792248964,0.3090866208076477,0.8511831760406494,-0.42419588565826416
460999,1775274357.2861395,1.330942153930664,0.07751675695180893,3.104128837585449,-0.04312052205204964,0.26236310601234436,0.8285267353057861,-0.49279794096946716
461000,1775274357.2972507,1.317990779876709,0.07806168496608734,3.112305164337158,-0.08039486408233643,0.21341867744922638,0.7986841797828674,-0.5568598508834839
461001,1775274357.3083618,1.3039360046386719,0.08036939054727554,3.120457649230957,-0.11516930162906647,0.16241690516471863,0.7650725245475769,-0.6123893857002258
461002,1775274357.3194728,1.2901723384857178,0.08262185752391815,3.128570079803467,-0.1512337177991867,0.10971318185329437,0.7224435210227966,-0.6657077074050903
461003,1775274357.330584,1.2762531042099,0.08456514775753021,3.1373162269592285,-0.18344318866729736,0.05636908486485481,0.6741151809692383,-0.7132599949836731
461004,1775274357.341695,1.2613757848739624,0.08675989508628845,3.1459879875183105,-0.21532559394836426,0.002748166210949421,0.6203588247299194,-0.7541764974594116
461005,1775274357.352806,1.2457396984100342,0.09193103015422821,3.1547794342041016,-0.24757863581180573,-0.05167040601372719,0.5613683462142944,-0.7879725694656372
461006,1775274357.3639174,1.230098843574524,0.09754195809364319,3.1640379428863525,-0.2747758626937866,-0.1065559834241867,0.49527856707572937,-0.8172168135643005
461007,1775274357.3750284,1.2125928401947021,0.10236337035894394,3.174222469329834,-0.3014640510082245,-0.15780824422836304,0.4286501407623291,-0.8369438648223877
461008,1775274357.3861396,1.1947311162948608,0.10616600513458252,3.1845955848693848,-0.32512015104293823,-0.20815643668174744,0.3567899763584137,-0.8506872653961182
461009,1775274357.3972507,1.1845109462738037,0.11095060408115387,3.1855294704437256,-0.3410574793815613,-0.2408434897661209,0.29161810874938965,-0.860600471496582
461010,1775274357.4083617,1.1829564571380615,0.11456458270549774,3.1770827770233154,-0.3443673849105835,-0.2572963237762451,0.24601376056671143,-0.8687272667884827
461011,1775274357.419473,1.1815567016601562,0.11783120036125183,3.1663925647735596,-0.35798323154449463,-0.27018311619758606,0.1938886195421219,-0.8725001215934753
461012,1775274357.430584,1.1806985139846802,0.11937601864337921,3.1561129093170166,-0.36762386560440063,-0.2827647030353546,0.14042715728282928,-0.8747439980506897
461013,1775274357.441695,1.1790510416030884,0.11926838010549545,3.146289110183716,-0.3750491738319397,-0.29552170634269714,0.08999016880989075,-0.8740176558494568
461014,1775274357.4528062,1.1767665147781372,0.11993865668773651,3.1373729705810547,-0.375203013420105,-0.30300042033195496,0.04515799880027771,-0.8748566508293152
461015,1775274357.4639173,1.1733019351959229,0.122462198138237,3.1304209232330322,-0.3619048595428467,-0.30487725138664246,0.009659776464104652,-0.8808980584144592
461016,1775274357.4750285,1.1683320999145508,0.12478683143854141,3.123387575149536,-0.3447370231151581,-0.3030415177345276,-0.008981638588011265,-0.8883927464485168
461017,1775274357.4861395,1.163923978805542,0.1253657341003418,3.1162426471710205,-0.3293587267398834,-0.302102267742157,-0.034915532916784286,-0.893889307975769
461018,1775274357.4972506,1.1593477725982666,0.12527669966220856,3.1094932556152344,-0.3110983967781067,-0.301882266998291,-0.05895371735095978,-0.8992271423339844
461019,1775274357.5083618,1.1540199518203735,0.12672434747219086,3.103807210922241,-0.2847447991371155,-0.29791441559791565,-0.07307279109954834,-0.9082003235816956
461020,1775274357.5194728,1.1487085819244385,0.12844432890415192,3.0980875492095947,-0.2566760182380676,-0.29541313648223877,-0.08736196905374527,-0.9160876274108887
461021,1775274357.5305839,1.1431142091751099,0.12914744019508362,3.092237710952759,-0.22892194986343384,-0.2918218672275543,-0.10051707923412323,-0.9232178330421448
461022,1775274357.541695,1.137803554534912,0.1289081573486328,3.0864737033843994,-0.19879914820194244,-0.289265900850296,-0.11508864164352417,-0.9292787313461304
461023,1775274357.5528061,1.1322593688964844,0.13005952537059784,3.0802347660064697,-0.17126601934432983,-0.2850485146045685,-0.1288805603981018,-0.934240460395813
461024,1775274357.5639174,1.1266016960144043,0.13115766644477844,3.074234962463379,-0.14293953776359558,-0.28103554248809814,-0.14180418848991394,-0.9383383989334106
461025,1775274357.5750284,1.1208287477493286,0.131226047873497,3.068131685256958,-0.11564815044403076,-0.27735772728919983,-0.15554797649383545,-0.9410117864608765
461026,1775274357.5861394,1.1151262521743774,0.13164380192756653,3.061995506286621,-0.0863814502954483,-0.27288925647735596,-0.1687292754650116,-0.9431861639022827
461027,1775274357.5972507,1.10939359664917,0.1324702799320221,3.05586314201355,-0.05723780766129494,-0.26840949058532715,-0.183806374669075,-0.9438726305961609
461028,1775274357.6083617,1.1037955284118652,0.13266178965568542,3.049825429916382,-0.028609290719032288,-0.26454105973243713,-0.1965307593345642,-0.9437029361724854
461029,1775274357.619473,1.097835898399353,0.132853701710701,3.0438108444213867,0.0007842797203920782,-0.26120758056640625,-0.20987266302108765,-0.9421908259391785
461030,1775274357.630584,1.0921601057052612,0.13322459161281586,3.0377039909362793,0.02944115921854973,-0.25671374797821045,-0.22391511499881744,-0.9397304654121399
461031,1775274357.641695,1.0865147113800049,0.13269026577472687,3.031618118286133,0.05685066804289818,-0.2512708008289337,-0.23734810948371887,-0.9366413354873657
461032,1775274357.6528063,1.0810548067092896,0.13214312493801117,3.025423526763916,0.08374032378196716,-0.24437597393989563,-0.25235506892204285,-0.9325154423713684
461033,1775274357.6639173,1.0752863883972168,0.13181303441524506,3.0193209648132324,0.11176799237728119,-0.23880146443843842,-0.2661439776420593,-0.9271727800369263
461034,1775274357.6750283,1.069413661956787,0.13121937215328217,3.0131845474243164,0.1374896764755249,-0.23243865370750427,-0.2807464599609375,-0.9210050702095032
461035,1775274357.6861396,1.0636894702911377,0.13027991354465485,3.0072975158691406,0.16588494181632996,-0.22738100588321686,-0.2945675849914551,-0.9132415652275085
461036,1775274357.6972506,1.0577669143676758,0.12995465099811554,3.0013413429260254,0.19209697842597961,-0.2216726839542389,-0.30746039748191833,-0.9052227735519409
461037,1775274357.7083619,1.051961064338684,0.12929439544677734,2.9954512119293213,0.21886888146400452,-0.21647214889526367,-0.32064706087112427,-0.8957799673080444
461038,1775274357.719473,1.046437382698059,0.12841713428497314,2.989556074142456,0.2448035031557083,-0.21060965955257416,-0.3340674638748169,-0.8855020403862
461039,1775274357.730584,1.0402249097824097,0.1276455819606781,2.9838602542877197,0.26977604627609253,-0.20481742918491364,-0.3453097343444824,-0.875232458114624
461040,1775274357.7416952,1.0345937013626099,0.1266217976808548,2.978240728378296,0.2959383428096771,-0.1987992227077484,-0.3574003279209137,-0.8632290959358215
461041,1775274357.7528062,1.028713345527649,0.12561064958572388,2.972717046737671,0.3200279474258423,-0.19381941854953766,-0.369971364736557,-0.8503747582435608
461042,1775274357.7639172,1.0231513977050781,0.12458983808755875,2.9672155380249023,0.34386757016181946,-0.18733631074428558,-0.3820013403892517,-0.8370993137359619
461043,1775274357.7750285,1.0176751613616943,0.12318357080221176,2.9618616104125977,0.367609441280365,-0.18130365014076233,-0.3943025469779968,-0.8225071430206299
461044,1775274357.7861395,1.0120224952697754,0.1220138818025589,2.9564414024353027,0.3893910050392151,-0.1746342033147812,-0.4065585434436798,-0.8078290820121765
461045,1775274357.7972507,1.0061907768249512,0.1205926388502121,2.9514689445495605,0.4125095009803772,-0.16886496543884277,-0.4160752296447754,-0.7925920486450195
461046,1775274357.8083618,1.0010122060775757,0.11926174908876419,2.9463510513305664,0.434201180934906,-0.16161014139652252,-0.42703279852867126,-0.7765272259712219
461047,1775274357.8194728,0.9955152273178101,0.11771047860383987,2.94136381149292,0.4556335508823395,-0.15641391277313232,-0.43746399879455566,-0.7593141794204712
461048,1775274357.830584,0.989980936050415,0.11651985347270966,2.9363138675689697,0.4750601351261139,-0.14984160661697388,-0.44790613651275635,-0.7424591183662415
461049,1775274357.841695,0.9849947094917297,0.11500522494316101,2.9315409660339355,0.4944216012954712,-0.14327363669872284,-0.4582752585411072,-0.7245715260505676
461050,1775274357.852806,0.9797717928886414,0.11321209371089935,2.9268412590026855,0.5154568552970886,-0.13822263479232788,-0.4681929349899292,-0.7042684555053711
461051,1775274357.8639174,0.9748532772064209,0.11179040372371674,2.9222707748413086,0.5337228178977966,-0.13056780397891998,-0.4783196449279785,-0.6850565075874329
461052,1775274357.8750284,0.9701927304267883,0.10980036854743958,2.9176695346832275,0.5520340800285339,-0.12256301194429398,-0.488092839717865,-0.6648324131965637
461053,1775274357.8861396,0.9649307727813721,0.10812020301818848,2.913116455078125,0.5682671666145325,-0.11605210602283478,-0.4974362850189209,-0.6451058387756348
461054,1775274357.8972507,0.9600453972816467,0.10650967806577682,2.9087085723876953,0.583652138710022,-0.10888324677944183,-0.5063639283180237,-0.625372052192688
461055,1775274357.9083617,0.9553635120391846,0.1047278642654419,2.904611587524414,0.5990458130836487,-0.10189061611890793,-0.5150145292282104,-0.6045846343040466
461056,1775274357.919473,0.9505293369293213,0.10305167734622955,2.9004287719726562,0.614898145198822,-0.09496814757585526,-0.5229375958442688,-0.5825955867767334
461057,1775274357.930584,0.945861279964447,0.10151709616184235,2.896498203277588,0.6288604736328125,-0.08816708624362946,-0.5313851833343506,-0.5607057809829712
461058,1775274357.941695,0.9414839148521423,0.09924130886793137,2.8927161693573,0.643768846988678,-0.08029435575008392,-0.5402292609214783,-0.5359728336334229
461059,1775274357.9528062,0.9368973970413208,0.09766187518835068,2.8889987468719482,0.6565675139427185,-0.07228020578622818,-0.5482546091079712,-0.5129439830780029
461060,1775274357.9639173,0.932288408279419,0.09623302519321442,2.885408639907837,0.6689869165420532,-0.06547550112009048,-0.5552613735198975,-0.4897492229938507
461061,1775274357.9750285,0.9278499484062195,0.09466565400362015,2.8818624019622803,0.6806018948554993,-0.058311931788921356,-0.5616230964660645,-0.4668622314929962
461062,1775274357.9861395,0.9236475825309753,0.09334203600883484,2.8784263134002686,0.6913431882858276,-0.05096873641014099,-0.5683081746101379,-0.4432523250579834
461063,1775274357.9972506,0.919446587562561,0.09209175407886505,2.8751752376556396,0.7019721269607544,-0.04305897280573845,-0.5739948749542236,-0.4194175601005554
461064,1775274358.0083618,0.9154001474380493,0.09090287983417511,2.8716068267822266,0.7109712958335876,-0.033923547714948654,-0.5800487399101257,-0.39612188935279846
461065,1775274358.0194728,0.911482572555542,0.0897483229637146,2.868415594100952,0.719454824924469,-0.026699837297201157,-0.585389256477356,-0.3728155493736267
461066,1775274358.0305839,0.9073337912559509,0.08818662166595459,2.8655409812927246,0.7281872034072876,-0.020341653376817703,-0.5898860692977905,-0.34837356209754944
461067,1775274358.041695,0.9035891890525818,0.08659850805997849,2.8622970581054688,0.7352912425994873,-0.011022389866411686,-0.5958763957023621,-0.3227332830429077
461068,1775274358.0528061,0.8988958597183228,0.08546163141727448,2.8589141368865967,0.7414858937263489,-0.004709579981863499,-0.5992706418037415,-0.30174684524536133
461069,1775274358.0639174,0.8951761722564697,0.0836946964263916,2.8565762042999268,0.7480999827384949,0.0022376643028110266,-0.6039381623268127,-0.27495500445365906
461070,1775274358.0750284,0.8915576934814453,0.08287457376718521,2.8531177043914795,0.7528411746025085,0.012591148726642132,-0.6079526543617249,-0.2519230246543884
461071,1775274358.0861394,0.8876550197601318,0.08156709372997284,2.8511128425598145,0.7581925988197327,0.018381042405962944,-0.6119868159294128,-0.2242281138896942
461072,1775274358.0972507,0.8838672637939453,0.08106565475463867,2.8481605052948,0.7619262337684631,0.026842758059501648,-0.6151594519615173,-0.2008151262998581
461073,1775274358.1083617,0.8801670670509338,0.07984764873981476,2.8459434509277344,0.7657136917114258,0.03357622027397156,-0.6182870864868164,-0.1740008443593979
461074,1775274358.119473,0.8764055371284485,0.07916656136512756,2.8433523178100586,0.7681788206100464,0.04203414544463158,-0.6206821799278259,-0.15128792822360992
461075,1775274358.130584,0.8728556036949158,0.07852471619844437,2.8406600952148438,0.7699559330940247,0.05066097527742386,-0.6233652830123901,-0.12655851244926453
461076,1775274358.141695,0.8690469264984131,0.07820117473602295,2.837812662124634,0.7711353302001953,0.05963820591568947,-0.6253935098648071,-0.10332698374986649
461077,1775274358.1528063,0.865902304649353,0.07737712562084198,2.8354744911193848,0.7724758386611938,0.0687502846121788,-0.6263018250465393,-0.07937659323215485
461078,1775274358.1639173,0.8623400330543518,0.07692308723926544,2.833385705947876,0.7730475068092346,0.07556077092885971,-0.6274607181549072,-0.05460086837410927
461079,1775274358.1750283,0.8589796423912048,0.0766635611653328,2.8312954902648926,0.771998941898346,0.08335712552070618,-0.6294603943824768,-0.02913651615381241
461080,1775274358.1861396,0.8556010127067566,0.07633481174707413,2.828974723815918,0.7717207074165344,0.0915902853012085,-0.6293125152587891,-0.004928865935653448
461081,1775274358.1972506,0.8522660136222839,0.07577292621135712,2.826749563217163,0.7708336114883423,0.09887388348579407,-0.6290237307548523,0.019198454916477203
461082,1775274358.2083619,0.8487930297851562,0.07531547546386719,2.824423313140869,0.7699720859527588,0.10577336698770523,-0.6278213262557983,0.042372215539216995
461083,1775274358.219473,0.8452972173690796,0.07519961893558502,2.8225202560424805,0.7673935890197754,0.1136525571346283,-0.6275231242179871,0.06636971980333328
461084,1775274358.230584,0.8415069580078125,0.07490146905183792,2.8201904296875,0.7646439075469971,0.1208517998456955,-0.6268028616905212,0.08850263804197311
461085,1775274358.2416952,0.838261067867279,0.07484447956085205,2.818345546722412,0.7607643008232117,0.1282835602760315,-0.6261340379714966,0.11285926401615143
461086,1775274358.2528062,0.8348454833030701,0.07504381239414215,2.815988540649414,0.757766604423523,0.13608011603355408,-0.6237908601760864,0.13474836945533752
461087,1775274358.2639172,0.8313557505607605,0.07523269206285477,2.814030885696411,0.7535886168479919,0.1433139592409134,-0.6219608187675476,0.15725794434547424
461088,1775274358.2750285,0.8280736207962036,0.07515302300453186,2.811894655227661,0.7489903569221497,0.15031014382839203,-0.6196091175079346,0.1802910715341568
461089,1775274358.2861395,0.8243264555931091,0.07536303997039795,2.809813976287842,0.7432110905647278,0.1574423462152481,-0.6183172464370728,0.20132797956466675
461090,1775274358.2972507,0.8207617402076721,0.07540623843669891,2.80753231048584,0.738108217716217,0.16518619656562805,-0.6148560643196106,0.22329789400100708
461091,1775274358.3083618,0.817232072353363,0.07568898797035217,2.8056256771087646,0.7318856120109558,0.17265534400939941,-0.6117055416107178,0.2456621676683426
461092,1775274358.3194728,0.8137692213058472,0.0759429857134819,2.8036820888519287,0.725273847579956,0.18009281158447266,-0.6083897948265076,0.2672196328639984
461093,1775274358.330584,0.8103328943252563,0.07629919052124023,2.801826238632202,0.71836256980896,0.18791411817073822,-0.6044771075248718,0.28853264451026917
461094,1775274358.341695,0.8069477081298828,0.07677000761032104,2.7999143600463867,0.7108195424079895,0.1958400458097458,-0.6001617312431335,0.31014224886894226
461095,1775274358.352806,0.8032715916633606,0.07744250446557999,2.797433614730835,0.703736424446106,0.20453616976737976,-0.5951554775238037,0.3297118842601776
461096,1775274358.3639174,0.799700915813446,0.07796353846788406,2.795323610305786,0.696239709854126,0.21174058318138123,-0.5893492102622986,0.35083311796188354
461097,1775274358.3750284,0.7956387400627136,0.07867845892906189,2.7935473918914795,0.6872637867927551,0.2194848656654358,-0.584857165813446,0.3707250654697418
461098,1775274358.3861396,0.7920591831207275,0.07989034056663513,2.791410446166992,0.6794735789299011,0.2284666895866394,-0.5781041383743286,0.3897617757320404
461099,1775274358.3972507,0.7885680794715881,0.0806780457496643,2.789409637451172,0.6704832911491394,0.23624806106090546,-0.571243405342102,0.41026827692985535
461100,1775274358.4083617,0.7848756909370422,0.08118914812803268,2.788512945175171,0.6594144701957703,0.24173744022846222,-0.5652638673782349,0.43268057703971863
461101,1775274358.419473,0.780986487865448,0.0821903645992279,2.786357879638672,0.6499360799789429,0.25107842683792114,-0.5581165552139282,0.4506092667579651
461102,1775274358.430584,0.7767019867897034,0.0832541361451149,2.784097671508789,0.641116738319397,0.2588024139404297,-0.5505832433700562,0.46781277656555176
461103,1775274358.441695,0.7727540135383606,0.08431786298751831,2.7821409702301025,0.63050377368927,0.2672935724258423,-0.5430188775062561,0.4859524071216583
461104,1775274358.4528062,0.7684862017631531,0.08545192331075668,2.7804195880889893,0.6197516918182373,0.27549654245376587,-0.5355056524276733,0.5032327771186829
461105,1775274358.4639173,0.7643483877182007,0.08655507862567902,2.778568744659424,0.6088811755180359,0.28376051783561707,-0.5269275903701782,0.5206641554832458
461106,1775274358.4750285,0.7601391077041626,0.08773128688335419,2.7767128944396973,0.5983133316040039,0.290385901927948,-0.5179535746574402,0.5379789471626282
461107,1775274358.4861395,0.7558807730674744,0.08885767310857773,2.775254726409912,0.5861998796463013,0.2966751456260681,-0.5093665719032288,0.5557870864868164
461108,1775274358.4972506,0.751883327960968,0.09031862765550613,2.773360013961792,0.5743703842163086,0.3057953417301178,-0.4992004334926605,0.5721772313117981
461109,1775274358.5083618,0.7474440336227417,0.09149320423603058,2.7715587615966797,0.5621629953384399,0.31288471817970276,-0.49036750197410583,0.5878909230232239
461110,1775274358.5194728,0.7430342435836792,0.0929572582244873,2.769749879837036,0.5503118634223938,0.3205595016479492,-0.4796907305717468,0.6035687923431396
461111,1775274358.5305839,0.7384154796600342,0.09414065629243851,2.767971992492676,0.5373632907867432,0.3282584249973297,-0.469706654548645,0.6187591552734375
461112,1775274358.541695,0.734052300453186,0.09548527747392654,2.7662909030914307,0.5245038866996765,0.3352287709712982,-0.4588966369628906,0.6339804530143738
461113,1775274358.5528061,0.7300545573234558,0.09656532108783722,2.763491630554199,0.510748565196991,0.3441905379295349,-0.44805943965911865,0.6480057835578918
461114,1775274358.5639174,0.7268327474594116,0.09731233865022659,2.7577157020568848,0.4947777986526489,0.3563491106033325,-0.4423835575580597,0.657652735710144
461115,1775274358.5750284,0.7242280840873718,0.09824678301811218,2.7498371601104736,0.47804194688796997,0.3671686053276062,-0.4364088177680969,0.6679898500442505
461116,1775274358.5861394,0.7213795781135559,0.09959832578897476,2.7427873611450195,0.4551100730895996,0.37229296565055847,-0.4361738860607147,0.681194007396698
461117,1775274358.5972507,0.7181589007377625,0.100202776491642,2.7362663745880127,0.4285169839859009,0.3755636215209961,-0.4390948712825775,0.6946373581886292
461118,1775274358.6083617,0.7149956822395325,0.1003561019897461,2.729482889175415,0.40143993496894836,0.37740492820739746,-0.4412759244441986,0.7082988619804382
461119,1775274358.619473,0.7115157246589661,0.10115210711956024,2.7233057022094727,0.37122830748558044,0.37797462940216064,-0.4461493194103241,0.721301257610321
461120,1775274358.630584,0.7083248496055603,0.10180841386318207,2.7170159816741943,0.3437715172767639,0.377438485622406,-0.44717738032341003,0.7344343066215515
461121,1775274358.641695,0.7050923705101013,0.10184801369905472,2.7107880115509033,0.3143221437931061,0.37595605850219727,-0.44859880208969116,0.7474073767662048
461122,1775274358.6528063,0.7043598890304565,0.10355667024850845,2.705808401107788,0.2911352515220642,0.374663770198822,-0.4562872648239136,0.7527743577957153
461123,1775274358.6639173,0.7066743969917297,0.10601389408111572,2.702305793762207,0.27508822083473206,0.37356749176979065,-0.46629253029823303,0.7532231211662292
461124,1775274358.6750283,0.709998607635498,0.10777444392442703,2.699387550354004,0.2552190124988556,0.37439870834350586,-0.4734087884426117,0.755362868309021
461125,1775274358.6861396,0.712959349155426,0.10810942947864532,2.6964783668518066,0.23684316873550415,0.3739335834980011,-0.48367807269096375,0.7550725340843201
461126,1775274358.6972506,0.71584552526474,0.10734428465366364,2.6935837268829346,0.2178659588098526,0.37302640080451965,-0.4924720823764801,0.7555509209632874
461127,1775274358.7083619,0.7189279794692993,0.1053750291466713,2.690974712371826,0.19931155443191528,0.37188658118247986,-0.5003262162208557,0.7560747265815735
461128,1775274358.719473,0.7217316031455994,0.10194253921508789,2.687833547592163,0.18080827593803406,0.37128525972366333,-0.5102070569992065,0.7544165849685669
461129,1775274358.730584,0.7245389819145203,0.09797097742557526,2.6846566200256348,0.1645975261926651,0.37089791893959045,-0.5188269019126892,0.7524367570877075
461130,1775274358.7416952,0.7262182235717773,0.09779538214206696,2.6816725730895996,0.15122032165527344,0.37081724405288696,-0.5309418439865112,0.7468118071556091
461131,1775274358.7528062,0.7278044819831848,0.09974122047424316,2.678989887237549,0.13935710489749908,0.36909809708595276,-0.5431180596351624,0.7411943078041077
461132,1775274358.7639172,0.728807270526886,0.10061847418546677,2.675926685333252,0.1292279213666916,0.36964908242225647,-0.555743396282196,0.7333546876907349
461133,1775274358.7750285,0.7299699187278748,0.10032767802476883,2.6732382774353027,0.11744938790798187,0.3683719038963318,-0.5682414770126343,0.7263672947883606
461134,1775274358.7861395,0.7309951782226562,0.09834905713796616,2.6698970794677734,0.10884208232164383,0.36803707480430603,-0.5809362530708313,0.7177850008010864
461135,1775274358.7972507,0.7318283915519714,0.09565317630767822,2.6667659282684326,0.09991145133972168,0.36833131313323975,-0.5927423238754272,0.7092293500900269
461136,1775274358.8083618,0.7334607839584351,0.09225327521562576,2.664614200592041,0.08711287379264832,0.3662111163139343,-0.6045172214508057,0.7020396590232849
461137,1775274358.8194728,0.734849214553833,0.09213727712631226,2.662147045135498,0.08076587319374084,0.36487463116645813,-0.6167559027671814,0.692788302898407
461138,1775274358.830584,0.7369934320449829,0.09293345361948013,2.659914016723633,0.0727069079875946,0.36225059628486633,-0.6272507905960083,0.6855981349945068
461139,1775274358.841695,0.7385511994361877,0.0921909287571907,2.657923698425293,0.06576009094715118,0.3599778413772583,-0.638650119304657,0.6769177317619324
461140,1775274358.852806,0.7406063079833984,0.09060011804103851,2.655757427215576,0.058016546070575714,0.35807695984840393,-0.6479371190071106,0.6697704195976257
461141,1775274358.8639174,0.7426071763038635,0.08811423927545547,2.653491258621216,0.05113688483834267,0.3573780953884125,-0.657004714012146,0.6618238091468811
461142,1775274358.8750284,0.7445042729377747,0.08799189329147339,2.6517162322998047,0.04455900192260742,0.35305142402648926,-0.6671496629714966,0.6544314622879028
461143,1775274358.8861396,0.7461032867431641,0.08797776699066162,2.6497395038604736,0.039057936519384384,0.350554883480072,-0.6772873997688293,0.6456528902053833
461144,1775274358.8972507,0.7476927638053894,0.08713102340698242,2.6479508876800537,0.0333624966442585,0.34780001640319824,-0.6870937347412109,0.6370435357093811
461145,1775274358.9083617,0.749266505241394,0.08537323772907257,2.645754098892212,0.02747121825814247,0.3460054397583008,-0.6966658234596252,0.6278393864631653
461146,1775274358.919473,0.7508010864257812,0.08487249910831451,2.644169330596924,0.020811282098293304,0.34241077303886414,-0.7066468596458435,0.6188473701477051
461147,1775274358.930584,0.7526642084121704,0.08485265076160431,2.642360210418701,0.015171051025390625,0.3391982316970825,-0.7151353359222412,0.610979437828064
461148,1775274358.941695,0.7543635368347168,0.08371320366859436,2.6405982971191406,0.009873934090137482,0.33613714575767517,-0.7234652638435364,0.60291987657547
461149,1775274358.9528062,0.7560229897499084,0.08269456773996353,2.639097213745117,0.00440008332952857,0.33248353004455566,-0.7323455214500427,0.5942267775535583
461150,1775274358.9639173,0.7574546933174133,0.08252209424972534,2.637328624725342,-3.715948696481064e-05,0.329093873500824,-0.7412109971046448,0.5850672125816345
461151,1775274358.9750285,0.7590035796165466,0.08192563056945801,2.6355016231536865,-0.004244166426360607,0.3262527287006378,-0.7490860819816589,0.5765511989593506
461152,1775274358.9861395,0.7601863741874695,0.08083286881446838,2.634159803390503,-0.009188883937895298,0.32219794392585754,-0.7581655383110046,0.5668237209320068
461153,1775274358.9972506,0.761905312538147,0.08064951002597809,2.6325864791870117,-0.01437319815158844,0.3186405301094055,-0.765321671962738,0.5590567588806152
461154,1775274359.0083618,0.7638947367668152,0.07994356751441956,2.6311607360839844,-0.018231872469186783,0.3137105405330658,-0.7728257179260254,0.5513563752174377
461155,1775274359.0194728,0.7652604579925537,0.07902573049068451,2.629720687866211,-0.02259928733110428,0.3099784851074219,-0.7803423404693604,0.542649507522583
461156,1775274359.0305839,0.7667816877365112,0.07872189581394196,2.6283023357391357,-0.026928208768367767,0.3058209717273712,-0.787696123123169,0.5341190099716187
461157,1775274359.041695,0.768212616443634,0.07819432020187378,2.626811981201172,-0.03004230558872223,0.30219122767448425,-0.7950379252433777,0.5250644087791443
461158,1775274359.0528061,0.7697842121124268,0.0774804949760437,2.6255295276641846,-0.03313324600458145,0.2977355122566223,-0.8021435141563416,0.5165477395057678
461159,1775274359.0639174,0.7714744210243225,0.077109694480896,2.624356746673584,-0.03708445653319359,0.29295068979263306,-0.8085948824882507,0.5088998079299927
461160,1775274359.0750284,0.7730131149291992,0.07667738199234009,2.6229166984558105,-0.04018294811248779,0.2891489267349243,-0.8153271079063416,0.5000200271606445
461161,1775274359.0861394,0.774477481842041,0.07620406150817871,2.621629238128662,-0.04275692626833916,0.2842986285686493,-0.8219825029373169,0.49162060022354126
461162,1775274359.0972507,0.7760375142097473,0.0758306086063385,2.6204640865325928,-0.0452980138361454,0.2800823748111725,-0.8283432722091675,0.4830625355243683
461163,1775274359.1083617,0.777657687664032,0.0754937008023262,2.6192688941955566,-0.047872383147478104,0.27577900886535645,-0.8346102237701416,0.47442591190338135
461164,1775274359.119473,0.7790383696556091,0.0750008225440979,2.61820912361145,-0.05021581053733826,0.2715299427509308,-0.8406470417976379,0.4658997356891632
461165,1775274359.130584,0.780567467212677,0.07456661760807037,2.6171960830688477,-0.051773738116025925,0.2670538127422333,-0.8470283150672913,0.45666709542274475
461166,1775274359.141695,0.782015860080719,0.07425568252801895,2.6163101196289062,-0.05414314940571785,0.2618681788444519,-0.8531509041786194,0.4479142129421234
461167,1775274359.1528063,0.7830605506896973,0.07411320507526398,2.614804983139038,-0.05496727302670479,0.25901806354522705,-0.8587112426757812,0.43875202536582947
461168,1775274359.1639173,0.7848542332649231,0.0735868364572525,2.614044666290283,-0.05644175782799721,0.25355517864227295,-0.8643693923950195,0.43056896328926086
461169,1775274359.1750283,0.7860679626464844,0.07317889481782913,2.6129934787750244,-0.05823703110218048,0.24959079921245575,-0.8699477910995483,0.4213119149208069
461170,1775274359.1861396,0.7872300148010254,0.07309089601039886,2.6119909286499023,-0.05945289134979248,0.24621738493442535,-0.8755514025688171,0.4114026427268982
461171,1775274359.1972506,0.7889759540557861,0.07259465008974075,2.6114048957824707,-0.06043986231088638,0.24048742651939392,-0.8809076547622681,0.4031309485435486
461172,1775274359.2083619,0.7904715538024902,0.07228346168994904,2.610299587249756,-0.061400141566991806,0.23618479073047638,-0.8858258724212646,0.3946636915206909
461173,1775274359.219473,0.7917775511741638,0.07195186614990234,2.609398603439331,-0.06240593269467354,0.23124061524868011,-0.8912186622619629,0.38517865538597107
461174,1775274359.230584,0.7932960391044617,0.07188072055578232,2.6080641746520996,-0.062331680208444595,0.22891966998577118,-0.895646333694458,0.3762024939060211
461175,1775274359.2416952,0.7949930429458618,0.07152564823627472,2.607365131378174,-0.06250642985105515,0.22384817898273468,-0.9006077647209167,0.36727485060691833
461176,1775274359.2528062,0.7964017391204834,0.07125178724527359,2.606658697128296,-0.06373386830091476,0.21896123886108398,-0.9054211378097534,0.3580596148967743
461177,1775274359.2639172,0.7978405952453613,0.07099933177232742,2.6057026386260986,-0.06390813738107681,0.21544472873210907,-0.9100096225738525,0.3483990430831909
461178,1775274359.2750285,0.7995966076850891,0.07087130844593048,2.6043081283569336,-0.06388214975595474,0.2129068672657013,-0.9136596918106079,0.34031713008880615
461179,1775274359.2861395,0.8011399507522583,0.07072733342647552,2.6032893657684326,-0.06340247392654419,0.2097773551940918,-0.9178124070167542,0.33104991912841797
461180,1775274359.2972507,0.8026003241539001,0.07062020152807236,2.603010416030884,-0.06371284276247025,0.20334161818027496,-0.9230600595474243,0.32023876905441284
461181,1775274359.3083618,0.8042668104171753,0.07039701193571091,2.602372884750366,-0.06408236920833588,0.19858986139297485,-0.927126944065094,0.31127360463142395
461182,1775274359.3194728,0.8057127594947815,0.0703587457537651,2.6012625694274902,-0.06357666850090027,0.19586457312107086,-0.9309707880020142,0.30147719383239746
461183,1775274359.330584,0.8070247769355774,0.07041740417480469,2.6003005504608154,-0.0630652979016304,0.19320394098758698,-0.9349725842475891,0.29072561860084534
461184,1775274359.341695,0.8089026212692261,0.07028810679912567,2.599254846572876,-0.0624445304274559,0.1901302933692932,-0.9384202361106873,0.2816358208656311
461185,1775274359.352806,0.810603678226471,0.07004908472299576,2.5992724895477295,-0.06317811459302902,0.183208167552948,-0.9425103068351746,0.2722455859184265
461186,1775274359.3639174,0.8120549917221069,0.07007414847612381,2.598637342453003,-0.06223377585411072,0.1798904985189438,-0.9462284445762634,0.26156875491142273
461187,1775274359.3750284,0.8138078451156616,0.07018572837114334,2.5973823070526123,-0.061210859566926956,0.1784425675868988,-0.9490935802459717,0.25225576758384705
461188,1775274359.3861396,0.8151976466178894,0.07024679332971573,2.596667528152466,-0.06040869653224945,0.17486856877803802,-0.9526548981666565,0.24128931760787964
461189,1775274359.3972507,0.8166213035583496,0.0704633817076683,2.5958619117736816,-0.059851378202438354,0.172493577003479,-0.9557098746299744,0.23082977533340454
461190,1775274359.4083617,0.8188225030899048,0.07024463266134262,2.595292806625366,-0.0589715912938118,0.16822737455368042,-0.9585166573524475,0.22241340577602386
461191,1775274359.419473,0.8205198645591736,0.0703505426645279,2.5946848392486572,-0.058415524661540985,0.16498181223869324,-0.961327850818634,0.21264420449733734
461192,1775274359.430584,0.8218563199043274,0.07057683914899826,2.5940499305725098,-0.05780697613954544,0.16266530752182007,-0.9642768502235413,0.20091953873634338
461193,1775274359.441695,0.8234204053878784,0.07076472043991089,2.5935215950012207,-0.056999798864126205,0.15911173820495605,-0.9670402407646179,0.19044096767902374
461194,1775274359.4528062,0.8249763250350952,0.0708354189991951,2.5930874347686768,-0.05586360767483711,0.15603339672088623,-0.9696566462516785,0.17971894145011902
461195,1775274359.4639173,0.8266821503639221,0.07093806564807892,2.5926353931427,-0.05464516580104828,0.15329286456108093,-0.972061038017273,0.16915278136730194
461196,1775274359.4750285,0.8283880949020386,0.07098540663719177,2.592151165008545,-0.05409502610564232,0.1494361311197281,-0.9744329452514648,0.1588176041841507
461197,1775274359.4861395,0.8301709890365601,0.07125082612037659,2.591742992401123,-0.05314435809850693,0.14694657921791077,-0.9765557050704956,0.14805848896503448
461198,1775274359.4972506,0.8317877650260925,0.07140395045280457,2.591341972351074,-0.05217655375599861,0.14424462616443634,-0.9786075353622437,0.1371074616909027
461199,1775274359.5083618,0.8335503935813904,0.0716421827673912,2.5906238555908203,-0.05065438151359558,0.14292575418949127,-0.9804062843322754,0.12573744356632233
461200,1775274359.5194728,0.8349577188491821,0.07181704044342041,2.5902531147003174,-0.05004905164241791,0.14024844765663147,-0.9822229146957397,0.11429592967033386
461201,1775274359.5305839,0.8371526598930359,0.07191397249698639,2.5896615982055664,-0.04770445451140404,0.1373806595802307,-0.9838861227035522,0.10401454567909241
461202,1775274359.541695,0.838943600654602,0.0720234364271164,2.589323043823242,-0.04715750738978386,0.13437920808792114,-0.9853708744049072,0.09360888600349426
461203,1775274359.5528061,0.8404299020767212,0.07234273105859756,2.588921308517456,-0.04577640816569328,0.13204573094844818,-0.9868859648704529,0.08077485114336014
461204,1775274359.5639174,0.8423656821250916,0.0725824236869812,2.588463068008423,-0.04497065022587776,0.12934510409832,-0.9881151914596558,0.06982817500829697
461205,1775274359.5750284,0.844204306602478,0.07295499742031097,2.5876734256744385,-0.04239708185195923,0.1283368468284607,-0.989128053188324,0.05794627219438553
461206,1775274359.5861394,0.8462412357330322,0.07321774959564209,2.587473154067993,-0.04253165423870087,0.12414379417896271,-0.9902437329292297,0.046871114522218704
461207,1775274359.5972507,0.8480551242828369,0.07353420555591583,2.587068557739258,-0.040837667882442474,0.12216374278068542,-0.9910626411437988,0.034689124673604965
461208,1775274359.6083617,0.8499279618263245,0.07389512658119202,2.586578845977783,-0.03993682935833931,0.11958759278059006,-0.9917664527893066,0.0224347785115242
461209,1775274359.619473,0.8519822955131531,0.07418972253799438,2.5858709812164307,-0.037976957857608795,0.11757761240005493,-0.9922755360603333,0.011070244014263153
461210,1775274359.630584,0.8542239665985107,0.07447861135005951,2.5857973098754883,-0.03772686421871185,0.11379081755876541,-0.992787778377533,-0.0008231478277593851
461211,1775274359.641695,0.8560482859611511,0.07523659616708755,2.585155963897705,-0.03593514487147331,0.112114816904068,-0.9929404854774475,-0.014429698698222637
461212,1775274359.6528063,0.857911229133606,0.07565580308437347,2.5846638679504395,-0.034561507403850555,0.10980250686407089,-0.9929903149604797,-0.026820911094546318
461213,1775274359.6639173,0.8597151041030884,0.0760343074798584,2.5841121673583984,-0.03313080221414566,0.10699176043272018,-0.9928926825523376,-0.0402415432035923
461214,1775274359.6750283,0.8619179725646973,0.07663236558437347,2.58383846282959,-0.031914129853248596,0.10455191880464554,-0.9925661683082581,-0.05350601300597191
461215,1775274359.6861396,0.8640285730361938,0.07697553932666779,2.583261728286743,-0.030023660510778427,0.10242743045091629,-0.9920707941055298,-0.06635385751724243
461216,1775274359.6972506,0.8660380244255066,0.07762202620506287,2.5828323364257812,-0.029294902458786964,0.0995560884475708,-0.9914052486419678,-0.07966207712888718
461217,1775274359.7083619,0.8682229518890381,0.0782514214515686,2.5824100971221924,-0.028002452105283737,0.09714099764823914,-0.9905460476875305,-0.09272613376379013
461218,1775274359.719473,0.8706799745559692,0.07888530194759369,2.5816948413848877,-0.026460086926817894,0.09580149501562119,-0.989468514919281,-0.1052330955862999
461219,1775274359.730584,0.8730975985527039,0.07933501899242401,2.5814192295074463,-0.025813143700361252,0.09343194216489792,-0.988255500793457,-0.11813220381736755
461220,1775274359.7416952,0.8754702806472778,0.07982568442821503,2.58100962638855,-0.022525392472743988,0.09042312204837799,-0.986829400062561,-0.13222730159759521
461221,1775274359.7528062,0.8778451681137085,0.08023490011692047,2.5807487964630127,-0.02153782732784748,0.08711578696966171,-0.9851483106613159,-0.1463889628648758
461222,1775274359.7639172,0.8803317546844482,0.08106641471385956,2.580383062362671,-0.019952543079853058,0.08485125005245209,-0.9831275343894958,-0.1608181744813919
461223,1775274359.7750285,0.882659912109375,0.08187015354633331,2.5800931453704834,-0.019097162410616875,0.08267506211996078,-0.980883777141571,-0.17512063682079315
461224,1775274359.7861395,0.885736882686615,0.08253413438796997,2.579462766647339,-0.016184791922569275,0.08100860565900803,-0.9786556363105774,-0.18817251920700073
461225,1775274359.7972507,0.8881672620773315,0.0831240713596344,2.5789077281951904,-0.015304021537303925,0.08048232644796371,-0.9756101369857788,-0.20365025103092194
461226,1775274359.8083618,0.8910762071609497,0.08386461436748505,2.578864097595215,-0.01446301769465208,0.07753013074398041,-0.9727293252944946,-0.21812286972999573
461227,1775274359.8194728,0.8940927386283875,0.08449380099773407,2.578622817993164,-0.012059466913342476,0.07486212998628616,-0.9697405695915222,-0.23206377029418945
461228,1775274359.830584,0.8968145847320557,0.0852200984954834,2.5782275199890137,-0.010708210989832878,0.07307466864585876,-0.9661585688591003,-0.24714979529380798
461229,1775274359.841695,0.8997647762298584,0.08605196326971054,2.5779848098754883,-0.00855331588536501,0.0711505115032196,-0.9622520804405212,-0.26255545020103455
461230,1775274359.852806,0.9026018381118774,0.08687664568424225,2.577712297439575,-0.007540433667600155,0.06837096065282822,-0.9582259654998779,-0.27761802077293396
461231,1775274359.8639174,0.905444860458374,0.0879262164235115,2.5772933959960938,-0.005390007980167866,0.0663456842303276,-0.9535856246948242,-0.29367294907569885
461232,1775274359.8750284,0.9085656404495239,0.08886957168579102,2.576691150665283,-0.0042770844884216785,0.06528938561677933,-0.9486942887306213,-0.30935120582580566
461233,1775274359.8861396,0.9119243621826172,0.08994434773921967,2.575761318206787,-0.002864863956347108,0.06671841442584991,-0.9432344436645508,-0.3253450095653534
461234,1775274359.8972507,0.9149697422981262,0.09110839664936066,2.5753841400146484,-0.0012452747905626893,0.06586020439863205,-0.9374157190322876,-0.34192490577697754
461235,1775274359.9083617,0.918329656124115,0.09201490879058838,2.575551986694336,0.0011427251156419516,0.06055115535855293,-0.9322704076766968,-0.3566569685935974
461236,1775274359.919473,0.9214850664138794,0.09314066171646118,2.5748682022094727,0.002410957822576165,0.060272976756095886,-0.9258683323860168,-0.37300023436546326
461237,1775274359.930584,0.924940288066864,0.09418997168540955,2.5744919776916504,0.003923782147467136,0.058542825281620026,-0.919558048248291,-0.3885490894317627
461238,1775274359.941695,0.9286078810691833,0.09528014808893204,2.5742716789245605,0.005663576535880566,0.0561954528093338,-0.9131173491477966,-0.4037657380104065
461239,1775274359.9528062,0.9322850108146667,0.09629591554403305,2.5741031169891357,0.0072500938549637794,0.05337175726890564,-0.9062049388885498,-0.41939419507980347
461240,1775274359.9639173,0.9357130527496338,0.09752000123262405,2.5733072757720947,0.00867396779358387,0.05371548607945442,-0.8984041213989258,-0.43578630685806274
461241,1775274359.9750285,0.9394240975379944,0.09865141659975052,2.573180913925171,0.010548651218414307,0.050962723791599274,-0.8907177448272705,-0.45156797766685486
461242,1775274359.9861395,0.9429945349693298,0.0998288094997406,2.572794198989868,0.011498144827783108,0.04887332394719124,-0.8820450305938721,-0.46848249435424805
461243,1775274359.9972506,0.9471315145492554,0.10065511614084244,2.5723748207092285,0.013669181615114212,0.04675211012363434,-0.8742148280143738,-0.4830898940563202
461244,1775274360.0083618,0.9509241580963135,0.10194474458694458,2.5717358589172363,0.01558289211243391,0.04469815269112587,-0.8649632930755615,-0.49959757924079895
461245,1775274360.0194728,0.9547989368438721,0.1031007319688797,2.571329355239868,0.017032839357852936,0.043581169098615646,-0.8555496335029602,-0.5156020522117615
461246,1775274360.0305839,0.9592777490615845,0.10401365906000137,2.571207046508789,0.018798116594552994,0.04000771790742874,-0.8470579981803894,-0.5296592712402344
461247,1775274360.041695,0.9634091258049011,0.10527151077985764,2.570500373840332,0.020099716261029243,0.039647746831178665,-0.836482584476471,-0.5461877584457397
461248,1775274360.0528061,0.9676523208618164,0.10623449832201004,2.5702342987060547,0.021867889910936356,0.03660792112350464,-0.8262012004852295,-0.5617590546607971
461249,1775274360.0639174,0.9720585346221924,0.10740058869123459,2.569755792617798,0.023378482088446617,0.03595459833741188,-0.815423309803009,-0.5772743225097656
461250,1775274360.0750284,0.9765820503234863,0.10857106000185013,2.5694539546966553,0.02537364326417446,0.032848674803972244,-0.8042953610420227,-0.5927782654762268
461251,1775274360.0861394,0.9810857176780701,0.10975859314203262,2.5691936016082764,0.027152612805366516,0.030231397598981857,-0.7925233840942383,-0.6084862351417542
461252,1775274360.0972507,0.9858238697052002,0.1109650656580925,2.5689773559570312,0.028229661285877228,0.02882593497633934,-0.7809406518936157,-0.6233007907867432
461253,1775274360.1083617,0.9904094934463501,0.11228790879249573,2.5682950019836426,0.029062286019325256,0.02716536819934845,-0.768365204334259,-0.6387740969657898
461254,1775274360.119473,0.9949866533279419,0.11372528225183487,2.567864418029785,0.02884186990559101,0.026188962161540985,-0.7557384371757507,-0.6537137627601624
461255,1775274360.130584,0.9999109506607056,0.1148972138762474,2.5676321983337402,0.030478758737444878,0.0242726132273674,-0.7426585555076599,-0.6685358881950378
461256,1775274360.141695,1.0046870708465576,0.11600109934806824,2.5672945976257324,0.031236590817570686,0.022521721199154854,-0.7291951179504395,-0.6832215189933777
461257,1775274360.1528063,1.0095502138137817,0.1172967329621315,2.5669145584106445,0.03257600963115692,0.02119304984807968,-0.7156196236610413,-0.6974083185195923
461258,1775274360.1639173,1.0144768953323364,0.11852629482746124,2.5667812824249268,0.03356107324361801,0.019312530755996704,-0.7019855380058289,-0.7111378312110901
461259,1775274360.1750283,1.0191807746887207,0.11971491575241089,2.566727638244629,0.034580979496240616,0.017296094447374344,-0.6879240870475769,-0.7247520089149475
461260,1775274360.1861396,1.0242539644241333,0.12100110948085785,2.566591262817383,0.03660459816455841,0.01654565893113613,-0.6734907627105713,-0.7381033897399902
461261,1775274360.1972506,1.02898108959198,0.1221851259469986,2.56668758392334,0.03686864674091339,0.015261558815836906,-0.6592832207679749,-0.7508352398872375
461262,1775274360.2083619,1.0340155363082886,0.12309511005878448,2.566519260406494,0.03797384724020958,0.014240603893995285,-0.6450788974761963,-0.7630389928817749
461263,1775274360.219473,1.0387699604034424,0.12409286201000214,2.5665884017944336,0.03798292204737663,0.013183847069740295,-0.6303167343139648,-0.7752962112426758
461264,1775274360.230584,1.0439965724945068,0.12504218518733978,2.5666017532348633,0.03794310241937637,0.012472937814891338,-0.6159384250640869,-0.7867811322212219
461265,1775274360.2416952,1.048911452293396,0.12594027817249298,2.5665805339813232,0.03782786801457405,0.011236108839511871,-0.600871741771698,-0.7983708381652832
461266,1775274360.2528062,1.0539778470993042,0.12667909264564514,2.5665500164031982,0.03769267722964287,0.010583954863250256,-0.5857749581336975,-0.8095276951789856
461267,1775274360.2639172,1.0589734315872192,0.12748922407627106,2.5665102005004883,0.0375359021127224,0.00988602451980114,-0.5702844858169556,-0.8205296993255615
461268,1775274360.2750285,1.0641083717346191,0.1281937062740326,2.5665063858032227,0.03831551969051361,0.008603362366557121,-0.5547780394554138,-0.831071138381958
461269,1775274360.2861395,1.0692870616912842,0.1288655400276184,2.5664114952087402,0.03780997917056084,0.008460664190351963,-0.5391224026679993,-0.8413358926773071
461270,1775274360.2972507,1.0744560956954956,0.12951722741127014,2.5665442943573,0.03797111287713051,0.0068083335645496845,-0.5233346819877625,-0.8512535691261292
461271,1775274360.3083618,1.0798743963241577,0.12971694767475128,2.5662364959716797,0.038082290440797806,0.007144928444176912,-0.5087612867355347,-0.8600351810455322
461272,1775274360.3194728,1.0849601030349731,0.13025331497192383,2.566134214401245,0.037505120038986206,0.006629441864788532,-0.49261653423309326,-0.8694127202033997
461273,1775274360.330584,1.0899549722671509,0.13104097545146942,2.566049337387085,0.038806650787591934,0.0060285707004368305,-0.47503143548965454,-0.8790920972824097
461274,1775274360.341695,1.0953447818756104,0.13111521303653717,2.566056966781616,0.037707582116127014,0.004803883843123913,-0.4599337875843048,-0.8871392011642456
461275,1775274360.352806,1.100502848625183,0.13160103559494019,2.56600284576416,0.03963752090930939,0.0037937157321721315,-0.44220954179763794,-0.8960274457931519
461276,1775274360.3639174,1.105722427368164,0.13203658163547516,2.5660593509674072,0.03983033448457718,0.0023283143527805805,-0.4239563047885895,-0.904803454875946
461277,1775274360.3750284,1.1112133264541626,0.13220810890197754,2.565950870513916,0.039736613631248474,0.0016394249396398664,-0.4079890251159668,-0.9121202826499939
461278,1775274360.3861396,1.1164963245391846,0.13243983685970306,2.565744400024414,0.03967525437474251,0.0011253185803070664,-0.391376256942749,-0.919374406337738
461279,1775274360.3972507,1.1214417219161987,0.13300128281116486,2.565704345703125,0.03996796905994415,0.0002295120502822101,-0.3730044364929199,-0.9269682765007019
461280,1775274360.4083617,1.1266814470291138,0.1332324743270874,2.5655875205993652,0.04105217382311821,-0.00017137540271505713,-0.3557360768318176,-0.9336844086647034
461281,1775274360.419473,1.1317048072814941,0.13348928093910217,2.565629720687866,0.04007894918322563,-0.0014693057164549828,-0.3381531834602356,-0.9402362108230591
461282,1775274360.430584,1.1368311643600464,0.13354599475860596,2.565469741821289,0.04150209203362465,-0.0024933088570833206,-0.3204248249530792,-0.9463610649108887
461283,1775274360.441695,1.1418838500976562,0.1336001455783844,2.5653984546661377,0.04188548028469086,-0.003659812267869711,-0.3027174472808838,-0.9521524906158447
461284,1775274360.4528062,1.1469286680221558,0.13363179564476013,2.5652008056640625,0.041961465030908585,-0.003828909248113632,-0.28599813580513,-0.9573033452033997
461285,1775274360.4639173,1.1520341634750366,0.13373801112174988,2.565234422683716,0.04225126653909683,-0.004716780036687851,-0.2695261836051941,-0.9620541930198669
461286,1775274360.4750285,1.1571553945541382,0.13364458084106445,2.565124988555908,0.04322034865617752,-0.005595915485173464,-0.252811074256897,-0.9665336608886719
461287,1775274360.4861395,1.1620968580245972,0.13384664058685303,2.564891815185547,0.042958490550518036,-0.005916770547628403,-0.23564979434013367,-0.9708701372146606
461288,1775274360.4972506,1.1666744947433472,0.1339007169008255,2.5647895336151123,0.043269261717796326,-0.006721666548401117,-0.21899381279945374,-0.9747432470321655
461289,1775274360.5083618,1.1714242696762085,0.13392405211925507,2.5645511150360107,0.041557878255844116,-0.007339356932789087,-0.20137174427509308,-0.9786053895950317
461290,1775274360.5194728,1.1762498617172241,0.13378942012786865,2.5645713806152344,0.042008161544799805,-0.00825723446905613,-0.18569639325141907,-0.981674075126648
461291,1775274360.5305839,1.180750846862793,0.133615642786026,2.5646860599517822,0.04153207689523697,-0.008294373750686646,-0.1690741926431656,-0.9846929311752319
461292,1775274360.541695,1.185347318649292,0.13327768445014954,2.5646588802337646,0.04104228690266609,-0.009052369743585587,-0.15184327960014343,-0.987510621547699
461293,1775274360.5528061,1.1898205280303955,0.13295872509479523,2.564784288406372,0.041571326553821564,-0.00965156126767397,-0.13502882421016693,-0.9899222254753113
461294,1775274360.5639174,1.1943817138671875,0.1326255202293396,2.565216541290283,0.04179138317704201,-0.010376845486462116,-0.11895539611577988,-0.9919654726982117
461295,1775274360.5750284,1.1988139152526855,0.13209475576877594,2.56548810005188,0.043178487569093704,-0.011464565992355347,-0.10378670692443848,-0.9935957789421082
461296,1775274360.5861394,1.20313560962677,0.1318199187517166,2.565727710723877,0.04158549755811691,-0.012781493365764618,-0.08774494379758835,-0.9951925873756409
461297,1775274360.5972507,1.2076972723007202,0.13164913654327393,2.565641403198242,0.038342367857694626,-0.01236592885106802,-0.07272576540708542,-0.996537983417511
461298,1775274360.6083617,1.2118310928344727,0.13113977015018463,2.566018581390381,0.038582682609558105,-0.012540680356323719,-0.05594964325428009,-0.9976090788841248
461299,1775274360.619473,1.2160922288894653,0.13075461983680725,2.5661778450012207,0.03715674951672554,-0.012826564721763134,-0.04006548225879669,-0.9984235763549805
461300,1775274360.630584,1.2204207181930542,0.13016542792320251,2.5665335655212402,0.03765935078263283,-0.014585885219275951,-0.027679970487952232,-0.9988007545471191
461301,1775274360.641695,1.2244908809661865,0.12976586818695068,2.5665836334228516,0.035432118922472,-0.01343517191708088,-0.012435107491910458,-0.9992043972015381
461302,1775274360.6528063,1.2283434867858887,0.12941181659698486,2.5667707920074463,0.035443659871816635,-0.015519315376877785,0.003367775585502386,-0.9992455244064331
461303,1775274360.6639173,1.2323668003082275,0.12881645560264587,2.566941976547241,0.035213492810726166,-0.01577906496822834,0.01719835214316845,-0.9991072416305542
461304,1775274360.6750283,1.2362388372421265,0.1283702850341797,2.5669472217559814,0.03297309949994087,-0.01651083119213581,0.03155705705285072,-0.9988215565681458
461305,1775274360.6861396,1.2399903535842896,0.12782135605812073,2.5670242309570312,0.031593434512615204,-0.01672341860830784,0.04555058851838112,-0.9983222484588623
461306,1775274360.6972506,1.2437459230422974,0.1272776871919632,2.567265033721924,0.03177553042769432,-0.017586849629878998,0.059202540665864944,-0.997585117816925
461307,1775274360.7083619,1.2475862503051758,0.12674322724342346,2.5675342082977295,0.031259600073099136,-0.01798149198293686,0.07239300012588501,-0.996724009513855
461308,1775274360.719473,1.2510099411010742,0.12623123824596405,2.567756175994873,0.02977643348276615,-0.018466493114829063,0.08558569103479385,-0.9957146048545837
461309,1775274360.730584,1.2544419765472412,0.12569527328014374,2.5680084228515625,0.028805026784539223,-0.018886921927332878,0.09931618720293045,-0.9944596290588379
461310,1775274360.7416952,1.2580971717834473,0.12520132958889008,2.568187952041626,0.026972496882081032,-0.019189676269888878,0.11139126121997833,-0.9932252168655396
461311,1775274360.7528062,1.2613928318023682,0.12461000680923462,2.5685625076293945,0.025490878149867058,-0.02018909901380539,0.12435174733400345,-0.9917052388191223
461312,1775274360.7639172,1.2645974159240723,0.12388260662555695,2.5689544677734375,0.02448936365544796,-0.020711151883006096,0.13659749925136566,-0.9901072978973389
461313,1775274360.7750285,1.2678419351577759,0.1233070120215416,2.5692951679229736,0.02199799008667469,-0.02145351655781269,0.14869996905326843,-0.9884048104286194
461314,1775274360.7861395,1.2711856365203857,0.1227634847164154,2.5696287155151367,0.019755391404032707,-0.021390188485383987,0.16042856872081757,-0.9866179823875427
461315,1775274360.7972507,1.2741432189941406,0.12204182147979736,2.570077419281006,0.018611226230859756,-0.021892588585615158,0.17259904742240906,-0.9845729470252991
461316,1775274360.8083618,1.2773324251174927,0.12147056311368942,2.57053542137146,0.016246534883975983,-0.02255677431821823,0.18369857966899872,-0.9825895428657532
461317,1775274360.8194728,1.2800854444503784,0.12094902992248535,2.570953130722046,0.013148491270840168,-0.02412220649421215,0.19536368548870087,-0.9803460240364075
461318,1775274360.830584,1.2831038236618042,0.12046629935503006,2.5715980529785156,0.010433644987642765,-0.024165386334061623,0.20609252154827118,-0.9781784415245056
461319,1775274360.841695,1.2858422994613647,0.11987069994211197,2.572150945663452,0.00864087138324976,-0.024541448801755905,0.21692873537540436,-0.97584068775177
461320,1775274360.852806,1.2884923219680786,0.11927773058414459,2.5729026794433594,0.006336068734526634,-0.025232959538698196,0.2270234227180481,-0.973541796207428
461321,1775274360.8639174,1.2909622192382812,0.11887030303478241,2.573457717895508,0.002860479522496462,-0.026401549577713013,0.23775742948055267,-0.9709615111351013
461322,1775274360.8750284,1.2935160398483276,0.11823944002389908,2.574176549911499,0.0001070109210559167,-0.027096105739474297,0.24772851169109344,-0.9684505462646484
461323,1775274360.8861396,1.2960792779922485,0.11759427189826965,2.5749223232269287,-0.002261621179059148,-0.027617331594228745,0.25730231404304504,-0.965933620929718
461324,1775274360.8972507,1.2985109090805054,0.11708962917327881,2.575848340988159,-0.004557817708700895,-0.0284819845110178,0.2662099301815033,-0.9634833931922913
461325,1775274360.9083617,1.3007687330245972,0.11673100292682648,2.5764079093933105,-0.008381419815123081,-0.02949860878288746,0.2745356559753418,-0.9610878825187683
461326,1775274360.919473,1.302980661392212,0.11625218391418457,2.577101945877075,-0.011693563312292099,-0.030275609344244003,0.28337687253952026,-0.9584592580795288
461327,1775274360.930584,1.3052599430084229,0.11568483710289001,2.577863931655884,-0.015008058398962021,-0.031248439103364944,0.29212233424186707,-0.9557525515556335
461328,1775274360.941695,1.3072611093521118,0.11514447629451752,2.578558921813965,-0.01798916794359684,-0.03213495388627052,0.3005047142505646,-0.9530690312385559
461329,1775274360.9528062,1.309335470199585,0.11468057334423065,2.5792837142944336,-0.02151375263929367,-0.03354693204164505,0.3080500662326813,-0.9505350589752197
461330,1775274360.9639173,1.311366319656372,0.11420881748199463,2.58000111579895,-0.025259505957365036,-0.03470456600189209,0.3153890073299408,-0.9479912519454956
461331,1775274360.9750285,1.3132214546203613,0.1136421486735344,2.580850124359131,-0.0285947285592556,-0.035128407180309296,0.3232104480266571,-0.9452424645423889
461332,1775274360.9861395,1.3150811195373535,0.11308413743972778,2.5815579891204834,-0.0319039411842823,-0.03637084364891052,0.33044493198394775,-0.9425845146179199
461333,1775274360.9972506,1.316903829574585,0.11268658936023712,2.582383871078491,-0.035119205713272095,-0.03753047063946724,0.33827608823776245,-0.9396422505378723
461334,1775274361.0083618,1.3188413381576538,0.1121559664607048,2.583231210708618,-0.03780779615044594,-0.03803645819425583,0.3446103036403656,-0.9372126460075378
461335,1775274361.0194728,1.3204998970031738,0.11156435310840607,2.5839593410491943,-0.042239073663949966,-0.039306603372097015,0.35177409648895264,-0.9343050122261047
461336,1775274361.0305839,1.3221896886825562,0.11126067489385605,2.5848515033721924,-0.04509003832936287,-0.040483541786670685,0.35815706849098206,-0.931692898273468
461337,1775274361.041695,1.3239619731903076,0.11077631264925003,2.585664987564087,-0.048597302287817,-0.041295576840639114,0.36467862129211426,-0.9289470314979553
461338,1775274361.0528061,1.325340747833252,0.11024495214223862,2.5864250659942627,-0.051998037844896317,-0.042973440140485764,0.37156543135643005,-0.9259528517723083
461339,1775274361.0639174,1.3271865844726562,0.10983018577098846,2.587223529815674,-0.0555955171585083,-0.043914299458265305,0.3773861229419708,-0.9233419895172119
461340,1775274361.0750284,1.3287209272384644,0.10943513363599777,2.587872266769409,-0.05868934839963913,-0.044003576040267944,0.3834553062915802,-0.9206418991088867
461341,1775274361.0861394,1.330406904220581,0.10901570320129395,2.5886099338531494,-0.06158769875764847,-0.045061055570840836,0.38853418827056885,-0.9182688593864441
461342,1775274361.0972507,1.3316891193389893,0.10855568945407867,2.5893166065216064,-0.06437600404024124,-0.04620222747325897,0.3946853280067444,-0.9153931736946106
461343,1775274361.1083617,1.332985758781433,0.10822045058012009,2.5902085304260254,-0.06808802485466003,-0.047326136380434036,0.40040820837020874,-0.9125774502754211
461344,1775274361.119473,1.3344165086746216,0.10762175917625427,2.590869665145874,-0.07143667340278625,-0.048133157193660736,0.4058663249015808,-0.9098640084266663
461345,1775274361.130584,1.335727334022522,0.10736481100320816,2.591752052307129,-0.07401257753372192,-0.04896051064133644,0.4113651216030121,-0.9071404933929443
461346,1775274361.141695,1.3369941711425781,0.10694349557161331,2.592325210571289,-0.07744687795639038,-0.0496838316321373,0.41627728939056396,-0.9045699834823608
461347,1775274361.1528063,1.3382725715637207,0.10660559684038162,2.592864751815796,-0.08177360892295837,-0.05107841640710831,0.4216820001602173,-0.9016031622886658
461348,1775274361.1639173,1.339473009109497,0.10631726682186127,2.5935590267181396,-0.0851774588227272,-0.05203374847769737,0.42647066712379456,-0.8989772796630859
461349,1775274361.1750283,1.3409465551376343,0.1058918684720993,2.5943140983581543,-0.08774785697460175,-0.05223799869418144,0.43160054087638855,-0.8962658643722534
461350,1775274361.1861396,1.3420120477676392,0.10541518032550812,2.595308303833008,-0.08925142884254456,-0.05302209034562111,0.4363487660884857,-0.8937687277793884
461351,1775274361.1972506,1.3431719541549683,0.10510152578353882,2.595893621444702,-0.09344449639320374,-0.05433487519621849,0.44049036502838135,-0.8912261128425598
461352,1775274361.2083619,1.3442935943603516,0.10485758632421494,2.596639394760132,-0.09617427736520767,-0.05535581335425377,0.44455230236053467,-0.8888530135154724
461353,1775274361.219473,1.3454793691635132,0.10446938127279282,2.597273588180542,-0.10016738623380661,-0.056295521557331085,0.44892051815986633,-0.8861533403396606
461354,1775274361.230584,1.3465148210525513,0.10408371686935425,2.597979784011841,-0.1030769795179367,-0.057006899267435074,0.4529246985912323,-0.8837333917617798
461355,1775274361.2416952,1.347580909729004,0.10373786091804504,2.5984885692596436,-0.10596613585948944,-0.05809193104505539,0.45725780725479126,-0.8810856342315674
461356,1775274361.2528062,1.348721981048584,0.10344746708869934,2.599381923675537,-0.1097007617354393,-0.0592879019677639,0.46026673913002014,-0.8789796829223633
461357,1775274361.2639172,1.3496965169906616,0.1030520647764206,2.6001644134521484,-0.11244811862707138,-0.060135580599308014,0.4640747010707855,-0.8765693306922913
461358,1775274361.2750285,1.3506330251693726,0.10286660492420197,2.600783109664917,-0.11623398959636688,-0.060839686542749405,0.4678775370121002,-0.8740016222000122
461359,1775274361.2861395,1.351252555847168,0.10256819427013397,2.6014482975006104,-0.11961468309164047,-0.061701126396656036,0.47247782349586487,-0.871005117893219
461360,1775274361.2972507,1.3519948720932007,0.10231921076774597,2.6020634174346924,-0.12229728698730469,-0.06338135898113251,0.47636479139328003,-0.8683909773826599
461361,1775274361.3083618,1.352890133857727,0.10182878375053406,2.60274600982666,-0.1263045221567154,-0.064546599984169,0.4791359007358551,-0.8662042021751404
461362,1775274361.3194728,1.3539087772369385,0.10159040987491608,2.603470802307129,-0.1289433389902115,-0.06513658165931702,0.48233669996261597,-0.8639919757843018
461363,1775274361.330584,1.3547450304031372,0.1012764722108841,2.6042065620422363,-0.13176466524600983,-0.06598502397537231,0.4853663444519043,-0.8618025183677673
461364,1775274361.341695,1.3557405471801758,0.10091564804315567,2.6049959659576416,-0.13479726016521454,-0.06734905391931534,0.4879574179649353,-0.85976243019104
461365,1775274361.352806,1.3565905094146729,0.10068657994270325,2.6056623458862305,-0.1374913454055786,-0.06893227994441986,0.49048566818237305,-0.8577694296836853
461366,1775274361.3639174,1.3572441339492798,0.10038253664970398,2.606292247772217,-0.141110360622406,-0.07004954665899277,0.49376532435417175,-0.8552056550979614
461367,1775274361.3750284,1.358147144317627,0.09997622668743134,2.60689115524292,-0.1449766904115677,-0.07163610309362411,0.49591726064682007,-0.8531799912452698
461368,1775274361.3861396,1.3588656187057495,0.09980809688568115,2.607808828353882,-0.14824646711349487,-0.0724203959107399,0.4990854561328888,-0.8507009744644165
461369,1775274361.3972507,1.3596371412277222,0.09953568875789642,2.6086201667785645,-0.15117786824703217,-0.07383271306753159,0.5023990273475647,-0.8481091856956482
461370,1775274361.4083617,1.3603479862213135,0.09916899353265762,2.60929799079895,-0.1552921086549759,-0.07590305060148239,0.5038779973983765,-0.8463037610054016
461371,1775274361.419473,1.3612327575683594,0.09885501116514206,2.6101651191711426,-0.15950721502304077,-0.07674141228199005,0.5068997144699097,-0.8436354994773865
461372,1775274361.430584,1.3619732856750488,0.09855492413043976,2.610872745513916,-0.1628289818763733,-0.07867532223463058,0.5093680024147034,-0.8413329720497131
461373,1775274361.441695,1.3627676963806152,0.09834557771682739,2.6119508743286133,-0.16528965532779694,-0.0805290937423706,0.512349545955658,-0.838863730430603
461374,1775274361.4528062,1.365677833557129,0.09867013990879059,2.610834836959839,-0.16560052335262299,-0.0907316580414772,0.515740692615509,-0.8356767892837524
461375,1775274361.4639173,1.4047168493270874,0.1018725335597992,2.5836832523345947,-0.14930178225040436,-0.1608920842409134,0.4986744821071625,-0.8385382294654846
461376,1775274361.4750285,1.4520186185836792,0.10628536343574524,2.549124240875244,-0.14387403428554535,-0.2446981519460678,0.4594705104827881,-0.8416115045547485
461377,1775274361.4861395,1.496263861656189,0.10902293026447296,2.516648769378662,-0.13193552196025848,-0.32000014185905457,0.4281168580055237,-0.8348107933998108
461378,1775274361.4972506,1.5396082401275635,0.11080453544855118,2.4847426414489746,-0.12033892422914505,-0.39269784092903137,0.3934989273548126,-0.8224753737449646
461379,1775274361.5083618,1.5819646120071411,0.11160114407539368,2.453468084335327,-0.1052364781498909,-0.4631628692150116,0.35724517703056335,-0.8042272329330444
461380,1775274361.5194728,1.6216691732406616,0.11271606385707855,2.4245407581329346,-0.08924388885498047,-0.5224886536598206,0.3414236605167389,-0.7761900424957275
461381,1775274361.5305839,1.6589241027832031,0.11449530720710754,2.397693634033203,-0.06925857812166214,-0.5763682723045349,0.3439123034477234,-0.7380564212799072
461382,1775274361.541695,1.6948304176330566,0.1151418685913086,2.3713157176971436,-0.05483506992459297,-0.6254091262817383,0.34916749596595764,-0.695656955242157
461383,1775274361.5528061,1.7304247617721558,0.1144772619009018,2.3454582691192627,-0.04047660157084465,-0.6722731590270996,0.3522762060165405,-0.6498553156852722
461384,1775274361.5639174,1.765093207359314,0.11328965425491333,2.320202589035034,-0.02739463560283184,-0.7157584428787231,0.35621947050094604,-0.6000393033027649
461385,1775274361.5750284,1.7985618114471436,0.11295358836650848,2.2971155643463135,-0.014632800593972206,-0.7523642182350159,0.3735100328922272,-0.5424245595932007
461386,1775274361.5861394,1.830929160118103,0.1126568466424942,2.274793863296509,-0.009946079924702644,-0.7827677726745605,0.39855673909187317,-0.4778372347354889
461387,1775274361.5972507,1.8618700504302979,0.1116911768913269,2.253710985183716,-0.006576866377145052,-0.8079531192779541,0.4243864417076111,-0.40873563289642334
461388,1775274361.6083617,1.8944650888442993,0.10957279801368713,2.232877731323242,0.005620263051241636,-0.8292930126190186,0.44199007749557495,-0.3418862819671631
461389,1775274361.619473,1.9245526790618896,0.10861220210790634,2.2137279510498047,0.003706241026520729,-0.8407865762710571,0.47288790345191956,-0.26351749897003174
461390,1775274361.630584,1.9527348279953003,0.10945256054401398,2.1969118118286133,-0.0086866095662117,-0.839884877204895,0.5138209462165833,-0.17466026544570923
461391,1775274361.641695,1.981048822402954,0.11028872430324554,2.1801674365997314,-0.022399432957172394,-0.8311071991920471,0.5493465065956116,-0.08353286981582642
461392,1775274361.6528063,2.009161949157715,0.11045476049184799,2.1639692783355713,-0.035353753715753555,-0.8141788840293884,0.579485297203064,0.007732084486633539
461393,1775274361.6639173,2.038421154022217,0.10933490097522736,2.148019552230835,-0.04663356393575668,-0.789743959903717,0.6037623286247253,0.0979846715927124
461394,1775274361.6750283,2.066574811935425,0.10903823375701904,2.1331334114074707,-0.06215711683034897,-0.7541624903678894,0.6246814131736755,0.19274002313613892
461395,1775274361.6861396,2.094059467315674,0.11154724657535553,2.1193106174468994,-0.0882752388715744,-0.7036252021789551,0.6412461400032043,0.29312556982040405
461396,1775274361.6972506,2.1221799850463867,0.11459369212388992,2.105502128601074,-0.11512558162212372,-0.6419780850410461,0.6493256688117981,0.39113473892211914
461397,1775274361.7083619,2.1499154567718506,0.11668818444013596,2.092182159423828,-0.145979106426239,-0.5670878291130066,0.6475986838340759,0.487562894821167
461398,1775274361.719473,2.1791419982910156,0.11763828992843628,2.0784785747528076,-0.17001555860042572,-0.4845309555530548,0.6371992230415344,0.5747187733650208
461399,1775274361.730584,2.208590030670166,0.11945371329784393,2.0644636154174805,-0.19900934398174286,-0.39056241512298584,0.6152678728103638,0.6552112102508545
461400,1775274361.7416952,2.236687660217285,0.12388454377651215,2.050300359725952,-0.23678281903266907,-0.28173214197158813,0.5723998546600342,0.7327478528022766
461401,1775274361.7528062,2.265390634536743,0.12691061198711395,2.035998821258545,-0.2718954384326935,-0.1618385910987854,0.5163537263870239,0.7957763075828552
461402,1775274361.7639172,2.2941086292266846,0.12771256268024445,2.0208024978637695,-0.3014640808105469,-0.03973136469721794,0.45095527172088623,0.8391544222831726
461403,1775274361.7750285,2.3220643997192383,0.12605275213718414,2.005030870437622,-0.323689728975296,0.08358559012413025,0.3739013969898224,0.8651221394538879
461404,1775274361.7861395,2.349959373474121,0.124339759349823,1.989173412322998,-0.33973821997642517,0.2036110758781433,0.2922179102897644,0.870476484298706
461405,1775274361.7972507,2.3766942024230957,0.12445608526468277,1.973218560218811,-0.3474327325820923,0.3166285455226898,0.20043183863162994,0.8595719933509827
461406,1775274361.8083618,2.4024205207824707,0.12251810729503632,1.9575707912445068,-0.3476293683052063,0.4224531054496765,0.1080906018614769,0.8300623893737793
461407,1775274361.8194728,2.426854133605957,0.11896741390228271,1.9422410726547241,-0.3409775495529175,0.519855797290802,0.011687238700687885,0.7831652164459229
461408,1775274361.830584,2.450319528579712,0.11446040868759155,1.9279910326004028,-0.3304842412471771,0.6050996780395508,-0.0854043960571289,0.7192639708518982
461409,1775274361.841695,2.472163200378418,0.10964999347925186,1.9137485027313232,-0.3075382709503174,0.6785756349563599,-0.1800040900707245,0.6423036456108093
461410,1775274361.852806,2.4938480854034424,0.106841541826725,1.9002971649169922,-0.28174009919166565,0.7360584139823914,-0.2676171362400055,0.5542758107185364
461411,1775274361.8639174,2.515047550201416,0.10480893403291702,1.8876879215240479,-0.24953459203243256,0.7793102264404297,-0.3495585322380066,0.45630815625190735
461412,1775274361.8750284,2.535815954208374,0.10200910270214081,1.87598717212677,-0.21301503479480743,0.8062648773193359,-0.42706653475761414,0.34953662753105164
461413,1775274361.8861396,2.5558266639709473,0.0999460518360138,1.865297794342041,-0.1702653467655182,0.8184473514556885,-0.49646633863449097,0.23382697999477386
461414,1775274361.8972507,2.5764033794403076,0.1007453128695488,1.8544306755065918,-0.1233992949128151,0.8145920634269714,-0.5551230311393738,0.11424065381288528
461415,1775274361.9083617,2.597729206085205,0.1026444137096405,1.8434922695159912,-0.0758826956152916,0.7959016561508179,-0.6006255745887756,-0.005613958463072777
461416,1775274361.919473,2.619828224182129,0.1042795330286026,1.83355712890625,-0.028918705880641937,0.760077714920044,-0.6367848515510559,-0.12629593908786774
461417,1775274361.930584,2.642791271209717,0.10589292645454407,1.8232065439224243,0.023461302742362022,0.7082048058509827,-0.6616918444633484,-0.24507033824920654
461418,1775274361.941695,2.6664600372314453,0.10934431105852127,1.8129724264144897,0.07430671155452728,0.6412733793258667,-0.6726894378662109,-0.36157432198524475
461419,1775274361.9528062,2.6915929317474365,0.11350908875465393,1.8015412092208862,0.12264470756053925,0.5644750595092773,-0.6671726703643799,-0.4703262746334076
461420,1775274361.9639173,2.7179818153381348,0.11597386747598648,1.7897262573242188,0.16772396862506866,0.4743064343929291,-0.6514901518821716,-0.5678580403327942
461421,1775274361.9750285,2.744748830795288,0.1186416745185852,1.7777740955352783,0.21467681229114532,0.3709163963794708,-0.6185027956962585,-0.6586267948150635
461422,1775274361.9861395,2.7723710536956787,0.12303230166435242,1.7643183469772339,0.2552931606769562,0.2620280086994171,-0.5752319097518921,-0.731624960899353
461423,1775274361.9972506,2.8006703853607178,0.12663379311561584,1.7504396438598633,0.2913951277732849,0.1470988243818283,-0.5200856328010559,-0.7892794013023376
461424,1775274362.0083618,2.828444004058838,0.12746144831180573,1.7359733581542969,0.32172414660453796,0.028469404205679893,-0.4529297649860382,-0.830985963344574
461425,1775274362.0194728,2.8566689491271973,0.12592007219791412,1.720444917678833,0.34203478693962097,-0.08868269622325897,-0.3778834342956543,-0.8557754755020142
461426,1775274362.0305839,2.8836023807525635,0.12379345297813416,1.7050998210906982,0.3575733006000519,-0.20472320914268494,-0.2949976623058319,-0.8620940446853638
461427,1775274362.041695,2.9104807376861572,0.12319494783878326,1.6899992227554321,0.36479485034942627,-0.31239956617355347,-0.2088722437620163,-0.8518823981285095
461428,1775274362.0528061,2.9359676837921143,0.1217084601521492,1.675032377243042,0.36457687616348267,-0.4148419201374054,-0.11738445609807968,-0.8253549337387085
461429,1775274362.0639174,2.960516929626465,0.11814146488904953,1.6604751348495483,0.35931453108787537,-0.5084126591682434,-0.022594718262553215,-0.7822397947311401
461430,1775274362.0750284,2.9837498664855957,0.1138686090707779,1.6459972858428955,0.34444621205329895,-0.5909376740455627,0.0712442472577095,-0.7259984612464905
461431,1775274362.0861394,3.006152629852295,0.11053728312253952,1.632118821144104,0.32280513644218445,-0.662071168422699,0.1635269820690155,-0.6562908291816711
461432,1775274362.0972507,3.028128147125244,0.10803265124559402,1.6188652515411377,0.29701903462409973,-0.7201412916183472,0.250090628862381,-0.5750051140785217
461433,1775274362.1083617,3.049342393875122,0.10508960485458374,1.6065891981124878,0.2659115493297577,-0.7638452649116516,0.334240585565567,-0.4838540852069855
461434,1775274362.119473,3.0703630447387695,0.10206232964992523,1.5949746370315552,0.23020710051059723,-0.7933018207550049,0.4106106758117676,-0.3861033320426941
461435,1775274362.130584,3.090235710144043,0.10102774202823639,1.584073543548584,0.18648816645145416,-0.8097963333129883,0.48192232847213745,-0.2778542637825012
461436,1775274362.141695,3.1102495193481445,0.10070279240608215,1.5733474493026733,0.1401105523109436,-0.8104080557823181,0.5446471571922302,-0.16421771049499512
461437,1775274362.1528063,3.1313769817352295,0.1018667072057724,1.5626611709594727,0.09323110431432724,-0.7973029017448425,0.5941848754882812,-0.05060270056128502
461438,1775274362.1639173,3.1527507305145264,0.10375833511352539,1.551841139793396,0.04236738011240959,-0.7694782018661499,0.6339804530143738,0.06463200598955154
461439,1775274362.1750283,3.1749801635742188,0.10611692070960999,1.541773796081543,-0.007040578871965408,-0.7278396487236023,0.661439836025238,0.18082372844219208
461440,1775274362.1861396,3.198147773742676,0.10846158117055893,1.5322580337524414,-0.05866014584898949,-0.6689068675041199,0.6806836724281311,0.29290318489074707
461441,1775274362.1972506,3.2221553325653076,0.111556276679039,1.5216220617294312,-0.10915878415107727,-0.5987067818641663,0.6843814849853516,0.4015676975250244
461442,1775274362.2083619,3.247427225112915,0.11435303837060928,1.5103020668029785,-0.15578384697437286,-0.5189386010169983,0.6743136048316956,0.5017324090003967
461443,1775274362.219473,3.2734787464141846,0.11690685153007507,1.4984126091003418,-0.20170710980892181,-0.4270751178264618,0.6521738767623901,0.5929505228996277
461444,1775274362.230584,3.2997217178344727,0.1208740845322609,1.486932396888733,-0.24488568305969238,-0.3224361836910248,0.6166227459907532,0.6751610040664673
461445,1775274362.2416952,3.3274590969085693,0.1244930848479271,1.4737193584442139,-0.28297051787376404,-0.21614448726177216,0.5691826343536377,0.7411075234413147
461446,1775274362.2528062,3.35520076751709,0.12659510970115662,1.4602454900741577,-0.317632257938385,-0.10351540893316269,0.5100470781326294,0.7926198840141296
461447,1775274362.2639172,3.3828883171081543,0.12639425694942474,1.44601571559906,-0.3434678614139557,0.00962079782038927,0.44072625041007996,0.8292754292488098
461448,1775274362.2750285,3.410494089126587,0.12586188316345215,1.431350588798523,-0.360866516828537,0.12023238092660904,0.36546146869659424,0.8495630621910095
461449,1775274362.2861395,3.4373250007629395,0.12638092041015625,1.4170957803726196,-0.3742821216583252,0.22903653979301453,0.2815225422382355,0.853346586227417
461450,1775274362.2972507,3.4640300273895264,0.12477902323007584,1.4025788307189941,-0.37906017899513245,0.33067160844802856,0.19569739699363708,0.841826856136322
461451,1775274362.3083618,3.488837480545044,0.12140066921710968,1.388777732849121,-0.37848132848739624,0.42909836769104004,0.10102851688861847,0.8138917684555054
461452,1775274362.3194728,3.5134851932525635,0.1190607026219368,1.3748575448989868,-0.3705308735370636,0.515931248664856,0.010008342564105988,0.7722834348678589
461453,1775274362.330584,3.5364203453063965,0.11731572449207306,1.361599087715149,-0.35399630665779114,0.5944684147834778,-0.08345750719308853,0.7171672582626343
461454,1775274362.341695,3.5590286254882812,0.11474035680294037,1.3493249416351318,-0.33402734994888306,0.6593351364135742,-0.17428836226463318,0.6506354212760925
461455,1775274362.352806,3.580817461013794,0.11118090152740479,1.3371676206588745,-0.30727899074554443,0.7123696804046631,-0.2621440291404724,0.573924720287323
461456,1775274362.3639174,3.601372003555298,0.10725057125091553,1.32601797580719,-0.274014949798584,0.7551397085189819,-0.3466739058494568,0.48424896597862244
461457,1775274362.3750284,3.622565746307373,0.10388872772455215,1.31514310836792,-0.23804546892642975,0.7829346656799316,-0.4218875765800476,0.3903313875198364
461458,1775274362.3861396,3.642038583755493,0.1033538430929184,1.3049644231796265,-0.19488778710365295,0.7980004549026489,-0.4931725859642029,0.286347359418869
461459,1775274362.3972507,3.6626837253570557,0.10361987352371216,1.2946979999542236,-0.1489502340555191,0.7989782094955444,-0.5535205602645874,0.18183162808418274
461460,1775274362.4083617,3.6833677291870117,0.10404904931783676,1.2845208644866943,-0.1009240448474884,0.7876482009887695,-0.6034805774688721,0.07235893607139587
461461,1775274362.419473,3.704695463180542,0.10464456677436829,1.2753134965896606,-0.0520588718354702,0.7622486352920532,-0.6440957188606262,-0.03752107173204422
461462,1775274362.430584,3.7265937328338623,0.10717702656984329,1.2653231620788574,0.0012391883647069335,0.7248451113700867,-0.6727902889251709,-0.148159459233284
461463,1775274362.441695,3.749718189239502,0.10991623997688293,1.2553279399871826,0.0535719133913517,0.6757681369781494,-0.6893864870071411,-0.25536978244781494
461464,1775274362.4528062,3.772489547729492,0.11203204095363617,1.245485544204712,0.10558052361011505,0.612220048904419,-0.6948904991149902,-0.3621692657470703
461465,1775274362.4639173,3.7975478172302246,0.11421700567007065,1.2347885370254517,0.15476542711257935,0.5399081110954285,-0.6874047517776489,-0.46045804023742676
461466,1775274362.4750285,3.822902202606201,0.11770512908697128,1.2238881587982178,0.20049647986888885,0.45695826411247253,-0.6678403615951538,-0.5522496700286865
461467,1775274362.4861395,3.8491897583007812,0.12094470858573914,1.2125295400619507,0.24563564360141754,0.3605291545391083,-0.6381288170814514,-0.6344079375267029
461468,1775274362.4972506,3.8757574558258057,0.12325255572795868,1.2008925676345825,0.28413182497024536,0.2621246576309204,-0.5942944288253784,-0.7052474617958069
461469,1775274362.5083618,3.903503656387329,0.12665413320064545,1.188407301902771,0.32251420617103577,0.1588892638683319,-0.5383113622665405,-0.7622070908546448
461470,1775274362.5194728,3.930532217025757,0.12851004302501678,1.1757574081420898,0.352189302444458,0.0503980815410614,-0.47409600019454956,-0.8053917288780212
461471,1775274362.5305839,3.9578800201416016,0.12827126681804657,1.161893367767334,0.3750157654285431,-0.05766860023140907,-0.40026235580444336,-0.8341627717018127
461472,1775274362.541695,3.984895944595337,0.12762051820755005,1.1482234001159668,0.3895900249481201,-0.1607406884431839,-0.3202202022075653,-0.8484345078468323
461473,1775274362.5528061,4.011142730712891,0.12687937915325165,1.134541392326355,0.3985615372657776,-0.2603994309902191,-0.23684419691562653,-0.8469036221504211
461474,1775274362.5639174,4.036737442016602,0.12456059455871582,1.121682047843933,0.40496891736984253,-0.35629743337631226,-0.14957848191261292,-0.8286607265472412
461475,1775274362.5750284,4.061351776123047,0.12120039016008377,1.1082555055618286,0.4002700448036194,-0.4470670521259308,-0.06105462834239006,-0.7976135015487671
461476,1775274362.5861394,4.076474666595459,0.11690212041139603,1.098186731338501,0.39562419056892395,-0.5045993328094482,0.0006023398600518703,-0.7673725485801697
461477,1775274362.5972507,4.076237678527832,0.11544617265462875,1.0957815647125244,0.40471476316452026,-0.5082270503044128,0.009620996192097664,-0.7601439356803894
461478,1775274362.6083617,4.077722072601318,0.11542518436908722,1.093317985534668,0.4105605185031891,-0.5046876072883606,0.01761533133685589,-0.759223461151123
461479,1775274362.619473,4.081314563751221,0.11481202393770218,1.091138482093811,0.41059648990631104,-0.508202075958252,0.03489619120955467,-0.756256103515625
461480,1775274362.630584,4.084118366241455,0.11364910006523132,1.0895441770553589,0.41022926568984985,-0.5118045210838318,0.04929502680897713,-0.7532185316085815
461481,1775274362.641695,4.086122989654541,0.11358992010354996,1.0881620645523071,0.41047611832618713,-0.5164130330085754,0.05776017904281616,-0.7493268251419067
461482,1775274362.6528063,4.088025093078613,0.11299804598093033,1.0875459909439087,0.4110243022441864,-0.520798921585083,0.06590688228607178,-0.7453078627586365
461483,1775274362.6639173,4.089566230773926,0.11233683675527573,1.0864423513412476,0.4100509583950043,-0.5234837532043457,0.07266979664564133,-0.7433317303657532
461484,1775274362.6750283,4.09044885635376,0.11206144094467163,1.0857348442077637,0.41122570633888245,-0.5242221355438232,0.07874302566051483,-0.7415418028831482
461485,1775274362.6861396,4.090951442718506,0.1119072288274765,1.0848255157470703,0.4124971628189087,-0.5253117680549622,0.08149592578411102,-0.7397648692131042
461486,1775274362.6972506,4.090925216674805,0.11156990379095078,1.0839192867279053,0.4153226613998413,-0.5256566405296326,0.08349677175283432,-0.7377129793167114
461487,1775274362.7083619,4.090676784515381,0.11126518994569778,1.0829051733016968,0.41947752237319946,-0.5234790444374084,0.08474528044462204,-0.7367676496505737
461488,1775274362.719473,4.09005880355835,0.11135882884263992,1.082030177116394,0.4230726361274719,-0.5213268995285034,0.08423535525798798,-0.7362962961196899
461489,1775274362.730584,4.089035987854004,0.1113152801990509,1.081374168395996,0.42739760875701904,-0.5189187526702881,0.08313186466693878,-0.7356246709823608
461490,1775274362.7416952,4.087809085845947,0.11131369322538376,1.0804708003997803,0.4313485324382782,-0.5166370868682861,0.08135451376438141,-0.7351231575012207
461491,1775274362.7528062,4.086679935455322,0.11117696762084961,1.0799446105957031,0.43588972091674805,-0.5136385560035706,0.07903236150741577,-0.7347989678382874
461492,1775274362.7639172,4.085692405700684,0.11144615709781647,1.0790950059890747,0.44016051292419434,-0.5112528800964355,0.07651927322149277,-0.7341825366020203
461493,1775274362.7750285,4.084475040435791,0.11150337755680084,1.0784873962402344,0.4429163634777069,-0.5090236067771912,0.07527836412191391,-0.7342024445533752
461494,1775274362.7861395,4.083479881286621,0.11160792410373688,1.0780404806137085,0.447056382894516,-0.5078426599502563,0.07271476835012436,-0.7327679991722107
461495,1775274362.7972507,4.0827155113220215,0.11166545748710632,1.0775710344314575,0.4503715932369232,-0.5069712400436401,0.0708308219909668,-0.7315248250961304
461496,1775274362.8083618,4.0821709632873535,0.11194635927677155,1.0770726203918457,0.4536787271499634,-0.5059996843338013,0.06915006786584854,-0.7303138375282288
461497,1775274362.8194728,4.081783771514893,0.11207081377506256,1.0764544010162354,0.456821471452713,-0.5058628916740417,0.06785649061203003,-0.7285687327384949
461498,1775274362.830584,4.081341743469238,0.11222529411315918,1.0756490230560303,0.4589524567127228,-0.5066588521003723,0.06720033288002014,-0.7267349362373352
461499,1775274362.841695,4.081153869628906,0.1123458594083786,1.0751501321792603,0.4613369405269623,-0.5073665380477905,0.0673409029841423,-0.7247155904769897
461500,1775274362.852806,4.081123352050781,0.11247910559177399,1.074717402458191,0.4629831910133362,-0.5086531043052673,0.06749109923839569,-0.7227472066879272
461501,1775274362.8639174,4.081052303314209,0.11250805109739304,1.0741740465164185,0.46427881717681885,-0.510442852973938,0.06776394695043564,-0.7206257581710815
461502,1775274362.8750284,4.081031799316406,0.11215484887361526,1.0739918947219849,0.46617981791496277,-0.5116087794303894,0.06886418163776398,-0.7184640765190125
461503,1775274362.8861396,4.081081867218018,0.11205355823040009,1.0736501216888428,0.4671819508075714,-0.5128244161605835,0.06926099210977554,-0.7169066071510315
461504,1775274362.8972507,4.081012725830078,0.11192680150270462,1.0731208324432373,0.4684438705444336,-0.5138779282569885,0.07014898955821991,-0.7152405381202698
461505,1775274362.9083617,4.081101894378662,0.11182181537151337,1.0726386308670044,0.4701170027256012,-0.5145939588546753,0.07103123515844345,-0.7135388255119324
461506,1775274362.919473,4.081145286560059,0.11172815412282944,1.0721855163574219,0.47098618745803833,-0.515322208404541,0.07216525077819824,-0.7123252153396606
461507,1775274362.930584,4.081331253051758,0.111653171479702,1.0718706846237183,0.47192227840423584,-0.5158138275146484,0.07344930619001389,-0.7112177014350891
461508,1775274362.941695,4.081625938415527,0.11134195327758789,1.0714311599731445,0.47332146763801575,-0.5152294039726257,0.07559172064065933,-0.7104867696762085
461509,1775274362.9528062,4.081754684448242,0.111262746155262,1.0711065530776978,0.47386372089385986,-0.5153116583824158,0.07727798819541931,-0.709883987903595
461510,1775274362.9639173,4.0819010734558105,0.11122910678386688,1.070647954940796,0.474239706993103,-0.5155171751976013,0.07867223024368286,-0.7093302607536316
461511,1775274362.9750285,4.0819597244262695,0.11126653850078583,1.0700435638427734,0.4731025993824005,-0.515449047088623,0.08076485991477966,-0.7099036574363708
461512,1775274362.9861395,4.0821638107299805,0.11117608100175858,1.0696347951889038,0.4733482897281647,-0.514773428440094,0.08219225704669952,-0.7100663185119629
461513,1775274362.9972506,4.082416534423828,0.11114368587732315,1.0692423582077026,0.4733763039112091,-0.5142645835876465,0.08313588798046112,-0.7103064656257629
461514,1775274363.0083618,4.082477569580078,0.11101202666759491,1.0693877935409546,0.47444868087768555,-0.5143854022026062,0.08495065569877625,-0.7092880606651306
461515,1775274363.0194728,4.082681655883789,0.11101512610912323,1.0693098306655884,0.47456544637680054,-0.5146433711051941,0.08650026470422745,-0.7088353633880615
461516,1775274363.0305839,4.082847595214844,0.11089718341827393,1.0691572427749634,0.47504475712776184,-0.5147476196289062,0.0876464694738388,-0.7082975506782532
461517,1775274363.041695,4.0830817222595215,0.11090367287397385,1.0688321590423584,0.4751216471195221,-0.5156227946281433,0.08872797340154648,-0.7074743509292603
461518,1775274363.0528061,4.083272933959961,0.11087530106306076,1.068373441696167,0.47519752383232117,-0.516268253326416,0.08961176872253418,-0.7068410515785217
461519,1775274363.0639174,4.083504676818848,0.11084718257188797,1.0682836771011353,0.4757615029811859,-0.5169432759284973,0.08956268429756165,-0.7059739232063293
461520,1775274363.0750284,4.083621501922607,0.11082377284765244,1.0681816339492798,0.47564953565597534,-0.5176659822463989,0.0902961939573288,-0.7054261565208435
461521,1775274363.0861394,4.083901882171631,0.11074207723140717,1.0681803226470947,0.47685694694519043,-0.5174602270126343,0.09081751853227615,-0.7046946287155151
461522,1775274363.0972507,4.084331035614014,0.110585518181324,1.0680561065673828,0.47821298241615295,-0.5174505710601807,0.09116517007350922,-0.7037373185157776
461523,1775274363.1083617,4.08445930480957,0.11052221804857254,1.0679465532302856,0.47816261649131775,-0.5182848572731018,0.09151922911405563,-0.7031114101409912
461524,1775274363.119473,4.08468770980835,0.11033729463815689,1.0680190324783325,0.478048712015152,-0.5188021063804626,0.09262315183877945,-0.7026625871658325
461525,1775274363.130584,4.084810733795166,0.11040689796209335,1.0680785179138184,0.4772076904773712,-0.5197393894195557,0.0929618552327156,-0.7024968862533569
461526,1775274363.141695,4.0849833488464355,0.1104346364736557,1.0680183172225952,0.4767187833786011,-0.5200859308242798,0.09368912130594254,-0.7024757862091064
461527,1775274363.1528063,4.085170269012451,0.11052292585372925,1.0677998065948486,0.4756776690483093,-0.5202407836914062,0.09456465393304825,-0.7029494047164917
461528,1775274363.1639173,4.085353851318359,0.11064083874225616,1.0678950548171997,0.4745069742202759,-0.5208733677864075,0.09527619928121567,-0.7031760811805725
461529,1775274363.1750283,4.085509777069092,0.11059599369764328,1.0679841041564941,0.47418662905693054,-0.5210675001144409,0.09605247527360916,-0.7031427621841431
461530,1775274363.1861396,4.085628032684326,0.11063210666179657,1.0679913759231567,0.47330546379089355,-0.5215754508972168,0.09658653289079666,-0.7032866477966309
461531,1775274363.1972506,4.085807800292969,0.1105637326836586,1.0680922269821167,0.4726529121398926,-0.5216969847679138,0.09749442338943481,-0.7035099864006042
461532,1775274363.2083619,4.086006164550781,0.11056344956159592,1.0681054592132568,0.47238773107528687,-0.5217980146408081,0.09794127941131592,-0.7035511136054993
461533,1775274363.219473,4.086154937744141,0.11060599237680435,1.068169355392456,0.47183939814567566,-0.522050142288208,0.09829383343458176,-0.7036828994750977
461534,1775274363.230584,4.086297512054443,0.11064807325601578,1.0681581497192383,0.4708347022533417,-0.5221729278564453,0.09919919073581696,-0.7041375637054443
461535,1775274363.2416952,4.0864787101745605,0.11060858517885208,1.0682721138000488,0.47067001461982727,-0.5224083662033081,0.09933574497699738,-0.7040538191795349
461536,1775274363.2528062,4.086700439453125,0.1107020154595375,1.0686302185058594,0.4707077443599701,-0.5226244926452637,0.09926532208919525,-0.7038780450820923
461537,1775274363.2639172,4.086775779724121,0.11078339070081711,1.0684388875961304,0.46889862418174744,-0.5233239531517029,0.09943392127752304,-0.7045417428016663
461538,1775274363.2750285,4.086972236633301,0.11079471558332443,1.0687390565872192,0.4687999486923218,-0.5234026908874512,0.09909363836050034,-0.7045968174934387
461539,1775274363.2861395,4.087080001831055,0.11081880331039429,1.068859338760376,0.468182772397995,-0.5236856341362,0.09912043809890747,-0.7047931551933289
461540,1775274363.2972507,4.087222099304199,0.11090783774852753,1.06908118724823,0.4669042229652405,-0.5243394374847412,0.09895770996809006,-0.7051780223846436
461541,1775274363.3083618,4.087355613708496,0.11104275286197662,1.0692261457443237,0.46580037474632263,-0.5249576568603516,0.09889703243970871,-0.7054564952850342
461542,1775274363.3194728,4.087517738342285,0.11101962625980377,1.069566249847412,0.46535468101501465,-0.524917721748352,0.09876243770122528,-0.7057991027832031
461543,1775274363.330584,4.0876264572143555,0.1111508160829544,1.0696899890899658,0.46482130885124207,-0.5252320766448975,0.09869630634784698,-0.7059260010719299
461544,1775274363.341695,4.08769416809082,0.11114740371704102,1.0698676109313965,0.4641638994216919,-0.5253962874412537,0.09852034598588943,-0.7062608003616333
461545,1775274363.352806,4.087889671325684,0.11123649775981903,1.0700119733810425,0.46335434913635254,-0.5254271626472473,0.09839019179344177,-0.7067874073982239
461546,1775274363.3639174,4.087901592254639,0.11128558218479156,1.0702061653137207,0.46248719096183777,-0.5257987380027771,0.09808246046304703,-0.7071217894554138
461547,1775274363.3750284,4.08801794052124,0.11124522238969803,1.0705240964889526,0.46200212836265564,-0.5258392691612244,0.09753407537937164,-0.7074844241142273
461548,1775274363.3861396,4.088046073913574,0.11130063235759735,1.0707670450210571,0.46122148633003235,-0.525909960269928,0.09716269373893738,-0.7079921364784241
461549,1775274363.3972507,4.088108062744141,0.11134999245405197,1.0710115432739258,0.46041423082351685,-0.5259694457054138,0.09669924527406693,-0.7085366249084473
461550,1775274363.4083617,4.088160514831543,0.11145941913127899,1.071197509765625,0.4594669044017792,-0.5261123180389404,0.0962732583284378,-0.7091032862663269
461551,1775274363.419473,4.088159561157227,0.11151900887489319,1.0714161396026611,0.4587657153606415,-0.5262909531593323,0.09579437226057053,-0.7094894647598267
461552,1775274363.430584,4.088150978088379,0.11157022416591644,1.0716171264648438,0.4581559896469116,-0.5263566970825195,0.09505593031644821,-0.709933876991272
461553,1775274363.441695,4.088142395019531,0.11167463660240173,1.07180917263031,0.457253634929657,-0.526598334312439,0.09418092668056488,-0.7104528546333313
461554,1775274363.4528062,4.088048458099365,0.11180476099252701,1.0721584558486938,0.4560491144657135,-0.5269563794136047,0.09296804666519165,-0.7111210823059082
461555,1775274363.4639173,4.088010311126709,0.11192343384027481,1.072359561920166,0.4551903307437897,-0.5270507335662842,0.09221836924552917,-0.7116988301277161
461556,1775274363.4750285,4.087977886199951,0.11198274791240692,1.072662353515625,0.4546798765659332,-0.5268340110778809,0.09159435331821442,-0.7122658491134644
461557,1775274363.4861395,4.0879130363464355,0.11205366253852844,1.072925329208374,0.45422524213790894,-0.5266516804695129,0.09092500060796738,-0.7127763032913208
461558,1775274363.4972506,4.0878448486328125,0.11217726022005081,1.0731621980667114,0.45342838764190674,-0.5268550515174866,0.09005232900381088,-0.7132440805435181
461559,1775274363.5083618,4.087717533111572,0.11221856623888016,1.0735925436019897,0.4528723359107971,-0.5269710421562195,0.08970337361097336,-0.7135555148124695
461560,1775274363.5194728,4.087521076202393,0.11226136982440948,1.074042797088623,0.45252323150634766,-0.526935875415802,0.08943407982587814,-0.7138367295265198
461561,1775274363.5305839,4.087423324584961,0.1122627854347229,1.0744112730026245,0.45215675234794617,-0.5268504619598389,0.0888429507613182,-0.7142056822776794
461562,1775274363.541695,4.087421894073486,0.1122746467590332,1.0746328830718994,0.45136526226997375,-0.5268918871879578,0.087864451110363,-0.7147966623306274
461563,1775274363.5528061,4.0873541831970215,0.11245205998420715,1.0748059749603271,0.45046916604042053,-0.5269044041633606,0.08691805601119995,-0.7154681086540222
461564,1775274363.5639174,4.087287902832031,0.1125292181968689,1.0750826597213745,0.44969475269317627,-0.5267528891563416,0.08608992397785187,-0.7161665558815002
461565,1775274363.5750284,4.087255001068115,0.11259971559047699,1.0753310918807983,0.4490952789783478,-0.526492178440094,0.08520054072141647,-0.7168405055999756
461566,1775274363.5861394,4.087272644042969,0.11269453912973404,1.0754534006118774,0.44823843240737915,-0.526511549949646,0.08390023559331894,-0.7175156474113464
461567,1775274363.5972507,4.087215900421143,0.11287178844213486,1.0755921602249146,0.44721129536628723,-0.5266640782356262,0.08302459120750427,-0.7181462645530701
461568,1775274363.6083617,4.087095737457275,0.11305061727762222,1.0758652687072754,0.44594475626945496,-0.5267900228500366,0.08216990530490875,-0.7189392447471619
461569,1775274363.619473,4.086948871612549,0.11313086003065109,1.076251745223999,0.4450759291648865,-0.5264608860015869,0.08115499466657639,-0.719833493232727
461570,1775274363.630584,4.086779594421387,0.11326204240322113,1.0766581296920776,0.44429510831832886,-0.5269514918327332,0.07985696196556091,-0.720102071762085
461571,1775274363.641695,4.086678981781006,0.1135418638586998,1.0767327547073364,0.44372615218162537,-0.5254852771759033,0.07835868000984192,-0.7216870784759521
461572,1775274363.6528063,4.084800720214844,0.11387541145086288,1.0771623849868774,0.44340071082115173,-0.528593897819519,0.07641834765672684,-0.7198226451873779
461573,1775274363.6639173,4.052830219268799,0.11651753634214401,1.0729153156280518,0.44024959206581116,-0.5427976846694946,0.062431201338768005,-0.7124979496002197
461574,1775274363.6750283,4.014515399932861,0.11631684750318527,1.0656803846359253,0.4315565824508667,-0.5656096935272217,0.052151355892419815,-0.7008031010627747
461575,1775274363.6861396,3.9722955226898193,0.11499727517366409,1.061651587486267,0.4206070899963379,-0.5944803357124329,0.05885118991136551,-0.6828025579452515
461576,1775274363.6972506,3.933643341064453,0.1135333776473999,1.0559535026550293,0.412977933883667,-0.6141090989112854,0.050514355301856995,-0.670647144317627
461577,1775274363.7083619,3.8976075649261475,0.11435820162296295,1.051196575164795,0.42331385612487793,-0.6222343444824219,0.029208563268184662,-0.6578577160835266
461578,1775274363.719473,3.862859010696411,0.11507070064544678,1.0468361377716064,0.4401788115501404,-0.6276400685310364,0.0009134512511081994,-0.6421135067939758
461579,1775274363.730584,3.8278236389160156,0.11458014696836472,1.0410842895507812,0.4564679265022278,-0.6301045417785645,-0.02758617140352726,-0.6275701522827148
461580,1775274363.7416952,3.793809175491333,0.11304629594087601,1.0364174842834473,0.47328031063079834,-0.630603551864624,-0.05944632366299629,-0.6122181415557861
461581,1775274363.7528062,3.7612807750701904,0.11190636456012726,1.0322061777114868,0.5007747411727905,-0.6245996356010437,-0.09659945219755173,-0.5914123058319092
461582,1775274363.7639172,3.7299880981445312,0.11023417115211487,1.0285197496414185,0.5322797298431396,-0.6113527417182922,-0.13800309598445892,-0.5691058039665222
461583,1775274363.7750285,3.6994333267211914,0.10822783410549164,1.0253050327301025,0.5662877559661865,-0.5938333868980408,-0.1759362816810608,-0.5438073873519897
461584,1775274363.7861395,3.6702582836151123,0.10544473677873611,1.0222694873809814,0.6017922759056091,-0.5703073740005493,-0.21926259994506836,-0.514314591884613
461585,1775274363.7972507,3.6420323848724365,0.10230417549610138,1.0198121070861816,0.6381295919418335,-0.54070645570755,-0.26438626646995544,-0.48013249039649963
461586,1775274363.8083618,3.615446090698242,0.09888949245214462,1.0169472694396973,0.6728823184967041,-0.5051041841506958,-0.3100159168243408,-0.4427068531513214
461587,1775274363.8194728,3.5912461280822754,0.09459668397903442,1.0151716470718384,0.7108358144760132,-0.45937880873680115,-0.35622674226760864,-0.3959623873233795
461588,1775274363.830584,3.5681982040405273,0.09073685854673386,1.0132501125335693,0.7445136904716492,-0.40684038400650024,-0.4033192992210388,-0.34280309081077576
461589,1775274363.841695,3.5467071533203125,0.08748794347047806,1.0111486911773682,0.7724676728248596,-0.3470652401447296,-0.44755879044532776,-0.2872815728187561
461590,1775274363.852806,3.52607798576355,0.08327069878578186,1.0093047618865967,0.7932577729225159,-0.2862590551376343,-0.4867447018623352,-0.22776629030704498
461591,1775274363.8639174,3.507770299911499,0.07898852229118347,1.007763385772705,0.8094517588615417,-0.2148163616657257,-0.5224322080612183,-0.16033205389976501
461592,1775274363.8750284,3.4900286197662354,0.0778074637055397,1.005975365638733,0.8168347477912903,-0.14219443500041962,-0.5514068603515625,-0.09226297587156296
461593,1775274363.8861396,3.4729485511779785,0.07691169530153275,1.0037533044815063,0.8164316415786743,-0.06630251556634903,-0.5731571912765503,-0.023115621879696846
461594,1775274363.8972507,3.455899238586426,0.07631008327007294,1.0015356540679932,0.8059604167938232,0.00996522419154644,-0.5900722742080688,0.046297501772642136
461595,1775274363.9083617,3.4385733604431152,0.07730287313461304,0.9985158443450928,0.7888922095298767,0.08629262447357178,-0.5978982448577881,0.11278479546308517
461596,1775274363.919473,3.4223132133483887,0.0798015221953392,0.9963375329971313,0.7616297006607056,0.16213932633399963,-0.5997429490089417,0.18422715365886688
461597,1775274363.930584,3.4041666984558105,0.0825401246547699,0.9938609004020691,0.7257735729217529,0.23471206426620483,-0.5964680910110474,0.2497774064540863
461598,1775274363.941695,3.38535475730896,0.08544684201478958,0.9905295968055725,0.6834226250648499,0.3043352961540222,-0.5860288143157959,0.3112615644931793
461599,1775274363.9528062,3.3653371334075928,0.08963482081890106,0.9872936010360718,0.6337811946868896,0.3702719807624817,-0.5696197152137756,0.3698021173477173
461600,1775274363.9639173,3.3451249599456787,0.09502670913934708,0.9841212034225464,0.5774003267288208,0.43179675936698914,-0.545846164226532,0.42686355113983154
461601,1775274363.9750285,3.3246424198150635,0.10016290843486786,0.98102205991745,0.5139830708503723,0.491273432970047,-0.5129404067993164,0.48100316524505615
461602,1775274363.9861395,3.3018789291381836,0.10550881922245026,0.9770974516868591,0.4472215175628662,0.5439342856407166,-0.4781893789768219,0.5248459577560425
461603,1775274363.9972506,3.2778611183166504,0.11010752618312836,0.9737412333488464,0.3743753433227539,0.5910242795944214,-0.4383223056793213,0.5642756223678589
461604,1775274364.0083618,3.253472328186035,0.11363823711872101,0.9702503085136414,0.299537718296051,0.6304157972335815,-0.39293259382247925,0.5987128615379333
461605,1775274364.0194728,3.2279515266418457,0.11806191504001617,0.9665072560310364,0.22239524126052856,0.6646078824996948,-0.341701865196228,0.6261601448059082
461606,1775274364.0305839,3.2025513648986816,0.12261766195297241,0.9631406664848328,0.13958972692489624,0.6911851763725281,-0.28431493043899536,0.6495712995529175
461607,1775274364.041695,3.1757946014404297,0.125177800655365,0.9599870443344116,0.05756306275725365,0.7100260257720947,-0.2267313450574875,0.6641855239868164
461608,1775274364.0528061,3.1485989093780518,0.125831738114357,0.9567955732345581,-0.024813735857605934,0.7214083075523376,-0.1659083068370819,0.6718845367431641
461609,1775274364.0639174,3.1214704513549805,0.12429022043943405,0.9542076587677002,-0.10808514803647995,0.7249796986579895,-0.10377730429172516,0.6722740530967712
461610,1775274364.0750284,3.0947306156158447,0.12477406114339828,0.9515559673309326,-0.18799297511577606,0.7205671072006226,-0.03938056528568268,0.6662513613700867
461611,1775274364.0861394,3.068112850189209,0.12542781233787537,0.9491246342658997,-0.2643256187438965,0.7090782523155212,0.024441368877887726,0.6532554626464844
461612,1775274364.0972507,3.0419304370880127,0.12361229956150055,0.9474114775657654,-0.3400418162345886,0.6890472769737244,0.08946485817432404,0.6337045431137085
461613,1775274364.1083617,3.0162131786346436,0.11998818069696426,0.9455678462982178,-0.41170966625213623,0.6624104380607605,0.15222148597240448,0.6070718765258789
461614,1775274364.119473,2.9912824630737305,0.11435333639383316,0.9435383081436157,-0.477840781211853,0.6293553113937378,0.21341681480407715,0.5744853615760803
461615,1775274364.130584,2.967331647872925,0.10928265750408173,0.9421325922012329,-0.5377275943756104,0.5905330777168274,0.2722499966621399,0.5366560816764832
461616,1775274364.141695,2.94486665725708,0.10671086609363556,0.9408659338951111,-0.5930107235908508,0.544096827507019,0.32888469099998474,0.4940970540046692
461617,1775274364.1528063,2.9227962493896484,0.10311254858970642,0.9401244521141052,-0.6412651538848877,0.4948170483112335,0.38096585869789124,0.44587016105651855
461618,1775274364.1639173,2.9019715785980225,0.09850289672613144,0.9393017888069153,-0.6837828755378723,0.4398972690105438,0.4292811453342438,0.39325451850891113
461619,1775274364.1750283,2.8820407390594482,0.09288989752531052,0.9384198188781738,-0.7188785672187805,0.3802274763584137,0.4744030237197876,0.33701997995376587
461620,1775274364.1861396,2.8631551265716553,0.08659970015287399,0.9374957084655762,-0.7476702332496643,0.3179802894592285,0.5128068923950195,0.2773209512233734
461621,1775274364.1972506,2.845770835876465,0.08199461549520493,0.93675297498703,-0.7692557573318481,0.25117993354797363,0.5472260117530823,0.2137710005044937
461622,1775274364.2083619,2.829012870788574,0.08147551119327545,0.9356764554977417,-0.7838566303253174,0.17874102294445038,0.5756223201751709,0.14926278591156006
461623,1775274364.219473,2.8122668266296387,0.08148664236068726,0.9342697262763977,-0.7900843024253845,0.10749965161085129,0.5972620844841003,0.08653755486011505
461624,1775274364.230584,2.7962634563446045,0.08069945871829987,0.933843195438385,-0.7870306372642517,0.034977082163095474,0.6156753301620483,0.017415888607501984
461625,1775274364.2416952,2.7801411151885986,0.08026197552680969,0.9327630400657654,-0.7772916555404663,-0.03756757080554962,0.6260505318641663,-0.04967116564512253
461626,1775274364.2528062,2.763484477996826,0.07941281050443649,0.9313108325004578,-0.7605367302894592,-0.10818655043840408,0.6298410296440125,-0.11480452120304108
461627,1775274364.2639172,2.746579885482788,0.07972630858421326,0.9291802048683167,-0.736816942691803,-0.17895130813121796,0.6273257732391357,-0.17759397625923157
461628,1775274364.2750285,2.729527711868286,0.0838528722524643,0.9271582365036011,-0.706436038017273,-0.24885578453540802,0.617928683757782,-0.23913002014160156
461629,1775274364.2861395,2.7116780281066895,0.08804053068161011,0.9254351258277893,-0.6685292720794678,-0.3153300881385803,0.602893054485321,-0.30025917291641235
461630,1775274364.2972507,2.693315267562866,0.09195560216903687,0.9233465790748596,-0.6252459287643433,-0.37842869758605957,0.5808475017547607,-0.3584347069263458
461631,1775274364.3083618,2.6740965843200684,0.0948849469423294,0.9214078187942505,-0.5743394494056702,-0.4379383325576782,0.5540733337402344,-0.41394075751304626
461632,1775274364.3194728,2.653059482574463,0.099651038646698,0.9187856316566467,-0.52165687084198,-0.4929918348789215,0.5212070345878601,-0.46171027421951294
461633,1775274364.330584,2.6322219371795654,0.1062059998512268,0.9170248508453369,-0.4604376554489136,-0.5435139536857605,0.482409805059433,-0.5097749829292297
461634,1775274364.341695,2.60981822013855,0.11161348223686218,0.9149471521377563,-0.39567267894744873,-0.589044988155365,0.4388149678707123,-0.5512808561325073
461635,1775274364.352806,2.586550235748291,0.11559666693210602,0.9127175211906433,-0.3282720744609833,-0.6285534501075745,0.39025288820266724,-0.5872485041618347
461636,1775274364.3639174,2.562591075897217,0.11815370619297028,0.9105679392814636,-0.25756198167800903,-0.6620303392410278,0.33776119351387024,-0.6174909472465515
461637,1775274364.3750284,2.5374293327331543,0.12221434712409973,0.9088526368141174,-0.18476329743862152,-0.6887310147285461,0.28311190009117126,-0.641373336315155
461638,1775274364.3861396,2.5119283199310303,0.12668658792972565,0.9071542620658875,-0.11251084506511688,-0.7087737321853638,0.22408106923103333,-0.659369945526123
461639,1775274364.3972507,2.4862215518951416,0.12897586822509766,0.9054718017578125,-0.034833189100027084,-0.7213882207870483,0.1621456891298294,-0.6723797917366028
461640,1775274364.4083617,2.4598300457000732,0.12916696071624756,0.9038311243057251,0.04087251052260399,-0.7278110980987549,0.09900308400392532,-0.6773616671562195
461641,1775274364.419473,2.433722972869873,0.12738889455795288,0.902466356754303,0.11640302836894989,-0.7266057729721069,0.03442724421620369,-0.6762463450431824
461642,1775274364.430584,2.4076240062713623,0.12735505402088165,0.9014499187469482,0.18961316347122192,-0.7185654640197754,-0.029902158305048943,-0.6684433221817017
461643,1775274364.441695,2.3819282054901123,0.12683995068073273,0.9006290435791016,0.26006463170051575,-0.7026764750480652,-0.09475494921207428,-0.6554644703865051
461644,1775274364.4528062,2.3563778400421143,0.12436134368181229,0.8998540043830872,0.3282591998577118,-0.6815444827079773,-0.15696538984775543,-0.6349053978919983
461645,1775274364.4639173,2.3312766551971436,0.11980042606592178,0.8990755677223206,0.39392220973968506,-0.6532642245292664,-0.21668778359889984,-0.609194278717041
461646,1775274364.4750285,2.307051658630371,0.11469802260398865,0.8985954523086548,0.45416441559791565,-0.6195959448814392,-0.2759910523891449,-0.5776370763778687
461647,1775274364.4861395,2.28410005569458,0.1115085631608963,0.8981931805610657,0.5095502734184265,-0.5789334774017334,-0.3344239294528961,-0.5416228771209717
461648,1775274364.4972506,2.2623355388641357,0.1077263206243515,0.8977597951889038,0.5613610744476318,-0.5326495170593262,-0.3887186050415039,-0.5000560879707336
461649,1775274364.5083618,2.241224527359009,0.10274696350097656,0.897741973400116,0.607449471950531,-0.4822727143764496,-0.43893811106681824,-0.4535984992980957
461650,1775274364.5194728,2.2212867736816406,0.09666852653026581,0.897322416305542,0.6484002470970154,-0.4259675443172455,-0.48569849133491516,-0.40277257561683655
461651,1775274364.5305839,2.2020716667175293,0.0920047014951706,0.8970035314559937,0.6821824312210083,-0.36730870604515076,-0.5267004370689392,-0.34971144795417786
461652,1775274364.541695,2.183558940887451,0.08862608671188354,0.8965715765953064,0.7093298435211182,-0.3054792582988739,-0.5627123117446899,-0.29476839303970337
461653,1775274364.5528061,2.165904998779297,0.08451295644044876,0.8975478410720825,0.7302880883216858,-0.24429969489574432,-0.5936375260353088,-0.2336481362581253
461654,1775274364.5639174,2.1490705013275146,0.08005126565694809,0.8977571129798889,0.7458683252334595,-0.17625899612903595,-0.619246244430542,-0.17072583734989166
461655,1775274364.5750284,2.1328530311584473,0.07821023464202881,0.8975695967674255,0.7534490823745728,-0.10789050906896591,-0.639684796333313,-0.1071334034204483
461656,1775274364.5861394,2.116739273071289,0.07727561891078949,0.897132158279419,0.7546939253807068,-0.038482677191495895,-0.653432309627533,-0.04452493414282799
461657,1775274364.5972507,2.101379871368408,0.076617032289505,0.8971702456474304,0.748754620552063,0.032025691121816635,-0.6617184281349182,0.021670270711183548
461658,1775274364.6083617,2.084798812866211,0.07723179459571838,0.8961798548698425,0.736499011516571,0.10187763720750809,-0.6636467576026917,0.08223873376846313
461659,1775274364.619473,2.068857431411743,0.07914457470178604,0.8955382108688354,0.717989444732666,0.1704976111650467,-0.659241259098053,0.14430107176303864
461660,1775274364.630584,2.0523111820220947,0.08207493275403976,0.8951988816261292,0.6931353211402893,0.2366296947002411,-0.6489136219024658,0.20610912144184113
461661,1775274364.641695,2.0355911254882812,0.08463383466005325,0.8946540355682373,0.6627142429351807,0.3011433780193329,-0.6318429708480835,0.2662649154663086
461662,1775274364.6528063,2.0182745456695557,0.08683939278125763,0.8935292959213257,0.6252984404563904,0.36524099111557007,-0.6089898347854614,0.3236236870288849
461663,1775274364.6639173,2.000046491622925,0.09124642610549927,0.8930098414421082,0.5826431512832642,0.4248315095901489,-0.5800642967224121,0.37890708446502686
461664,1775274364.6750283,1.9807538986206055,0.09717634320259094,0.8924970626831055,0.534802258014679,0.47923263907432556,-0.5476979613304138,0.429359495639801
461665,1775274364.6861396,1.9606775045394897,0.10209479928016663,0.891991913318634,0.4824899137020111,0.5294254422187805,-0.5088082551956177,0.4775211811065674
461666,1775274364.6972506,1.9396027326583862,0.10620307922363281,0.8907877206802368,0.42638328671455383,0.5764794945716858,-0.4630502164363861,0.5210118889808655
461667,1775274364.7083619,1.917622447013855,0.11027848720550537,0.890235185623169,0.36531704664230347,0.6180777549743652,-0.4150485694408417,0.5588005781173706
461668,1775274364.719473,1.894614815711975,0.11563467979431152,0.8899505138397217,0.3022233843803406,0.6528235673904419,-0.3629128932952881,0.5922639966011047
461669,1775274364.730584,1.8705883026123047,0.12008528411388397,0.8895878195762634,0.23769795894622803,0.6814947724342346,-0.3085256814956665,0.6195776462554932
461670,1775274364.7416952,1.8463135957717896,0.1230512484908104,0.8892327547073364,0.16892297565937042,0.7037015557289124,-0.2482341229915619,0.6439325213432312
461671,1775274364.7528062,1.8211718797683716,0.1247926726937294,0.8889374732971191,0.09955614805221558,0.7207872867584229,-0.1854046732187271,0.6604388356208801
461672,1775274364.7639172,1.7958104610443115,0.12634912133216858,0.8885624408721924,0.028518104925751686,0.7302536368370056,-0.12152047455310822,0.6716763973236084
461673,1775274364.7750285,1.7702124118804932,0.12772876024246216,0.8886097073554993,-0.040842004120349884,0.7332427501678467,-0.05557641759514809,0.6764600872993469
461674,1775274364.7861395,1.7443331480026245,0.12747660279273987,0.8888229131698608,-0.11269951611757278,0.7288159728050232,0.010170670226216316,0.6752945780754089
461675,1775274364.7972507,1.719101071357727,0.12676218152046204,0.8889777660369873,-0.18133915960788727,0.7177041172981262,0.07553407549858093,0.6680654883384705
461676,1775274364.8083618,1.6934823989868164,0.12508198618888855,0.8891070485115051,-0.24713800847530365,0.7012346386909485,0.13980743288993835,0.6539470553398132
461677,1775274364.8194728,1.668614149093628,0.12258929759263992,0.8898239731788635,-0.3114563524723053,0.6780164241790771,0.203155055642128,0.6340478658676147
461678,1775274364.830584,1.6444284915924072,0.11843894422054291,0.8901880383491516,-0.3732907772064209,0.648198664188385,0.26487353444099426,0.6085511445999146
461679,1775274364.841695,1.6205037832260132,0.1141069084405899,0.8909687399864197,-0.4297417104244232,0.6134119033813477,0.323994904756546,0.5779924392700195
461680,1775274364.852806,1.5977909564971924,0.11075665801763535,0.891605019569397,-0.48142147064208984,0.5724884867668152,0.3813930153846741,0.5431663990020752
461681,1775274364.8639174,1.576364517211914,0.10617229342460632,0.8921926021575928,-0.5301156044006348,0.5263676047325134,0.43434181809425354,0.5032511949539185
461682,1775274364.8750284,1.555432915687561,0.10071266442537308,0.8932830691337585,-0.5740970373153687,0.47738736867904663,0.482928991317749,0.45748621225357056
461683,1775274364.8861396,1.535525918006897,0.09633190929889679,0.8939317464828491,-0.6120550632476807,0.4218904674053192,0.5287190079689026,0.4096992015838623
461684,1775274364.8972507,1.5164999961853027,0.09229251742362976,0.8948438763618469,-0.6446046233177185,0.3644683063030243,0.5686719417572021,0.3581342101097107
461685,1775274364.9083617,1.498536229133606,0.08798360824584961,0.895596444606781,-0.6712815165519714,0.3033415973186493,0.6040383577346802,0.30414271354675293
461686,1775274364.919473,1.4813284873962402,0.08295083045959473,0.8965226411819458,-0.6926679015159607,0.24047666788101196,0.6339783668518066,0.24587327241897583
461687,1775274364.930584,1.4649170637130737,0.08029861003160477,0.8971271514892578,-0.7080294489860535,0.17404958605766296,0.6584208011627197,0.18677036464214325
461688,1775274364.941695,1.4488753080368042,0.07866993546485901,0.8973482251167297,-0.7165824770927429,0.10516215115785599,0.6777252554893494,0.12703928351402283
461689,1775274364.9528062,1.4334630966186523,0.07679838687181473,0.8987432718276978,-0.7196372151374817,0.038930948823690414,0.6904610991477966,0.06221099942922592
461690,1775274364.9639173,1.417879581451416,0.07522636651992798,0.8988644480705261,-0.7161202430725098,-0.029620392248034477,0.6973461508750916,0.001698470558039844
461691,1775274364.9750285,1.4023590087890625,0.07575425505638123,0.8994256854057312,-0.7062927484512329,-0.09724698215723038,0.6986696720123291,-0.059618476778268814
461692,1775274364.9861395,1.3868889808654785,0.07739312201738358,0.8999176621437073,-0.6914549469947815,-0.1643916219472885,0.6929308772087097,-0.1212945282459259
461693,1775274364.9972506,1.3709145784378052,0.07904858887195587,0.9005964994430542,-0.6702499389648438,-0.22903291881084442,0.6820108890533447,-0.18212653696537018
461694,1775274365.0083618,1.3547853231430054,0.0811796486377716,0.9006544351577759,-0.6442894339561462,-0.2935326099395752,0.6642209887504578,-0.2398756742477417
461695,1775274365.0194728,1.3380862474441528,0.08423704653978348,0.9009960293769836,-0.6121387481689453,-0.35638314485549927,0.6404810547828674,-0.29675108194351196
461696,1775274365.0305839,1.3209660053253174,0.08836998790502548,0.9015066623687744,-0.5747412443161011,-0.41498228907585144,0.610761821269989,-0.3527494966983795
461697,1775274365.041695,1.302018165588379,0.09297043085098267,0.9017723798751831,-0.5338638424873352,-0.46915575861930847,0.577854335308075,-0.40120646357536316
461698,1775274365.0528061,1.283319354057312,0.09782996773719788,0.9024408459663391,-0.4863448739051819,-0.5196220278739929,0.5379871726036072,-0.4516983926296234
461699,1775274365.0639174,1.2758700847625732,0.09650632739067078,0.9030541181564331,-0.4762957990169525,-0.5261604189872742,0.5117460489273071,-0.48416268825531006
461700,1775274365.0750284,1.2770729064941406,0.09578707069158554,0.9034314751625061,-0.48604026436805725,-0.5072306394577026,0.5035228133201599,-0.5029382109642029
461701,1775274365.0861394,1.2777631282806396,0.09675179421901703,0.9029269218444824,-0.4909318685531616,-0.4965032637119293,0.49930697679519653,-0.5129941701889038
461702,1775274365.0972507,1.2781450748443604,0.09630678594112396,0.9025450944900513,-0.4937291443347931,-0.4891712963581085,0.4952593445777893,-0.5212112665176392
461703,1775274365.1083617,1.2782610654830933,0.09541113674640656,0.9006555080413818,-0.49217846989631653,-0.4789251387119293,0.49485647678375244,-0.5324548482894897
461704,1775274365.119473,1.2783950567245483,0.0953555703163147,0.8975608944892883,-0.4860149621963501,-0.4659200608730316,0.4990590512752533,-0.5455712080001831
461705,1775274365.130584,1.2778339385986328,0.09511694312095642,0.8933607339859009,-0.4795190095901489,-0.45097196102142334,0.5052489042282104,-0.5580406188964844
461706,1775274365.141695,1.277958869934082,0.09428517520427704,0.8882776498794556,-0.4631688594818115,-0.4365386664867401,0.5135526061058044,-0.575475811958313
461707,1775274365.1528063,1.2769038677215576,0.09387416392564774,0.8818308711051941,-0.44682806730270386,-0.4223305284976959,0.5256485939025879,-0.5879414677619934
461708,1775274365.1639173,1.2764995098114014,0.09412484616041183,0.8751130700111389,-0.4260103702545166,-0.4052189588546753,0.5379921197891235,-0.6040507555007935
461709,1775274365.1750283,1.276125431060791,0.09390758723020554,0.8677274584770203,-0.40136051177978516,-0.38523733615875244,0.5503279566764832,-0.6226083636283875
461710,1775274365.1861396,1.2750004529953003,0.09352520853281021,0.859706699848175,-0.374014288187027,-0.361358642578125,0.5611952543258667,-0.6438891291618347
461711,1775274365.1972506,1.2732112407684326,0.0930723249912262,0.8509278297424316,-0.3444717228412628,-0.33493760228157043,0.571588933467865,-0.6651633381843567
461712,1775274365.2083619,1.2712045907974243,0.09297633171081543,0.8418894410133362,-0.31260478496551514,-0.3079034090042114,0.5793821811676025,-0.686869740486145
461713,1775274365.219473,1.2696598768234253,0.09269801527261734,0.8329001665115356,-0.27917754650115967,-0.27847737073898315,0.5845067501068115,-0.7091277837753296
461714,1775274365.230584,1.268528699874878,0.09243514388799667,0.8229883313179016,-0.24844121932983398,-0.2514481246471405,0.5854091644287109,-0.729621171951294
461715,1775274365.2416952,1.2667813301086426,0.09267735481262207,0.8140863180160522,-0.21351046860218048,-0.2212693840265274,0.5884950160980225,-0.7477478384971619
461716,1775274365.2528062,1.2648035287857056,0.09277208149433136,0.8053355813026428,-0.17748188972473145,-0.19201810657978058,0.5907283425331116,-0.7633277773857117
461717,1775274365.2639172,1.2625675201416016,0.09258463233709335,0.7961236238479614,-0.14249074459075928,-0.1597537100315094,0.5926826000213623,-0.77646803855896
461718,1775274365.2750285,1.260882019996643,0.0930553674697876,0.7871661186218262,-0.10657552629709244,-0.12985365092754364,0.5907957553863525,-0.7891387939453125
461719,1775274365.2861395,1.2588567733764648,0.09335467964410782,0.7778645753860474,-0.07085490971803665,-0.09978645294904709,0.5887015461921692,-0.7990323901176453
461720,1775274365.2972507,1.2570390701293945,0.0938148945569992,0.7685587406158447,-0.03588036447763443,-0.06910962611436844,0.5835482478141785,-0.8083364963531494
461721,1775274365.3083618,1.2551641464233398,0.09468357264995575,0.7592325806617737,0.00047173129860311747,-0.038858480751514435,0.5784287452697754,-0.8148066997528076
461722,1775274365.3194728,1.2530910968780518,0.0955638587474823,0.7501274347305298,0.03683209419250488,-0.008016577921807766,0.5715546011924744,-0.8196977972984314
461723,1775274365.330584,1.2512500286102295,0.09633146226406097,0.7407098412513733,0.07200653105974197,0.023204633966088295,0.5638473033905029,-0.8224067687988281
461724,1775274365.341695,1.2492233514785767,0.09737040847539902,0.7313761711120605,0.10923636704683304,0.05407522991299629,0.5538743138313293,-0.8236300945281982
461725,1775274365.352806,1.2472283840179443,0.09873306006193161,0.7218176126480103,0.14465689659118652,0.08434206247329712,0.54379802942276,-0.8223409652709961
461726,1775274365.3639174,1.2448146343231201,0.0996725931763649,0.7121263742446899,0.1808045208454132,0.1141401156783104,0.5324857831001282,-0.8189875483512878
461727,1775274365.3750284,1.2425379753112793,0.10051560401916504,0.7023491859436035,0.2158249169588089,0.1441986858844757,0.5197025537490845,-0.8139628767967224
461728,1775274365.3861396,1.2404671907424927,0.10159875452518463,0.6925724148750305,0.2500932216644287,0.1737837791442871,0.5055338144302368,-0.8072720766067505
461729,1775274365.3972507,1.2382361888885498,0.10306669026613235,0.6825274229049683,0.2845403552055359,0.20260727405548096,0.4894981384277344,-0.7989861369132996
461730,1775274365.4083617,1.2360297441482544,0.10419515520334244,0.6725067496299744,0.3189764618873596,0.23196099698543549,0.4720350205898285,-0.7884358167648315
461731,1775274365.419473,1.2337896823883057,0.10545915365219116,0.6620792746543884,0.35172420740127563,0.25988736748695374,0.45457303524017334,-0.7759588360786438
461732,1775274365.430584,1.231415033340454,0.10703495889902115,0.6515229940414429,0.3843945562839508,0.2875615954399109,0.43392616510391235,-0.7624022960662842
461733,1775274365.441695,1.2290674448013306,0.10834049433469772,0.6408509612083435,0.4142043888568878,0.3147469162940979,0.4144133925437927,-0.7467467784881592
461734,1775274365.4528062,1.2264832258224487,0.10910152643918991,0.6301133036613464,0.44501689076423645,0.3405522406101227,0.39232444763183594,-0.7294283509254456
461735,1775274365.4639173,1.2242029905319214,0.10963739454746246,0.6189091801643372,0.472880482673645,0.3667623996734619,0.36937546730041504,-0.7109369039535522
461736,1775274365.4750285,1.2216441631317139,0.11079492419958115,0.6078266501426697,0.5014157295227051,0.3927578032016754,0.3442935645580292,-0.6897720694541931
461737,1775274365.4861395,1.21909761428833,0.1118922233581543,0.5966188907623291,0.5278511643409729,0.4178564250469208,0.31897059082984924,-0.6671033501625061
461738,1775274365.4972506,1.2162050008773804,0.11286181211471558,0.5852203965187073,0.5543675422668457,0.4408285617828369,0.294139564037323,-0.6417388319969177
461739,1775274365.5083618,1.2134073972702026,0.11325791478157043,0.5738157033920288,0.5788642764091492,0.46356773376464844,0.26610037684440613,-0.6158016324043274
461740,1775274365.5194728,1.2106844186782837,0.11414110660552979,0.5620463490486145,0.6022539734840393,0.4858696758747101,0.23690994083881378,-0.5874474048614502
461741,1775274365.5305839,1.2074825763702393,0.11500945687294006,0.5501123070716858,0.6231019496917725,0.5067551136016846,0.20975689589977264,-0.5576246976852417
461742,1775274365.541695,1.204677700996399,0.11562956124544144,0.5381392240524292,0.6426043510437012,0.5247913599014282,0.18108582496643066,-0.5280735492706299
461743,1775274365.5528061,1.201688289642334,0.11572430282831192,0.5259386897087097,0.6607882380485535,0.5432342290878296,0.1503271460533142,-0.4956382215023041
461744,1775274365.5639174,1.1985832452774048,0.1162567287683487,0.5138090252876282,0.6776658892631531,0.559964120388031,0.11880394071340561,-0.4616219103336334
461745,1775274365.5750284,1.1953108310699463,0.1159810721874237,0.5016463994979858,0.6927694082260132,0.5745106339454651,0.08769632130861282,-0.426986426115036
461746,1775274365.5861394,1.192430019378662,0.11506844311952591,0.4894596040248871,0.7053104043006897,0.5900130867958069,0.053797975182533264,-0.3892655670642853
461747,1775274365.5972507,1.1892271041870117,0.11534303426742554,0.4768342077732086,0.7154794931411743,0.6025569438934326,0.023418299853801727,-0.35279712080955505
461748,1775274365.6083617,1.1857789754867554,0.11528512835502625,0.46434858441352844,0.7248044610023499,0.6124534010887146,-0.008245689794421196,-0.3154224455356598
461749,1775274365.619473,1.1827651262283325,0.11438209563493729,0.4519907236099243,0.7310612797737122,0.6228975653648376,-0.042766861617565155,-0.27517083287239075
461750,1775274365.630584,1.1793843507766724,0.11412708461284637,0.43967241048812866,0.7361496686935425,0.6302486658096313,-0.07493841648101807,-0.23506277799606323
461751,1775274365.641695,1.1760483980178833,0.11403419077396393,0.42746591567993164,0.738631546497345,0.6365208625793457,-0.10867186635732651,-0.19353337585926056
461752,1775274365.6528063,1.1727429628372192,0.1125163584947586,0.4154180586338043,0.7391806244850159,0.6406203508377075,-0.1420670449733734,-0.1517713963985443
461753,1775274365.6639173,1.1694164276123047,0.11114001274108887,0.4034322500228882,0.7363440990447998,0.6440744996070862,-0.17544549703598022,-0.11038243770599365
461754,1775274365.6750283,1.1661450862884521,0.11096251755952835,0.39135000109672546,0.7337865233421326,0.6435894966125488,-0.20651517808437347,-0.06856738030910492
461755,1775274365.6861396,1.1628130674362183,0.11026255786418915,0.37948817014694214,0.7276532053947449,0.6428950428962708,-0.23763829469680786,-0.027109473943710327
461756,1775274365.6972506,1.1590650081634521,0.10883742570877075,0.36766523122787476,0.7208566069602966,0.6389005184173584,-0.2682942748069763,0.013786356896162033
461757,1775274365.7083619,1.1557791233062744,0.10780362039804459,0.3563026189804077,0.7103596925735474,0.6345847845077515,-0.29945069551467896,0.05495983362197876
461758,1775274365.719473,1.152444839477539,0.10699488967657089,0.3450862169265747,0.6980704665184021,0.6287559866905212,-0.3289627134799957,0.09564037621021271
461759,1775274365.730584,1.1499135494232178,0.10596662759780884,0.33363911509513855,0.6834139823913574,0.6237674951553345,-0.3537878096103668,0.13672500848770142
461760,1775274365.7416952,1.146530270576477,0.10414816439151764,0.32238540053367615,0.6668726205825806,0.6156580448150635,-0.38095736503601074,0.1764020472764969
461761,1775274365.7528062,1.1432591676712036,0.10299281030893326,0.31181031465530396,0.6490980386734009,0.6052283644676208,-0.40751832723617554,0.21517246961593628
461762,1775274365.7639172,1.1403992176055908,0.10236063599586487,0.3010721504688263,0.6297529935836792,0.5944165587425232,-0.4314185678958893,0.2528996169567108
461763,1775274365.7750285,1.1371302604675293,0.10092200338840485,0.2906706929206848,0.6095374822616577,0.580033004283905,-0.45585525035858154,0.2902098596096039
461764,1775274365.7861395,1.1343308687210083,0.09921331703662872,0.2806341350078583,0.5877501368522644,0.5658327341079712,-0.47791969776153564,0.32553941011428833
461765,1775274365.7972507,1.131550908088684,0.09821769595146179,0.2706338167190552,0.563563346862793,0.5504131317138672,-0.4986649453639984,0.36162832379341125
461766,1775274365.8083618,1.1283191442489624,0.0970688983798027,0.2604706287384033,0.538958728313446,0.5335215330123901,-0.5189177393913269,0.39446496963500977
461767,1775274365.8194728,1.1252621412277222,0.09544053673744202,0.2506875693798065,0.5125762820243835,0.5156701803207397,-0.5378900170326233,0.42664313316345215
461768,1775274365.830584,1.1225879192352295,0.09490150213241577,0.24093398451805115,0.4861796498298645,0.49750059843063354,-0.5535062551498413,0.45798853039741516
461769,1775274365.841695,1.1199828386306763,0.09395593404769897,0.23171961307525635,0.45694464445114136,0.47743335366249084,-0.5695392489433289,0.48875775933265686
461770,1775274365.852806,1.1172164678573608,0.09267115592956543,0.22215843200683594,0.42849865555763245,0.45733243227005005,-0.5834584832191467,0.5165387988090515
461771,1775274365.8639174,1.1145126819610596,0.09219755232334137,0.2135661393404007,0.39797770977020264,0.43897128105163574,-0.5963823795318604,0.5415220260620117
461772,1775274365.8750284,1.1128098964691162,0.09136814624071121,0.2093484103679657,0.35545578598976135,0.43267306685447693,-0.6140671372413635,0.5562075972557068
461773,1775274365.8861396,1.1130154132843018,0.09032642096281052,0.20725342631340027,0.3090874254703522,0.42715373635292053,-0.6288250684738159,0.5714751482009888
461774,1775274365.8972507,1.112343430519104,0.089874267578125,0.20451615750789642,0.2676302194595337,0.4244322180747986,-0.6431939005851746,0.5783882737159729
461775,1775274365.9083617,1.1113187074661255,0.08955260366201401,0.20110030472278595,0.2309020608663559,0.4239654839038849,-0.6556682586669922,0.5805486440658569
461776,1775274365.919473,1.109856128692627,0.08860970288515091,0.19756503403186798,0.1955537050962448,0.42275404930114746,-0.667762815952301,0.5806295275688171
461777,1775274365.930584,1.1095144748687744,0.08804593235254288,0.19353099167346954,0.16916751861572266,0.42191219329833984,-0.6773470044136047,0.5784233808517456
461778,1775274365.941695,1.111676573753357,0.08823834359645844,0.1909133493900299,0.15333449840545654,0.41861703991889954,-0.6860798001289368,0.5749285221099854
461779,1775274365.9528062,1.115211009979248,0.08840210735797882,0.18939127027988434,0.13832424581050873,0.41828808188438416,-0.6956818103790283,0.5673874020576477
461780,1775274365.9639173,1.1192948818206787,0.08788136392831802,0.18802385032176971,0.1275816410779953,0.41715699434280396,-0.7047666907310486,0.5594701766967773
461781,1775274365.9750285,1.1235665082931519,0.08611828088760376,0.18691158294677734,0.11569230258464813,0.4166572690010071,-0.7135381698608398,0.5512488484382629
461782,1775274365.9861395,1.127102255821228,0.08361378312110901,0.18557430803775787,0.10573087632656097,0.4159467816352844,-0.7235073447227478,0.5406907796859741
461783,1775274365.9972506,1.1295380592346191,0.08367408812046051,0.18387696146965027,0.10073170810937881,0.41537782549858093,-0.7359198927879333,0.5251060724258423
461784,1775274366.0083618,1.1318373680114746,0.08380748331546783,0.18262602388858795,0.09528487175703049,0.41448819637298584,-0.7485291957855225,0.5087478160858154
461785,1775274366.0194728,1.1340198516845703,0.08294515311717987,0.18166755139827728,0.08968252688646317,0.4134785234928131,-0.7614110708236694,0.4911678433418274
461786,1775274366.0305839,1.136681318283081,0.08115115761756897,0.1798531711101532,0.08432498574256897,0.4134257733821869,-0.7713832259178162,0.4763783812522888
461787,1775274366.041695,1.13937509059906,0.08066654205322266,0.17833435535430908,0.07919161021709442,0.41323283314704895,-0.7813230156898499,0.46097901463508606
461788,1775274366.0528061,1.141759991645813,0.08080010861158371,0.1772782951593399,0.0735541433095932,0.41121846437454224,-0.7918094396591187,0.44556376338005066
461789,1775274366.0639174,1.1441706418991089,0.0803029015660286,0.17579814791679382,0.07056344300508499,0.41148534417152405,-0.8010956048965454,0.4288898706436157
461790,1775274366.0750284,1.1464977264404297,0.07893012464046478,0.1748601347208023,0.0654311254620552,0.41012799739837646,-0.8108071088790894,0.41243866086006165
461791,1775274366.0861394,1.1489341259002686,0.07877419888973236,0.17379724979400635,0.061422403901815414,0.4090118706226349,-0.819770097732544,0.3961232304573059
461792,1775274366.0972507,1.1512280702590942,0.07848230004310608,0.17291675508022308,0.05733422935009003,0.4071188271045685,-0.8287717700004578,0.37961098551750183
461793,1775274366.1083617,1.1532886028289795,0.07764605432748795,0.17177176475524902,0.05494043976068497,0.40553930401802063,-0.8376280665397644,0.3617991805076599
461794,1775274366.119473,1.155666708946228,0.07729363441467285,0.17083740234375,0.05167113244533539,0.40424466133117676,-0.8456240296363831,0.34472671151161194
461795,1775274366.130584,1.1580686569213867,0.0772237554192543,0.17022383213043213,0.0480106920003891,0.4021107256412506,-0.8533572554588318,0.3283037543296814
461796,1775274366.141695,1.1604280471801758,0.076774001121521,0.16932758688926697,0.04531742259860039,0.40109533071517944,-0.8604004383087158,0.3110949993133545
461797,1775274366.1528063,1.1630454063415527,0.07648051530122757,0.16841420531272888,0.042850758880376816,0.3989258408546448,-0.8673769235610962,0.2944132387638092
461798,1775274366.1639173,1.1651020050048828,0.0764569640159607,0.16783225536346436,0.040575865656137466,0.39700743556022644,-0.8741710186004639,0.2767016589641571
461799,1775274366.1750283,1.1674593687057495,0.07633239030838013,0.16716982424259186,0.03851227089762688,0.3950679302215576,-0.8807373642921448,0.2583405673503876
461800,1775274366.1861396,1.169960379600525,0.07598333060741425,0.16677135229110718,0.03577675670385361,0.39237290620803833,-0.8869524598121643,0.24099576473236084
461801,1775274366.1972506,1.1722277402877808,0.07628490775823593,0.16584375500679016,0.0353829488158226,0.39077648520469666,-0.8924291729927063,0.22273732721805573
461802,1775274366.2083619,1.1746118068695068,0.07621169090270996,0.1654704511165619,0.03312281146645546,0.38748031854629517,-0.898205041885376,0.20491360127925873
461803,1775274366.219473,1.177111268043518,0.07613294571638107,0.16478127241134644,0.031702011823654175,0.385763019323349,-0.9028738141059875,0.18708489835262299
461804,1775274366.230584,1.1795562505722046,0.07608245313167572,0.16420674324035645,0.031094184145331383,0.3832685649394989,-0.9074838757514954,0.1691490262746811
461805,1775274366.2416952,1.1821589469909668,0.07610750198364258,0.16365598142147064,0.030459076166152954,0.3797960877418518,-0.9120557904243469,0.15159660577774048
461806,1775274366.2528062,1.184475302696228,0.07626432180404663,0.16327379643917084,0.029400525614619255,0.37660929560661316,-0.9163984656333923,0.13234379887580872
461807,1775274366.2639172,1.1870613098144531,0.07636454701423645,0.16287805140018463,0.028947582468390465,0.3729848265647888,-0.920320987701416,0.11425312608480453
461808,1775274366.2750285,1.1898311376571655,0.07685566693544388,0.1622854620218277,0.02859361842274666,0.3705636262893677,-0.9232905507087708,0.09695146232843399
461809,1775274366.2861395,1.1921650171279907,0.07711492478847504,0.16176579892635345,0.029109947383403778,0.3663754165172577,-0.926748514175415,0.07784009724855423
461810,1775274366.2972507,1.1949912309646606,0.07738909125328064,0.16115698218345642,0.029054095968604088,0.36415308713912964,-0.9289308190345764,0.06029866263270378
461811,1775274366.3083618,1.197554588317871,0.07787517458200455,0.1607075035572052,0.02951570227742195,0.36044299602508545,-0.9313843250274658,0.04162963107228279
461812,1775274366.3194728,1.2002986669540405,0.07825569808483124,0.160623699426651,0.029921893030405045,0.35546401143074036,-0.9339178800582886,0.023398930206894875
461813,1775274366.330584,1.2031508684158325,0.07854078710079193,0.16023358702659607,0.03056693822145462,0.3518570363521576,-0.9355365633964539,0.005796106066554785
461814,1775274366.341695,1.2060320377349854,0.0793461948633194,0.15977416932582855,0.031577546149492264,0.3486441373825073,-0.9366211891174316,-0.013816015794873238
461815,1775274366.352806,1.2090226411819458,0.07996559888124466,0.15941843390464783,0.03323729336261749,0.344657838344574,-0.9376165866851807,-0.03132753446698189
461816,1775274366.3639174,1.2120072841644287,0.08069603145122528,0.15919139981269836,0.033778220415115356,0.3411705791950226,-0.9380815625190735,-0.049646805971860886
461817,1775274366.3750284,1.2150830030441284,0.08131857216358185,0.1588892638683319,0.03571877256035805,0.3368035554885864,-0.9384956359863281,-0.0671832486987114
461818,1775274366.3861396,1.2183129787445068,0.0816362127661705,0.15894363820552826,0.03586786985397339,0.33214640617370605,-0.9387603998184204,-0.08438783884048462
461819,1775274366.3972507,1.2213584184646606,0.08267730474472046,0.15843571722507477,0.03833090886473656,0.32912778854370117,-0.9378206133842468,-0.10343199968338013
461820,1775274366.4083617,1.2243669033050537,0.08338865637779236,0.15845273435115814,0.04019035026431084,0.32459837198257446,-0.9371116757392883,-0.12182947248220444
461821,1775274366.419473,1.2278683185577393,0.0841936320066452,0.15801739692687988,0.04180608317255974,0.3222702741622925,-0.9353439807891846,-0.13973526656627655
461822,1775274366.430584,1.2309112548828125,0.08505063503980637,0.1580902338027954,0.04431267827749252,0.31681933999061584,-0.934147298336029,-0.15821108222007751
461823,1775274366.441695,1.2344450950622559,0.08584539592266083,0.15757670998573303,0.046925559639930725,0.3135508596897125,-0.9320006966590881,-0.17566582560539246
461824,1775274366.4528062,1.2377498149871826,0.08655595779418945,0.15757551789283752,0.048111412674188614,0.3104037642478943,-0.929288923740387,-0.19431160390377045
461825,1775274366.4639173,1.2411673069000244,0.08758974075317383,0.15711091458797455,0.052228718996047974,0.3062833547592163,-0.9263094663619995,-0.2131042778491974
461826,1775274366.4750285,1.2445935010910034,0.08855517953634262,0.15683907270431519,0.05485818535089493,0.3021065890789032,-0.9230687618255615,-0.23166003823280334
461827,1775274366.4861395,1.24823796749115,0.08940258622169495,0.1566259264945984,0.057567574083805084,0.2982249855995178,-0.9195664525032043,-0.24928972125053406
461828,1775274366.4972506,1.2519128322601318,0.09050685167312622,0.15610650181770325,0.06097857654094696,0.2949764132499695,-0.9150930047035217,-0.26809582114219666
461829,1775274366.5083618,1.2556109428405762,0.09127295017242432,0.15574346482753754,0.06440423429012299,0.2903169095516205,-0.9105674624443054,-0.2871153652667999
461830,1775274366.5194728,1.2593823671340942,0.09224215149879456,0.1557207554578781,0.06841065734624863,0.28529831767082214,-0.9058578014373779,-0.30552661418914795
461831,1775274366.5305839,1.2632231712341309,0.09330467879772186,0.15553446114063263,0.07177235931158066,0.2798786461353302,-0.9010378122329712,-0.3234926462173462
461832,1775274366.541695,1.2670763731002808,0.09435469657182693,0.15511494874954224,0.07654290646314621,0.2749411165714264,-0.8951587080955505,-0.3424026370048523
461833,1775274366.5528061,1.2711446285247803,0.0956328883767128,0.15461553633213043,0.08081837743520737,0.27090510725975037,-0.8883504867553711,-0.36181795597076416
461834,1775274366.5639174,1.2752623558044434,0.0966859757900238,0.15439456701278687,0.0847533643245697,0.26509061455726624,-0.8825415968894958,-0.379030704498291
461835,1775274366.5750284,1.279467225074768,0.09779360890388489,0.15410669147968292,0.08902209252119064,0.259954035282135,-0.8756970167160034,-0.39705657958984375
461836,1775274366.5861394,1.2834683656692505,0.09915249049663544,0.1535266488790512,0.0936904028058052,0.25525963306427,-0.8674638867378235,-0.4166187047958374
461837,1775274366.5972507,1.2879788875579834,0.10021516680717468,0.1531355232000351,0.09802365303039551,0.24952952563762665,-0.8599135875701904,-0.43436750769615173
461838,1775274366.6083617,1.2925740480422974,0.10125678777694702,0.15246954560279846,0.1029217541217804,0.2437484711408615,-0.8518660068511963,-0.45201560854911804
461839,1775274366.619473,1.2968647480010986,0.10249194502830505,0.1518811285495758,0.10761219263076782,0.2385120987892151,-0.8429827094078064,-0.47001248598098755
461840,1775274366.630584,1.3015764951705933,0.10360673069953918,0.15128740668296814,0.11266700178384781,0.23255373537540436,-0.8336794972419739,-0.4880608916282654
461841,1775274366.641695,1.3063609600067139,0.10479925572872162,0.15086713433265686,0.11776228994131088,0.22646458446979523,-0.8241990208625793,-0.505511462688446
461842,1775274366.6528063,1.3112062215805054,0.10600057244300842,0.15009944140911102,0.1226467713713646,0.22103409469127655,-0.8139188885688782,-0.5231040716171265
461843,1775274366.6639173,1.3160680532455444,0.10708052664995193,0.14969438314437866,0.1274452954530716,0.21451234817504883,-0.8032042384147644,-0.5409299731254578
461844,1775274366.6750283,1.3207606077194214,0.10839620977640152,0.1490907073020935,0.13232621550559998,0.2080942988395691,-0.7918760180473328,-0.5586761236190796
461845,1775274366.6861396,1.3258298635482788,0.10952867567539215,0.148175448179245,0.13879425823688507,0.2029324471950531,-0.7795644998550415,-0.5760502815246582
461846,1775274366.6972506,1.3311264514923096,0.11059445142745972,0.14766861498355865,0.14336127042770386,0.1963871568441391,-0.7681969404220581,-0.5922441482543945
461847,1775274366.7083619,1.3365228176116943,0.11179234087467194,0.14717663824558258,0.14886564016342163,0.1888529509305954,-0.7557475566864014,-0.6091134548187256
461848,1775274366.719473,1.3417198657989502,0.11321905255317688,0.14640067517757416,0.15447808802127838,0.18263286352157593,-0.7419767379760742,-0.6263005137443542
461849,1775274366.730584,1.3469748497009277,0.1144804060459137,0.14580032229423523,0.1590774953365326,0.17650549113750458,-0.7282246351242065,-0.6428290009498596
461850,1775274366.7416952,1.3525246381759644,0.11560233682394028,0.14501415193080902,0.1656304895877838,0.16884344816207886,-0.7146132588386536,-0.6583208441734314
461851,1775274366.7528062,1.3580342531204224,0.11683673411607742,0.14427118003368378,0.17018941044807434,0.16250018775463104,-0.7005974054336548,-0.6736413240432739
461852,1775274366.7639172,1.3634401559829712,0.11827986687421799,0.1434972733259201,0.1755923330783844,0.155885711312294,-0.6859250068664551,-0.6887481212615967
461853,1775274366.7750285,1.369030475616455,0.11962347477674484,0.14308008551597595,0.18014824390411377,0.14993496239185333,-0.6712637543678284,-0.7031863927841187
461854,1775274366.7861395,1.3745204210281372,0.12106508761644363,0.14219969511032104,0.18495360016822815,0.14297547936439514,-0.656498372554779,-0.7171890735626221
461855,1775274366.7972507,1.379995346069336,0.12225832045078278,0.14140012860298157,0.19017159938812256,0.1366228312253952,-0.6412850618362427,-0.7306999564170837
461856,1775274366.8083618,1.3854806423187256,0.1234498918056488,0.14067411422729492,0.19383159279823303,0.13050372898578644,-0.6262342929840088,-0.7437935471534729
461857,1775274366.8194728,1.3909488916397095,0.12434132397174835,0.14006328582763672,0.19826379418373108,0.12361140549182892,-0.6114104986190796,-0.7560350298881531
461858,1775274366.830584,1.3964370489120483,0.12532226741313934,0.13940466940402985,0.2019340991973877,0.11737561970949173,-0.5951378345489502,-0.7689321637153625
461859,1775274366.841695,1.4021309614181519,0.12601497769355774,0.13849197328090668,0.2062024474143982,0.11141189932823181,-0.5794233679771423,-0.7806001305580139
461860,1775274366.852806,1.4077785015106201,0.1267414540052414,0.13763777911663055,0.21026137471199036,0.10486644506454468,-0.5630602240562439,-0.7923107743263245
461861,1775274366.8639174,1.4134351015090942,0.1271989941596985,0.13695628941059113,0.21511949598789215,0.09803543984889984,-0.5470120310783386,-0.8030508160591125
461862,1775274366.8750284,1.4188392162322998,0.12810683250427246,0.13618314266204834,0.21899445354938507,0.09088870882987976,-0.5295982956886292,-0.8144361972808838
461863,1775274366.8861396,1.4245281219482422,0.12875822186470032,0.13539056479930878,0.22265852987766266,0.08393663913011551,-0.5132220387458801,-0.8246095776557922
461864,1775274366.8972507,1.4302308559417725,0.12923100590705872,0.1343766152858734,0.2266816347837448,0.07765645533800125,-0.4968436658382416,-0.8341050148010254
461865,1775274366.9083617,1.4358289241790771,0.12965944409370422,0.13368749618530273,0.2310941368341446,0.06979112327098846,-0.47974473237991333,-0.8435459733009338
461866,1775274366.919473,1.4415719509124756,0.12995080649852753,0.13257965445518494,0.23525279760360718,0.06230517476797104,-0.46139347553253174,-0.8531649708747864
461867,1775274366.930584,1.4473661184310913,0.13023020327091217,0.13144248723983765,0.23891966044902802,0.056730397045612335,-0.44414928555488586,-0.8616440892219543
461868,1775274366.941695,1.452937364578247,0.13035576045513153,0.13061021268367767,0.24298804998397827,0.04909808188676834,-0.42591214179992676,-0.8701408505439758
461869,1775274366.9528062,1.458776831626892,0.13037364184856415,0.1295374035835266,0.24705928564071655,0.042494408786296844,-0.4085654318332672,-0.8776276111602783
461870,1775274366.9639173,1.4646759033203125,0.13079264760017395,0.12857668101787567,0.24998566508293152,0.035493042320013046,-0.39059627056121826,-0.885258138179779
461871,1775274366.9750285,1.4704242944717407,0.13075099885463715,0.12776786088943481,0.2538347542285919,0.02844914048910141,-0.37265557050704956,-0.8921246528625488
461872,1775274366.9861395,1.4762959480285645,0.13103599846363068,0.12671557068824768,0.25753530859947205,0.022557007148861885,-0.3540257215499878,-0.8987951278686523
461873,1775274366.9972506,1.4819939136505127,0.13117140531539917,0.12606273591518402,0.26078084111213684,0.015301580540835857,-0.33550670742988586,-0.9050936698913574
461874,1775274367.0083618,1.487574577331543,0.1310967355966568,0.1253763884305954,0.2641631066799164,0.008019470609724522,-0.315930038690567,-0.9112309217453003
461875,1775274367.0194728,1.4931321144104004,0.13114364445209503,0.12447428703308105,0.26711273193359375,0.0024237094912678003,-0.2973141372203827,-0.91665118932724
461876,1775274367.0305839,1.4987534284591675,0.13115113973617554,0.12382298707962036,0.2699134647846222,-0.004131035879254341,-0.2783219516277313,-0.9217736124992371
461877,1775274367.041695,1.504347562789917,0.13119997084140778,0.12314142286777496,0.2724137008190155,-0.0106975007802248,-0.2605648338794708,-0.9261654019355774
461878,1775274367.0528061,1.5098772048950195,0.13116420805454254,0.122337706387043,0.27330663800239563,-0.016518935561180115,-0.24120555818080902,-0.9310481548309326
461879,1775274367.0639174,1.5153642892837524,0.13112716376781464,0.12182455509901047,0.2763063907623291,-0.022911839187145233,-0.22294452786445618,-0.9345724582672119
461880,1775274367.0750284,1.520737648010254,0.1310310810804367,0.12133800983428955,0.27627837657928467,-0.029655225574970245,-0.20456528663635254,-0.9385861754417419
461881,1775274367.0861394,1.5260409116744995,0.13090360164642334,0.12083468586206436,0.2782226502895355,-0.03553999215364456,-0.1860189139842987,-0.9416613578796387
461882,1775274367.0972507,1.531095266342163,0.13085965812206268,0.12028171122074127,0.2792091965675354,-0.04169526696205139,-0.16830876469612122,-0.9444448351860046
461883,1775274367.1083617,1.5364668369293213,0.13076943159103394,0.11976970732212067,0.27830782532691956,-0.04609112814068794,-0.15233099460601807,-0.9472147226333618
461884,1775274367.119473,1.541264533996582,0.13044723868370056,0.11942041665315628,0.27977699041366577,-0.05258924886584282,-0.1333080232143402,-0.9493093490600586
461885,1775274367.130584,1.5465275049209595,0.13026699423789978,0.118758924305439,0.2793805003166199,-0.05639762431383133,-0.11862156540155411,-0.9511544704437256
461886,1775274367.141695,1.5510929822921753,0.1299068033695221,0.11831897497177124,0.2801075279712677,-0.0625157356262207,-0.09985631704330444,-0.9527121782302856
461887,1775274367.1528063,1.555943250656128,0.12949827313423157,0.11781395971775055,0.28015410900115967,-0.06716018170118332,-0.08348283916711807,-0.9539570212364197
461888,1775274367.1639173,1.5607681274414062,0.12906888127326965,0.11741179972887039,0.2797490656375885,-0.07208544760942459,-0.06749234348535538,-0.9549811482429504
461889,1775274367.1750283,1.5654762983322144,0.1284545361995697,0.11694642156362534,0.28027358651161194,-0.07748869061470032,-0.050885431468486786,-0.9554333686828613
461890,1775274367.1861396,1.5699907541275024,0.1278887689113617,0.116483673453331,0.28155070543289185,-0.08237946778535843,-0.03437621891498566,-0.9553853869438171
461891,1775274367.1972506,1.5744562149047852,0.12724563479423523,0.11602304875850677,0.28130295872688293,-0.08786556124687195,-0.017016805708408356,-0.9554364085197449
461892,1775274367.2083619,1.5789315700531006,0.12673838436603546,0.11573324352502823,0.2815053164958954,-0.09299198538064957,-0.0005335742025636137,-0.9550429582595825
461893,1775274367.219473,1.5832370519638062,0.1262485831975937,0.11529242992401123,0.2812294065952301,-0.09844373166561127,0.015141894109547138,-0.9544578194618225
461894,1775274367.230584,1.587713599205017,0.12582682073116302,0.115015909075737,0.28109854459762573,-0.10248931497335434,0.03051658347249031,-0.953702449798584
461895,1775274367.2416952,1.5916357040405273,0.12518420815467834,0.11461107432842255,0.2804761826992035,-0.10791075229644775,0.04657430201768875,-0.9526380896568298
461896,1775274367.2528062,1.5956759452819824,0.12484796345233917,0.11452915519475937,0.2793264091014862,-0.1124744713306427,0.060537535697221756,-0.951662540435791
461897,1775274367.2639172,1.5996681451797485,0.1242465004324913,0.11416396498680115,0.27862438559532166,-0.1174086481332779,0.07653187960386276,-0.9501193165779114
461898,1775274367.2750285,1.6037373542785645,0.12363022565841675,0.11379757523536682,0.27701428532600403,-0.12157944589853287,0.09073355793952942,-0.9488145112991333
461899,1775274367.2861395,1.6075893640518188,0.12303797155618668,0.11358809471130371,0.27628278732299805,-0.12567569315433502,0.10487408936023712,-0.9470348358154297
461900,1775274367.2972507,1.6114002466201782,0.12246327102184296,0.11346986889839172,0.27565741539001465,-0.1297907680273056,0.1191113218665123,-0.9449761509895325
461901,1775274367.3083618,1.6151082515716553,0.12181897461414337,0.11336836218833923,0.27421513199806213,-0.13418033719062805,0.13233453035354614,-0.9430214762687683
461902,1775274367.3194728,1.6187705993652344,0.12093579769134521,0.11308139562606812,0.2723194658756256,-0.1378866285085678,0.14661620557308197,-0.9409214854240417
461903,1775274367.330584,1.622491478919983,0.12033016979694366,0.11303065717220306,0.27226588129997253,-0.14198464155197144,0.1596945971250534,-0.9381948113441467
461904,1775274367.341695,1.6257823705673218,0.11965523660182953,0.11283160746097565,0.2693341374397278,-0.14642512798309326,0.17418962717056274,-0.9357760548591614
461905,1775274367.352806,1.6293596029281616,0.11898482590913773,0.11262574791908264,0.26663175225257874,-0.1505475491285324,0.1871885359287262,-0.9333827495574951
461906,1775274367.3639174,1.6331182718276978,0.11822496354579926,0.11280136555433273,0.26706597208976746,-0.15348945558071136,0.19843553006649017,-0.9304515719413757
461907,1775274367.3750284,1.6365666389465332,0.11750783771276474,0.11237794160842896,0.26384982466697693,-0.15689615905284882,0.21195851266384125,-0.9278148412704468
461908,1775274367.3861396,1.639764666557312,0.11675854027271271,0.1126880794763565,0.2626967132091522,-0.16118113696575165,0.22434265911579132,-0.9244899153709412
461909,1775274367.3972507,1.6433255672454834,0.1161830872297287,0.11256039142608643,0.2602580487728119,-0.16489417850971222,0.23670867085456848,-0.9214362502098083
461910,1775274367.4083617,1.6465821266174316,0.11547759175300598,0.11271661520004272,0.2588100731372833,-0.16777807474136353,0.248625710606575,-0.9181793332099915
461911,1775274367.419473,1.6496813297271729,0.11496658623218536,0.112480029463768,0.25600484013557434,-0.17157812416553497,0.2619319260120392,-0.9145568609237671
461912,1775274367.430584,1.652701497077942,0.11418377608060837,0.11260893940925598,0.25344666838645935,-0.17581956088542938,0.2742440700531006,-0.9108471870422363
461913,1775274367.441695,1.655892014503479,0.11339616030454636,0.11266156286001205,0.25070682168006897,-0.17853935062885284,0.28590866923332214,-0.9074833393096924
461914,1775274367.4528062,1.6589610576629639,0.11276920884847641,0.1129148080945015,0.24840998649597168,-0.18135426938533783,0.2981449365615845,-0.9036110043525696
461915,1775274367.4639173,1.6621878147125244,0.11213454604148865,0.11300982534885406,0.24626122415065765,-0.18492110073566437,0.30850666761398315,-0.8999906778335571
461916,1775274367.4750285,1.664975881576538,0.11158306896686554,0.11311294138431549,0.24330280721187592,-0.1880558729171753,0.3194601833820343,-0.8963168263435364
461917,1775274367.4861395,1.667834758758545,0.11072685569524765,0.11320453882217407,0.24065443873405457,-0.19156117737293243,0.3308400809764862,-0.8921516537666321
461918,1775274367.4972506,1.6706867218017578,0.11023776233196259,0.11331294476985931,0.23744775354862213,-0.19448061287403107,0.34134820103645325,-0.8884128928184509
461919,1775274367.5083618,1.6736373901367188,0.10967231541872025,0.11326027661561966,0.2336433082818985,-0.19814300537109375,0.3510103225708008,-0.8848400115966797
461920,1775274367.5194728,1.6761199235916138,0.10894156247377396,0.11350010335445404,0.23083612322807312,-0.20204195380210876,0.36314570903778076,-0.8797835111618042
461921,1775274367.5305839,1.6789098978042603,0.10824406892061234,0.11376745253801346,0.22790931165218353,-0.20464123785495758,0.37223848700523376,-0.8761380910873413
461922,1775274367.541695,1.6816482543945312,0.10753104090690613,0.11378070712089539,0.2244424670934677,-0.20775209367275238,0.3823251724243164,-0.8719473481178284
461923,1775274367.5528061,1.6842703819274902,0.10703643411397934,0.11401678621768951,0.22141705453395844,-0.21085931360721588,0.3919384479522705,-0.8676964640617371
461924,1775274367.5639174,1.6867046356201172,0.10628282278776169,0.11423009634017944,0.2186877578496933,-0.21327859163284302,0.4018963575363159,-0.8632306456565857
461925,1775274367.5750284,1.6894848346710205,0.10575509071350098,0.11435139179229736,0.21533483266830444,-0.21653901040554047,0.41024911403656006,-0.8593239784240723
461926,1775274367.5861394,1.6920111179351807,0.10504911839962006,0.11460746824741364,0.21222098171710968,-0.21973028779029846,0.4198419153690338,-0.854642391204834
461927,1775274367.5972507,1.694394826889038,0.10427220910787582,0.11488416790962219,0.2084655612707138,-0.2222137302160263,0.43031349778175354,-0.849702000617981
461928,1775274367.6083617,1.696987509727478,0.1035270169377327,0.11508430540561676,0.2052520364522934,-0.2248915433883667,0.43946102261543274,-0.8450854420661926
461929,1775274367.619473,1.69931960105896,0.1028672531247139,0.11545675992965698,0.20176395773887634,-0.22771111130714417,0.44857412576675415,-0.8403691649436951
461930,1775274367.630584,1.7015061378479004,0.1022021695971489,0.11575019359588623,0.19794298708438873,-0.23069512844085693,0.45815032720565796,-0.8352823853492737
461931,1775274367.641695,1.7039390802383423,0.10166776925325394,0.11605892330408096,0.1948918253183365,-0.23315316438674927,0.4669288992881775,-0.8304423093795776
461932,1775274367.6528063,1.7062392234802246,0.10108749568462372,0.11610958725214005,0.1903638243675232,-0.23620715737342834,0.47519823908805847,-0.8259264826774597
461933,1775274367.6639173,1.70864999294281,0.1003865972161293,0.1165996789932251,0.18739020824432373,-0.2383260577917099,0.48368433117866516,-0.8210573792457581
461934,1775274367.6750283,1.710823655128479,0.09995980560779572,0.11691609025001526,0.18361131846904755,-0.24149353802204132,0.4916774332523346,-0.8162237405776978
461935,1775274367.6861396,1.713119387626648,0.09950662404298782,0.11704720556735992,0.17910926043987274,-0.24470579624176025,0.49964743852615356,-0.8114133477210999
461936,1775274367.6972506,1.7151367664337158,0.09874479472637177,0.1176297515630722,0.17635150253772736,-0.24737536907196045,0.5079938769340515,-0.8060073256492615
461937,1775274367.7083619,1.7177002429962158,0.09817344695329666,0.11791255325078964,0.1724121868610382,-0.24948200583457947,0.5159938335418701,-0.8011136651039124
461938,1775274367.719473,1.7197191715240479,0.09756755083799362,0.11838491261005402,0.16901101171970367,-0.2521010637283325,0.5236541628837585,-0.7960318326950073
461939,1775274367.730584,1.7218210697174072,0.09703083336353302,0.11854155361652374,0.16417236626148224,-0.25530320405960083,0.5314053297042847,-0.7908704280853271
461940,1775274367.7416952,1.724001169204712,0.0964977815747261,0.1190485805273056,0.1600678414106369,-0.25798550248146057,0.5392806529998779,-0.7854923605918884
461941,1775274367.7528062,1.7259477376937866,0.09594567120075226,0.11915895342826843,0.1559724658727646,-0.2613600790500641,0.5465053915977478,-0.7801893353462219
461942,1775274367.7639172,1.7283525466918945,0.095550037920475,0.11972825229167938,0.15185436606407166,-0.263030469417572,0.5535263419151306,-0.7754765748977661
461943,1775274367.7750285,1.730238914489746,0.09488280117511749,0.1199038028717041,0.1476692110300064,-0.2656842768192291,0.5612760186195374,-0.7697888612747192
461944,1775274367.7861395,1.7321114540100098,0.09434916079044342,0.12028370052576065,0.14300909638404846,-0.2692742645740509,0.5687121152877808,-0.7639412879943848
461945,1775274367.7972507,1.734074592590332,0.09398625791072845,0.12085218727588654,0.13909485936164856,-0.27207544445991516,0.5760131478309631,-0.7581796646118164
461946,1775274367.8083618,1.7360939979553223,0.09343834221363068,0.12133762240409851,0.1356547325849533,-0.2743629217147827,0.582724928855896,-0.7528310418128967
461947,1775274367.8194728,1.73814857006073,0.09315094351768494,0.12164784967899323,0.1306195855140686,-0.2772649824619293,0.5892181992530823,-0.7475858330726624
461948,1775274367.830584,1.740004539489746,0.09265351295471191,0.12206049263477325,0.12615527212619781,-0.27956923842430115,0.5961427092552185,-0.7419836521148682
461949,1775274367.841695,1.7417798042297363,0.09215103834867477,0.12251199781894684,0.12131301313638687,-0.28281277418136597,0.6028769612312317,-0.7360974550247192
461950,1775274367.852806,1.743708610534668,0.0917092114686966,0.12287197262048721,0.11713997274637222,-0.28457456827163696,0.6090904474258423,-0.730961263179779
461951,1775274367.8639174,1.7456088066101074,0.09124702215194702,0.1233890950679779,0.11332909762859344,-0.28769877552986145,0.6153499484062195,-0.7250726819038391
461952,1775274367.8750284,1.7474552392959595,0.0907684713602066,0.12392501533031464,0.10888482630252838,-0.2893466353416443,0.6217738389968872,-0.7195970416069031
461953,1775274367.8861396,1.7496951818466187,0.09030692279338837,0.12443672865629196,0.1049029752612114,-0.2907012104988098,0.6271478533744812,-0.7149641513824463
461954,1775274367.8972507,1.7513670921325684,0.09003797918558121,0.12477511167526245,0.10021784901618958,-0.29315823316574097,0.6332228183746338,-0.7092556357383728
461955,1775274367.9083617,1.752868413925171,0.08954635262489319,0.12518605589866638,0.09555071592330933,-0.2960369288921356,0.6397904753684998,-0.7027804255485535
461956,1775274367.919473,1.7547292709350586,0.08925817161798477,0.125533789396286,0.09126482158899307,-0.2982175648212433,0.645951509475708,-0.6967666745185852
461957,1775274367.930584,1.7566200494766235,0.08889152854681015,0.1259012371301651,0.08751946687698364,-0.2994386553764343,0.6511203646659851,-0.6918953061103821
461958,1775274367.941695,1.7585701942443848,0.08845484256744385,0.12633810937404633,0.08375558257102966,-0.30023086071014404,0.6567644476890564,-0.6866635680198669
461959,1775274367.9528062,1.7601735591888428,0.08804880082607269,0.12682989239692688,0.08021851629018784,-0.3023054599761963,0.6629258990287781,-0.6802247166633606
461960,1775274367.9639173,1.7616865634918213,0.08764637261629105,0.12687796354293823,0.07494491338729858,-0.3049972653388977,0.6693095564842224,-0.6733385324478149
461961,1775274367.9750285,1.7632830142974854,0.08743664622306824,0.12706288695335388,0.0696573555469513,-0.3072360157966614,0.6750460863113403,-0.6671332716941833
461962,1775274367.9861395,1.7647303342819214,0.08693921566009521,0.12726648151874542,0.06561078876256943,-0.3090967833995819,0.6805294156074524,-0.6610855460166931
461963,1775274367.9972506,1.766688585281372,0.08647045493125916,0.1279209852218628,0.06305992603302002,-0.30903002619743347,0.6854052543640137,-0.6563106179237366
461964,1775274368.0083618,1.7685569524765015,0.08618196845054626,0.12818610668182373,0.06019604206085205,-0.31031471490859985,0.6905706524848938,-0.650533139705658
461965,1775274368.0194728,1.770006775856018,0.08584675192832947,0.1282874196767807,0.05500062555074692,-0.3119834065437317,0.6962398886680603,-0.6441205739974976
461966,1775274368.0305839,1.77158784866333,0.08578641712665558,0.12829850614070892,0.049781933426856995,-0.31366750597953796,0.7011779546737671,-0.6383447647094727
461967,1775274368.041695,1.7732491493225098,0.08549292385578156,0.12856709957122803,0.04644985869526863,-0.31535080075263977,0.7060517072677612,-0.6323664784431458
461968,1775274368.0528061,1.7750626802444458,0.0849338248372078,0.12928885221481323,0.044999103993177414,-0.3142094612121582,0.7113175392150879,-0.6271164417266846
461969,1775274368.0639174,1.7766929864883423,0.08471505343914032,0.129524365067482,0.04179929569363594,-0.316108375787735,0.7160419225692749,-0.6209769248962402
461970,1775274368.0750284,1.7782901525497437,0.0844053253531456,0.1297273188829422,0.03763916343450546,-0.31768959760665894,0.7201135754585266,-0.6157053112983704
461971,1775274368.0861394,1.7797966003417969,0.08416557312011719,0.1300075799226761,0.033898863941431046,-0.31859609484672546,0.7254233956336975,-0.609186589717865
461972,1775274368.0972507,1.781152606010437,0.08387044072151184,0.1301209181547165,0.03019542619585991,-0.31976139545440674,0.7304767966270447,-0.6026977896690369
461973,1775274368.1083617,1.7825974225997925,0.08371009677648544,0.13020402193069458,0.025056160986423492,-0.3219321370124817,0.7350473403930664,-0.5961856842041016
461974,1775274368.119473,1.7843190431594849,0.08348750323057175,0.13059008121490479,0.02270936593413353,-0.32246333360671997,0.7385869026184082,-0.5916004776954651
461975,1775274368.130584,1.785752773284912,0.08323189616203308,0.13067930936813354,0.018037784844636917,-0.3241674602031708,0.7433745265007019,-0.5847944021224976
461976,1775274368.141695,1.7869538068771362,0.08306948840618134,0.13089142739772797,0.014651927165687084,-0.32541167736053467,0.7481982111930847,-0.5780069828033447
461977,1775274368.1528063,1.7882779836654663,0.0827430784702301,0.13131044805049896,0.011566082946956158,-0.3259442448616028,0.7528340220451355,-0.5717233419418335
461978,1775274368.1639173,1.7899211645126343,0.08230754733085632,0.13176311552524567,0.008401074446737766,-0.32654255628585815,0.7567161917686462,-0.5662862062454224
461979,1775274368.1750283,1.791406273841858,0.08225740492343903,0.13182507455348969,0.004268556367605925,-0.3282358646392822,0.7605611085891724,-0.5601694583892822
461980,1775274368.1861396,1.7926902770996094,0.08212968707084656,0.13193871080875397,0.0007182593108154833,-0.3295348882675171,0.76478511095047,-0.553633451461792
461981,1775274368.1972506,1.7939966917037964,0.08178310841321945,0.13221104443073273,-0.0022159472573548555,-0.3306540548801422,0.7686497569084167,-0.547576904296875
461982,1775274368.2083619,1.7955265045166016,0.08168473094701767,0.13253287971019745,-0.006157981231808662,-0.33199137449264526,0.7719979286193848,-0.541999101638794
461983,1775274368.219473,1.7968418598175049,0.08144625276327133,0.1330997496843338,-0.008461033925414085,-0.332828551530838,0.7761455178260803,-0.5354921221733093
461984,1775274368.230584,1.7981325387954712,0.08119082450866699,0.13325107097625732,-0.012424621731042862,-0.33377596735954285,0.7798271179199219,-0.5294420719146729
461985,1775274368.2416952,1.7996082305908203,0.08113911747932434,0.13331815600395203,-0.016922246664762497,-0.33554187417030334,0.7829201817512512,-0.5236040949821472
461986,1775274368.2528062,1.8010066747665405,0.08087216317653656,0.1336689591407776,-0.01886342652142048,-0.33674150705337524,0.7863444089889526,-0.5176020860671997
461987,1775274368.2639172,1.8023229837417603,0.08070863783359528,0.1340683400630951,-0.02300754003226757,-0.3383084237575531,0.7900169491767883,-0.5107753276824951
461988,1775274368.2750285,1.8035069704055786,0.08066301047801971,0.13445447385311127,-0.026855776086449623,-0.33997294306755066,0.7931681871414185,-0.5045605301856995
461989,1775274368.2861395,1.8050068616867065,0.08043104410171509,0.13489305973052979,-0.02934425324201584,-0.3402562737464905,0.7963881492614746,-0.49912968277931213
461990,1775274368.2972507,1.806328535079956,0.08033707737922668,0.1349952518939972,-0.033438149839639664,-0.342029869556427,0.7991420030593872,-0.49322372674942017
461991,1775274368.3083618,1.807530403137207,0.08025261759757996,0.135061115026474,-0.03802592307329178,-0.34408536553382874,0.8018957376480103,-0.48695239424705505
461992,1775274368.3194728,1.8088812828063965,0.08019459247589111,0.13548323512077332,-0.04162612184882164,-0.345255583524704,0.8046128749847412,-0.4813149869441986
461993,1775274368.330584,1.8100818395614624,0.08022098243236542,0.13599452376365662,-0.044184524565935135,-0.34626510739326477,0.8079007267951965,-0.4748101830482483
461994,1775274368.341695,1.8113222122192383,0.08003345131874084,0.13642583787441254,-0.046749792993068695,-0.34723445773124695,0.8105688691139221,-0.4692770540714264
461995,1775274368.352806,1.812599778175354,0.0799565315246582,0.13646426796913147,-0.051018569618463516,-0.3487536311149597,0.8130818009376526,-0.46332067251205444
461996,1775274368.3639174,1.8137967586517334,0.07991461455821991,0.13677790760993958,-0.05503370240330696,-0.35053128004074097,0.8153912425041199,-0.45742347836494446
461997,1775274368.3750284,1.814918875694275,0.07982540875673294,0.1370597779750824,-0.058815084397792816,-0.35186636447906494,0.8179595470428467,-0.45130157470703125
461998,1775274368.3861396,1.8162120580673218,0.0796792060136795,0.13758450746536255,-0.06085459887981415,-0.35200628638267517,0.8206906318664551,-0.44593191146850586
461999,1775274368.3972507,1.8173948526382446,0.07977776229381561,0.13787907361984253,-0.06397531181573868,-0.3526352047920227,0.8237570524215698,-0.4392947256565094
462000,1775274368.4083617,1.8185113668441772,0.07961222529411316,0.1381252110004425,-0.0674118772149086,-0.35358092188835144,0.8261883854866028,-0.43341541290283203
462001,1775274368.419473,1.8197381496429443,0.07950535416603088,0.13836142420768738,-0.07101210206747055,-0.3550705313682556,0.8280699849128723,-0.4279981851577759
462002,1775274368.430584,1.821012020111084,0.07948242127895355,0.13862191140651703,-0.07395502924919128,-0.35573434829711914,0.8305820226669312,-0.4220395088195801
462003,1775274368.441695,1.8221837282180786,0.07942119985818863,0.1389012634754181,-0.07686283439397812,-0.35604897141456604,0.8329309225082397,-0.41659027338027954
462004,1775274368.4528062,1.8234457969665527,0.07948903739452362,0.13942348957061768,-0.0792875736951828,-0.35690078139305115,0.8352590799331665,-0.4107038974761963
462005,1775274368.4639173,1.824473261833191,0.07936203479766846,0.1394815444946289,-0.08337710797786713,-0.3585505783557892,0.8372137546539307,-0.4044291079044342
462006,1775274368.4750285,1.8257261514663696,0.07932500541210175,0.13993020355701447,-0.08587238192558289,-0.35932281613349915,0.8391866087913513,-0.39909759163856506
462007,1775274368.4861395,1.8269095420837402,0.07923581451177597,0.14031361043453217,-0.08836202323436737,-0.36024895310401917,0.8412634134292603,-0.3933050036430359
462008,1775274368.4972506,1.8280061483383179,0.07912875711917877,0.1404895931482315,-0.09283581376075745,-0.36166155338287354,0.8428506851196289,-0.38753727078437805
462009,1775274368.5083618,1.829231858253479,0.07917910069227219,0.14093288779258728,-0.09606418758630753,-0.36280396580696106,0.8449824452400208,-0.38098517060279846
462010,1775274368.5194728,1.8304253816604614,0.0791899785399437,0.14120666682720184,-0.09999825060367584,-0.36367321014404297,0.8467363715171814,-0.37520632147789
462011,1775274368.5305839,1.831585168838501,0.07924401760101318,0.14167362451553345,-0.1023951843380928,-0.36548781394958496,0.8486263751983643,-0.36846593022346497
462012,1775274368.541695,1.8327161073684692,0.07907628268003464,0.14195308089256287,-0.10622560977935791,-0.3666556775569916,0.8503125309944153,-0.3622820973396301
462013,1775274368.5528061,1.8340318202972412,0.07907932251691818,0.14241845905780792,-0.10963697731494904,-0.367343008518219,0.8522366881370544,-0.35599377751350403
462014,1775274368.5639174,1.835118293762207,0.07916155457496643,0.14295487105846405,-0.11288285255432129,-0.368892103433609,0.8540629744529724,-0.34893056750297546
462015,1775274368.5750284,1.8363542556762695,0.07915279269218445,0.14339713752269745,-0.11607569456100464,-0.3705297112464905,0.8555487394332886,-0.34244805574417114
462016,1775274368.5861394,1.837378740310669,0.07916867733001709,0.14385166764259338,-0.11996743083000183,-0.37211787700653076,0.857569694519043,-0.3342309296131134
462017,1775274368.5972507,1.8387748003005981,0.07910166680812836,0.14455735683441162,-0.12338390946388245,-0.37309423089027405,0.8588457107543945,-0.32857459783554077
462018,1775274368.6083617,1.839810848236084,0.07914946973323822,0.14467985928058624,-0.12787200510501862,-0.3758429288864136,0.8601143956184387,-0.32030290365219116
462019,1775274368.619473,1.8412675857543945,0.07922068238258362,0.14525680243968964,-0.1312563121318817,-0.37731343507766724,0.8610860705375671,-0.31454285979270935
462020,1775274368.630584,1.8424711227416992,0.07930514216423035,0.1458117812871933,-0.13512267172336578,-0.3793897330760956,0.8622295260429382,-0.3071897625923157
462021,1775274368.641695,1.8438056707382202,0.07917986810207367,0.14621774852275848,-0.13904604315757751,-0.38164466619491577,0.8630796670913696,-0.300178587436676
462022,1775274368.6528063,1.8454879522323608,0.079310841858387,0.1468699425458908,-0.14283639192581177,-0.383269727230072,0.8637844324111938,-0.2942424714565277
462023,1775274368.6639173,1.8469059467315674,0.07942642271518707,0.1474650502204895,-0.14714336395263672,-0.38503506779670715,0.864730954170227,-0.28694504499435425
462024,1775274368.6750283,1.8479515314102173,0.07958810031414032,0.14807693660259247,-0.15037576854228973,-0.3876195251941681,0.8658657670021057,-0.27823522686958313
462025,1775274368.6861396,1.849345088005066,0.07981409132480621,0.1488761007785797,-0.15453392267227173,-0.38924849033355713,0.8667821884155273,-0.27072811126708984
462026,1775274368.6972506,1.850623607635498,0.07997502386569977,0.14949382841587067,-0.1590840071439743,-0.391589492559433,0.8674026131629944,-0.2626071274280548
462027,1775274368.7083619,1.852149486541748,0.08013196289539337,0.15007032454013824,-0.16314788162708282,-0.3939598798751831,0.8675991296768188,-0.2558325231075287
462028,1775274368.719473,1.8534926176071167,0.08032714575529099,0.15083609521389008,-0.16739192605018616,-0.3962039351463318,0.867989182472229,-0.24818797409534454
462029,1775274368.730584,1.8547158241271973,0.080477774143219,0.15176978707313538,-0.1707484871149063,-0.39738327264785767,0.8691323399543762,-0.23987571895122528
462030,1775274368.7416952,1.8562666177749634,0.08061561733484268,0.15224936604499817,-0.17601481080055237,-0.3995320498943329,0.8690169453620911,-0.23281461000442505
462031,1775274368.7528062,1.8574391603469849,0.08093526214361191,0.1529722660779953,-0.17947743833065033,-0.4026893675327301,0.8693368434906006,-0.22334405779838562
462032,1775274368.7639172,1.8591607809066772,0.08093836903572083,0.1534961611032486,-0.1841736137866974,-0.4043746590614319,0.8693037629127502,-0.21649985015392303
462033,1775274368.7750285,1.8601713180541992,0.0812939703464508,0.15428514778614044,-0.18828782439231873,-0.40598708391189575,0.8699148893356323,-0.2072930932044983
462034,1775274368.7861395,1.8620444536209106,0.08131074905395508,0.15507546067237854,-0.19254453480243683,-0.4082111418247223,0.8694741129875183,-0.20076148211956024
462035,1775274368.7972507,1.863503098487854,0.0815860852599144,0.15560297667980194,-0.19723978638648987,-0.4112171530723572,0.8691357374191284,-0.1913112848997116
462036,1775274368.8083618,1.8648580312728882,0.08179508149623871,0.15660150349140167,-0.20029249787330627,-0.41266492009162903,0.8695122599601746,-0.1831369549036026
462037,1775274368.8194728,1.866450309753418,0.08207447826862335,0.1574355661869049,-0.20529863238334656,-0.41423895955085754,0.8694465756416321,-0.17413018643856049
462038,1775274368.830584,1.8680204153060913,0.08217883110046387,0.15808656811714172,-0.20971938967704773,-0.416940838098526,0.8689671754837036,-0.16454225778579712
462039,1775274368.841695,1.8694794178009033,0.08241184800863266,0.15889132022857666,-0.21430562436580658,-0.4190747141838074,0.8685193061828613,-0.1553184539079666
462040,1775274368.852806,1.8712924718856812,0.08285006880760193,0.15965571999549866,-0.2194831669330597,-0.4215896725654602,0.8675872087478638,-0.14622487127780914
462041,1775274368.8639174,1.8732894659042358,0.08327510952949524,0.16039729118347168,-0.22489723563194275,-0.4240460991859436,0.8663322925567627,-0.13811102509498596
462042,1775274368.8750284,1.8752102851867676,0.0833660289645195,0.1619269996881485,-0.22706498205661774,-0.4250950813293457,0.8664576411247253,-0.13033387064933777
462043,1775274368.8861396,1.8767545223236084,0.08372948318719864,0.1629416048526764,-0.23228906095027924,-0.4273058772087097,0.8653593063354492,-0.12084992974996567
462044,1775274368.8972507,1.8781195878982544,0.08456482738256454,0.16369950771331787,-0.23712655901908875,-0.43040230870246887,0.8639235496520996,-0.11027722805738449
462045,1775274368.9083617,1.8795872926712036,0.08517006039619446,0.16450053453445435,-0.24083386361598969,-0.43333345651626587,0.8626629114151001,-0.10016865283250809
462046,1775274368.919473,1.8809864521026611,0.08563533425331116,0.16560184955596924,-0.24590343236923218,-0.4358339309692383,0.8610018491744995,-0.09086265414953232
462047,1775274368.930584,1.8825304508209229,0.08599605411291122,0.16664719581604004,-0.2503014802932739,-0.43845418095588684,0.8593144416809082,-0.08176665753126144
462048,1775274368.941695,1.8841395378112793,0.08641299605369568,0.16771338880062103,-0.25396162271499634,-0.44074299931526184,0.8578699827194214,-0.07285913825035095
462049,1775274368.9528062,1.885879397392273,0.08696353435516357,0.1687188446521759,-0.2585313022136688,-0.44335970282554626,0.8558362126350403,-0.06432922184467316
462050,1775274368.9639173,1.8873648643493652,0.0875653475522995,0.1697394847869873,-0.2626873850822449,-0.4463803172111511,0.8537116050720215,-0.054004210978746414
462051,1775274368.9750285,1.8889775276184082,0.08791609108448029,0.17079609632492065,-0.2668416500091553,-0.44906848669052124,0.8514938354492188,-0.04573199898004532
462052,1775274368.9861395,1.8906588554382324,0.08834853023290634,0.17194998264312744,-0.27079156041145325,-0.45218625664711,0.8490368723869324,-0.036553461104631424
462053,1775274368.9972506,1.892439365386963,0.08880629390478134,0.1731102168560028,-0.2748950719833374,-0.4544653296470642,0.8468230366706848,-0.02801394835114479
462054,1775274369.0083618,1.8938769102096558,0.0894908532500267,0.1741446852684021,-0.27902671694755554,-0.45783862471580505,0.8439317345619202,-0.017524847760796547
462055,1775274369.0194728,1.8957436084747314,0.0900050476193428,0.17531605064868927,-0.2831170856952667,-0.46077775955200195,0.8411001563072205,-0.008894030004739761
462056,1775274369.0305839,1.8972499370574951,0.09061115235090256,0.17687764763832092,-0.2869754433631897,-0.46384769678115845,0.8381458520889282,0.0014108304167166352
462057,1775274369.041695,1.898986577987671,0.09109564125537872,0.1781926453113556,-0.2906211316585541,-0.4660794138908386,0.8355926275253296,0.009709433652460575
462058,1775274369.0528061,1.9007984399795532,0.0916510820388794,0.1794295758008957,-0.29459184408187866,-0.46948176622390747,0.832126796245575,0.019175143912434578
462059,1775274369.0639174,1.9023901224136353,0.0922950804233551,0.18083259463310242,-0.29862791299819946,-0.4722866117954254,0.8287999033927917,0.029284456744790077
462060,1775274369.0750284,1.9044134616851807,0.09276942908763885,0.18194206058979034,-0.3027980327606201,-0.4762813150882721,0.8246415853500366,0.037890613079071045
462061,1775274369.0861394,1.9058445692062378,0.09335722029209137,0.18348374962806702,-0.3063889741897583,-0.47863200306892395,0.8214424252510071,0.0476410947740078
462062,1775274369.0972507,1.907610535621643,0.09402519464492798,0.18477508425712585,-0.3102829158306122,-0.48249807953834534,0.8170433044433594,0.05796978622674942
462063,1775274369.1083617,1.9095921516418457,0.09450136125087738,0.1863657832145691,-0.3138379752635956,-0.48515623807907104,0.813456118106842,0.06647025793790817
462064,1775274369.119473,1.9111731052398682,0.09514553844928741,0.18783073127269745,-0.31763455271720886,-0.4888257086277008,0.8088506460189819,0.0769309550523758
462065,1775274369.130584,1.912924885749817,0.09591570496559143,0.18943002820014954,-0.3213925063610077,-0.4919391870498657,0.804480254650116,0.08668546378612518
462066,1775274369.141695,1.9148286581039429,0.09645715355873108,0.191088005900383,-0.32460424304008484,-0.49558505415916443,0.7997822761535645,0.09682956337928772
462067,1775274369.1528063,1.9165595769882202,0.0971665233373642,0.1925404816865921,-0.32853132486343384,-0.49926525354385376,0.7945325374603271,0.10732927173376083
462068,1775274369.1639173,1.9183564186096191,0.09792564809322357,0.19413544237613678,-0.3319293260574341,-0.502936840057373,0.7894373536109924,0.11690274626016617
462069,1775274369.1750283,1.9202007055282593,0.09867861121892929,0.196035698056221,-0.3352912962436676,-0.5056623816490173,0.7846158146858215,0.12752778828144073
462070,1775274369.1861396,1.9221969842910767,0.09936187416315079,0.1977989673614502,-0.33908113837242126,-0.50917649269104,0.7788967490196228,0.13814176619052887
462071,1775274369.1972506,1.9242498874664307,0.10005996376276016,0.19955001771450043,-0.3429834246635437,-0.5120851993560791,0.7733955979347229,0.14829155802726746
462072,1775274369.2083619,1.926224946975708,0.10061666369438171,0.20130091905593872,-0.34635359048843384,-0.5157155990600586,0.7674278020858765,0.15852828323841095
462073,1775274369.219473,1.9280688762664795,0.10150519013404846,0.2030991017818451,-0.34999823570251465,-0.5195451378822327,0.7608879208564758,0.16918553411960602
462074,1775274369.230584,1.9302278757095337,0.10189518332481384,0.20522888004779816,-0.35343804955482483,-0.5223220586776733,0.7552011609077454,0.17869624495506287
462075,1775274369.2416952,1.932340383529663,0.10306907445192337,0.20716726779937744,-0.35671794414520264,-0.5261023640632629,0.7479734420776367,0.19106143712997437
462076,1775274369.2528062,1.9344981908798218,0.10358026623725891,0.20915251970291138,-0.35967954993247986,-0.5293926000595093,0.7415990233421326,0.2010098099708557
462077,1775274369.2639172,1.9365769624710083,0.10442029684782028,0.211038738489151,-0.3635135889053345,-0.5327610969543457,0.7339875102043152,0.21280469000339508
462078,1775274369.2750285,1.9389300346374512,0.10504758358001709,0.21345819532871246,-0.36761558055877686,-0.5346471071243286,0.7275806069374084,0.22279562056064606
462079,1775274369.2861395,1.9412024021148682,0.1059231162071228,0.21580465137958527,-0.3705140948295593,-0.5376786589622498,0.7202242016792297,0.23430338501930237
462080,1775274369.2972507,1.9434919357299805,0.10670766234397888,0.21781452000141144,-0.3728816509246826,-0.5424638390541077,0.7116072177886963,0.2455756813287735
462081,1775274369.3083618,1.9457708597183228,0.10756351798772812,0.22011730074882507,-0.3761942386627197,-0.5460700392723083,0.7030209302902222,0.2569960355758667
462082,1775274369.3194728,1.948085069656372,0.10842590779066086,0.22247523069381714,-0.37956660985946655,-0.5490743517875671,0.6943302154541016,0.26898351311683655
462083,1775274369.330584,1.9503638744354248,0.10907675325870514,0.2247438281774521,-0.38145557045936584,-0.5528775453567505,0.685962975025177,0.27977287769317627
462084,1775274369.341695,1.9528197050094604,0.10979583859443665,0.2274407297372818,-0.38356447219848633,-0.5567014217376709,0.6765755414962769,0.29190298914909363
462085,1775274369.352806,1.9553292989730835,0.11034537106752396,0.23035705089569092,-0.386094868183136,-0.5595903396606445,0.6674255728721619,0.30386272072792053
462086,1775274369.3639174,1.9578523635864258,0.11121315509080887,0.2329189032316208,-0.38902419805526733,-0.563315212726593,0.657091498374939,0.3155422806739807
462087,1775274369.3750284,1.9604499340057373,0.11184504628181458,0.23590649664402008,-0.39078855514526367,-0.566908597946167,0.646822452545166,0.3279019296169281
462088,1775274369.3861396,1.9631140232086182,0.11272813379764557,0.23892022669315338,-0.3922542333602905,-0.5706678032875061,0.6362672448158264,0.3400573134422302
462089,1775274369.3972507,1.965972900390625,0.11370392143726349,0.2416459023952484,-0.3948030471801758,-0.5742977857589722,0.624235987663269,0.3530469238758087
462090,1775274369.4083617,1.9720675945281982,0.11433308571577072,0.24822424352169037,-0.38823559880256653,-0.5709853172302246,0.6244477033615112,0.36512187123298645
462091,1775274369.419473,1.9995628595352173,0.11261061578989029,0.27086636424064636,-0.3587588965892792,-0.5612983107566833,0.6566666960716248,0.35358917713165283
462092,1775274369.430584,2.033672332763672,0.1093534380197525,0.29837098717689514,-0.3174818158149719,-0.5468438267707825,0.7051897048950195,0.32074084877967834
462093,1775274369.441695,2.064605474472046,0.10843044519424438,0.3236544132232666,-0.28702807426452637,-0.5323487520217896,0.7347063422203064,0.30728861689567566
462094,1775274369.4528062,2.0949418544769287,0.10630632936954498,0.3490568995475769,-0.2556212842464447,-0.516983151435852,0.7612950801849365,0.2963376045227051
462095,1775274369.4639173,2.1256279945373535,0.10311678797006607,0.3745083510875702,-0.22355590760707855,-0.5018406510353088,0.785537838935852,0.284796804189682
462096,1775274369.4750285,2.154858112335205,0.10250449180603027,0.39900660514831543,-0.195272296667099,-0.49007436633110046,0.8002970814704895,0.28499215841293335
462097,1775274369.4861395,2.182887315750122,0.10311229526996613,0.4225640892982483,-0.1691160351037979,-0.48164689540863037,0.8082789778709412,0.2934302091598511
462098,1775274369.4972506,2.211296558380127,0.10246998816728592,0.4461986720561981,-0.14355508983135223,-0.47214633226394653,0.8159957528114319,0.3010326623916626
462099,1775274369.5083618,2.2390410900115967,0.10143027454614639,0.46956443786621094,-0.11814954876899719,-0.46408355236053467,0.8210403323173523,0.3107408881187439
462100,1775274369.5194728,2.265580892562866,0.1028527319431305,0.4918321967124939,-0.09654533863067627,-0.4614439010620117,0.8168208003044128,0.3324941098690033
462101,1775274369.5305839,2.291590929031372,0.10408046096563339,0.5137261152267456,-0.07537966966629028,-0.46065202355384827,0.8095089793205261,0.3561080992221832
462102,1775274369.541695,2.3173861503601074,0.1047808825969696,0.5359996557235718,-0.05412527546286583,-0.45773768424987793,0.8005884289741516,0.38289010524749756
462103,1775274369.5528061,2.3424925804138184,0.10710727423429489,0.5565475225448608,-0.03503894433379173,-0.4632951617240906,0.7821165323257446,0.41523948311805725
462104,1775274369.5639174,2.3670101165771484,0.10965894162654877,0.5773391127586365,-0.01768370345234871,-0.46800416707992554,0.7596298456192017,0.4512448012828827
462105,1775274369.5750284,2.3916127681732178,0.11179886013269424,0.59772789478302,-0.0004692457150667906,-0.47403743863105774,0.7331406474113464,0.4876403510570526
462106,1775274369.5861394,2.4155402183532715,0.11519329249858856,0.6173782348632812,0.014230286702513695,-0.4837920665740967,0.6971631646156311,0.5288726091384888
462107,1775274369.5972507,2.439530611038208,0.11837227642536163,0.6368359923362732,0.028818348422646523,-0.4940035343170166,0.6546786427497864,0.5714245438575745
462108,1775274369.6083617,2.4637134075164795,0.12090903520584106,0.6563254594802856,0.04215213283896446,-0.5029603838920593,0.6076343059539795,0.6132166385650635
462109,1775274369.619473,2.4877736568450928,0.12414120882749557,0.675259530544281,0.05466294661164284,-0.5129656791687012,0.5511236786842346,0.6558513045310974
462110,1775274369.630584,2.5117783546447754,0.12702524662017822,0.6936944723129272,0.06503579765558243,-0.5227811932563782,0.48605722188949585,0.6972938179969788
462111,1775274369.641695,2.535945177078247,0.12907980382442474,0.7121504545211792,0.07344143092632294,-0.5299599766731262,0.4150182902812958,0.735872745513916
462112,1775274369.6528063,2.559920310974121,0.1310587376356125,0.7301084995269775,0.0811694785952568,-0.5364897847175598,0.3338719308376312,0.7707916498184204
462113,1775274369.6639173,2.584057569503784,0.13219498097896576,0.7473690509796143,0.08810728788375854,-0.54030841588974,0.24407874047756195,0.8004558682441711
462114,1775274369.6750283,2.6076016426086426,0.13149656355381012,0.7637743353843689,0.09390781819820404,-0.5394789576530457,0.1433357149362564,0.8243777751922607
462115,1775274369.6861396,2.6311187744140625,0.1295233964920044,0.7797642946243286,0.09812407195568085,-0.5328453779220581,0.04202672839164734,0.8394529223442078
462116,1775274369.6972506,2.6539926528930664,0.12723308801651,0.7947787046432495,0.10278304666280746,-0.5215855240821838,-0.0611393079161644,0.8447757959365845
462117,1775274369.7083619,2.6765639781951904,0.12383606284856796,0.8094273805618286,0.10512930899858475,-0.5044897794723511,-0.16059423983097076,0.841812014579773
462118,1775274369.719473,2.698218584060669,0.11957229673862457,0.8228222727775574,0.10576553642749786,-0.4829680323600769,-0.2591528296470642,0.829695999622345
462119,1775274369.730584,2.719149589538574,0.11471670120954514,0.8357560634613037,0.10521333664655685,-0.45505183935165405,-0.35336726903915405,0.8105490207672119
462120,1775274369.7416952,2.7388243675231934,0.1087014228105545,0.8474804162979126,0.10462300479412079,-0.4217471182346344,-0.44526225328445435,0.7828952670097351
462121,1775274369.7528062,2.757441759109497,0.10228767991065979,0.8584663271903992,0.1021038293838501,-0.3846321702003479,-0.5324962139129639,0.7470479607582092
462122,1775274369.7639172,2.7750236988067627,0.09654118120670319,0.8690139055252075,0.09799472242593765,-0.34539809823036194,-0.611863374710083,0.7047839164733887
462123,1775274369.7750285,2.791750192642212,0.09091786295175552,0.878872275352478,0.09315325319766998,-0.3011632263660431,-0.684940755367279,0.65687096118927
462124,1775274369.7861395,2.806992769241333,0.085345059633255,0.8877835869789124,0.08877122402191162,-0.2536962628364563,-0.7528313398361206,0.6008351445198059
462125,1775274369.7972507,2.8212978839874268,0.08180715888738632,0.8968199491500854,0.08140010386705399,-0.2058924436569214,-0.8117251992225647,0.5404486060142517
462126,1775274369.8083618,2.834988594055176,0.0785435140132904,0.9051832556724548,0.07539602369070053,-0.15414205193519592,-0.8631724715232849,0.4748568534851074
462127,1775274369.8194728,2.8479342460632324,0.07508386671543121,0.9135456681251526,0.06714268773794174,-0.1017662063241005,-0.905954897403717,0.405439555644989
462128,1775274369.830584,2.8602147102355957,0.07233094424009323,0.921607494354248,0.06126616150140762,-0.04811371490359306,-0.9402480125427246,0.3314593434333801
462129,1775274369.841695,2.8721518516540527,0.07212752103805542,0.9306139945983887,0.053155265748500824,0.004987641703337431,-0.9660269618034363,0.2528667151927948
462130,1775274369.852806,2.8839011192321777,0.07350106537342072,0.9389126300811768,0.04602431133389473,0.059467900544404984,-0.9821560382843018,0.17238035798072815
462131,1775274369.8639174,2.8961737155914307,0.07499633729457855,0.9476776123046875,0.038349688053131104,0.11268217116594315,-0.9886153340339661,0.09204217791557312
462132,1775274369.8750284,2.9086430072784424,0.0773528516292572,0.9570947289466858,0.03146608918905258,0.16683396697044373,-0.9854381084442139,0.009392465464770794
462133,1775274369.8861396,2.921478271484375,0.08227947354316711,0.9671264886856079,0.02489747479557991,0.21863529086112976,-0.9726799130439758,-0.07397676259279251
462134,1775274369.8972507,2.9351987838745117,0.08785686641931534,0.9780300855636597,0.017931964248418808,0.2677840292453766,-0.9506484866142273,-0.1556849628686905
462135,1775274369.9083617,2.9497487545013428,0.09310027956962585,0.9895557761192322,0.01154700294137001,0.31413668394088745,-0.9192162752151489,-0.23712077736854553
462136,1775274369.919473,2.964653730392456,0.09797077625989914,1.0025029182434082,0.006035850383341312,0.355228453874588,-0.8787485361099243,-0.31871214509010315
462137,1775274369.930584,2.980992555618286,0.10275624692440033,1.0154814720153809,0.000846848008222878,0.39546433091163635,-0.8287554979324341,-0.39594417810440063
462138,1775274369.941695,2.9988720417022705,0.10881442576646805,1.0290223360061646,-0.004152068868279457,0.4329898953437805,-0.770221471786499,-0.46825361251831055
462139,1775274369.9528062,3.018056631088257,0.11477598547935486,1.0430558919906616,-0.00879811029881239,0.46724846959114075,-0.7047073245048523,-0.5338436961174011
462140,1775274369.9639173,3.038151979446411,0.11975608021020889,1.0578813552856445,-0.012358314357697964,0.4957612156867981,-0.6301903128623962,-0.5974347591400146
462141,1775274369.9750285,3.0591254234313965,0.12420240789651871,1.0729597806930542,-0.014768174849450588,0.519061803817749,-0.549166202545166,-0.6548079252243042
462142,1775274369.9861395,3.0809574127197266,0.12841184437274933,1.088150978088379,-0.016715146601200104,0.5381708145141602,-0.46134522557258606,-0.7051620483398438
462143,1775274369.9972506,3.1036179065704346,0.13138477504253387,1.1038349866867065,-0.017557060346007347,0.5498260259628296,-0.36994674801826477,-0.748680591583252
462144,1775274370.0083618,3.1269571781158447,0.13290664553642273,1.1193147897720337,-0.018486129119992256,0.5572583079338074,-0.2752782702445984,-0.783162534236908
462145,1775274370.0194728,3.150125503540039,0.13279631733894348,1.1346180438995361,-0.018501874059438705,0.5570024847984314,-0.17785190045833588,-0.8110331296920776
462146,1775274370.0305839,3.1735055446624756,0.13210062682628632,1.1492775678634644,-0.01773708686232567,0.5521223545074463,-0.07789354026317596,-0.8299270868301392
462147,1775274370.041695,3.1965889930725098,0.1303170621395111,1.163763403892517,-0.01773788593709469,0.5406749844551086,0.021620124578475952,-0.8407666683197021
462148,1775274370.0528061,3.2190449237823486,0.12741191685199738,1.1777054071426392,-0.016697952523827553,0.5243695974349976,0.11898447573184967,-0.84297114610672
462149,1775274370.0639174,3.2410049438476562,0.12372097373008728,1.1909195184707642,-0.015943245962262154,0.502783477306366,0.21472333371639252,-0.8371670246124268
462150,1775274370.0750284,3.2622783184051514,0.11918199807405472,1.2039413452148438,-0.0130964620038867,0.4755876660346985,0.3061803877353668,-0.8245596289634705
462151,1775274370.0861394,3.2827606201171875,0.1134520173072815,1.2157291173934937,-0.012139551341533661,0.4445704519748688,0.39466461539268494,-0.8040209412574768
462152,1775274370.0972507,3.302187919616699,0.10736087709665298,1.2266194820404053,-0.009879330173134804,0.40921750664711,0.480358362197876,-0.7756928205490112
462153,1775274370.1083617,3.3203930854797363,0.10146015137434006,1.2372019290924072,-0.01006278209388256,0.3697747588157654,0.5608857274055481,-0.7406569123268127
462154,1775274370.119473,3.337711811065674,0.09536876529455185,1.2474286556243896,-0.005260445177555084,0.32786479592323303,0.6341691613197327,-0.7002189755439758
462155,1775274370.130584,3.3536081314086914,0.08946873247623444,1.2563289403915405,-0.004121553152799606,0.28204983472824097,0.7044253945350647,-0.6513185501098633
462156,1775274370.141695,3.3688817024230957,0.0841500535607338,1.2651337385177612,-0.0022490136325359344,0.23426519334316254,0.7658839821815491,-0.5987793207168579
462157,1775274370.1528063,3.3828673362731934,0.08031175285577774,1.2730093002319336,-0.0013866893714293838,0.1845828741788864,0.8223510980606079,-0.5382063388824463
462158,1775274370.1639173,3.3962528705596924,0.07697167992591858,1.280988097190857,0.0010433904826641083,0.1323799341917038,0.8699010610580444,-0.4751279950141907
462159,1775274370.1750283,3.4092204570770264,0.07348139584064484,1.2889834642410278,0.0032297740690410137,0.07894761115312576,0.9091921448707581,-0.408811092376709
462160,1775274370.1861396,3.421844959259033,0.07092753052711487,1.2964175939559937,0.0023601099383085966,0.024400563910603523,0.9409021735191345,-0.3377901315689087
462161,1775274370.1972506,3.4332048892974854,0.07129614055156708,1.3039629459381104,0.002712455578148365,-0.029897354543209076,0.9652193784713745,-0.2597123682498932
462162,1775274370.2083619,3.4450604915618896,0.07238806039094925,1.3120801448822021,0.002502715913578868,-0.08323709666728973,0.9796031713485718,-0.1828739196062088
462163,1775274370.219473,3.457643985748291,0.07358101010322571,1.320592999458313,0.003411445999518037,-0.1349199265241623,0.9851964116096497,-0.10570288449525833
462164,1775274370.230584,3.4700686931610107,0.07541795074939728,1.3292959928512573,0.003359111724421382,-0.18748018145561218,0.9819010496139526,-0.02664971724152565
462165,1775274370.2416952,3.4825439453125,0.08018746972084045,1.3386199474334717,0.0010604150593280792,-0.23633866012096405,0.9700927734375,0.05534583702683449
462166,1775274370.2528062,3.496189832687378,0.0860365778207779,1.348314881324768,-0.002411328023299575,-0.2842899262905121,0.9491878747940063,0.13496582210063934
462167,1775274370.2639172,3.5113260746002197,0.09108220785856247,1.358754277229309,-0.0032408905681222677,-0.33010464906692505,0.9202364683151245,0.21020302176475525
462168,1775274370.2750285,3.52683424949646,0.09566514194011688,1.3695071935653687,-0.005450255703181028,-0.37346431612968445,0.8821524381637573,0.28688281774520874
462169,1775274370.2861395,3.543651580810547,0.09981374442577362,1.381811261177063,-0.008205791004002094,-0.41284120082855225,0.8363986015319824,0.3604612946510315
462170,1775274370.2972507,3.561479330062866,0.1061883419752121,1.3939754962921143,-0.013814509846270084,-0.4499449133872986,0.781859278678894,0.43134069442749023
462171,1775274370.3083618,3.579725742340088,0.11283570528030396,1.4074217081069946,-0.01756465993821621,-0.4805009067058563,0.7196906805038452,0.5008549690246582
462172,1775274370.3194728,3.5988340377807617,0.11819352209568024,1.4210526943206787,-0.022327549755573273,-0.5079374313354492,0.6478050947189331,0.5673180222511292
462173,1775274370.330584,3.6195626258850098,0.1218017116189003,1.4347578287124634,-0.025664370507001877,-0.5310874581336975,0.5714815855026245,0.62505704164505
462174,1775274370.341695,3.6412441730499268,0.12623129785060883,1.4494248628616333,-0.030383998528122902,-0.548453688621521,0.4901135265827179,0.6768043041229248
462175,1775274370.352806,3.6635706424713135,0.13082079589366913,1.4633853435516357,-0.036276061087846756,-0.5635536313056946,0.3994840383529663,0.7221523523330688
462176,1775274370.3639174,3.687119483947754,0.13235747814178467,1.478628158569336,-0.041342005133628845,-0.570632815361023,0.3110103905200958,0.7589082717895508
462177,1775274370.3750284,3.709794521331787,0.1326209008693695,1.492854356765747,-0.04659276828169823,-0.5712765455245972,0.21757882833480835,0.7900200486183167
462178,1775274370.3861396,3.732689619064331,0.13313643634319305,1.5069141387939453,-0.05253202095627785,-0.5667093396186829,0.12265932559967041,0.813041090965271
462179,1775274370.3972507,3.75612473487854,0.13215087354183197,1.5211820602416992,-0.05644818767905235,-0.5578041076660156,0.026907216757535934,0.8276136517524719
462180,1775274370.4083617,3.7787578105926514,0.12922653555870056,1.5351743698120117,-0.05822671204805374,-0.5426506400108337,-0.07002801448106766,0.835006594657898
462181,1775274370.419473,3.800400972366333,0.12498129159212112,1.5481184720993042,-0.06244795024394989,-0.5218291878700256,-0.16442672908306122,0.8347206115722656
462182,1775274370.430584,3.822026491165161,0.12166445702314377,1.560802698135376,-0.06654347479343414,-0.4959929585456848,-0.25549134612083435,0.8272165656089783
462183,1775274370.441695,3.842433452606201,0.11759182810783386,1.5723885297775269,-0.06945566833019257,-0.46603652834892273,-0.34384745359420776,0.812252938747406
462184,1775274370.4528062,3.862553358078003,0.11234976351261139,1.583739161491394,-0.07135754823684692,-0.43292486667633057,-0.4248708486557007,0.7918137907981873
462185,1775274370.4639173,3.881157159805298,0.10520582646131516,1.593473196029663,-0.07090555131435394,-0.3933006227016449,-0.5066898465156555,0.7639061212539673
462186,1775274370.4750285,3.89831280708313,0.09843543916940689,1.6029919385910034,-0.07095479965209961,-0.35239535570144653,-0.5853301286697388,0.7267541289329529
462187,1775274370.4861395,3.9146502017974854,0.09367141872644424,1.6126435995101929,-0.06988266110420227,-0.3101865351200104,-0.6560467481613159,0.6844731569290161
462188,1775274370.4972506,3.930129289627075,0.08912702649831772,1.6223224401474,-0.07118543982505798,-0.2661699950695038,-0.7189270853996277,0.6381458044052124
462189,1775274370.5083618,3.9452922344207764,0.08368268609046936,1.6303272247314453,-0.06898390501737595,-0.21791388094425201,-0.7756307125091553,0.588346540927887
462190,1775274370.5194728,3.9589650630950928,0.07817211002111435,1.638200283050537,-0.06837080419063568,-0.16616906225681305,-0.8284994959831238,0.5303789973258972
462191,1775274370.5305839,3.9713456630706787,0.07508324086666107,1.6459100246429443,-0.06570423394441605,-0.11543639004230499,-0.8739473223686218,0.46751853823661804
462192,1775274370.541695,3.9822452068328857,0.0732494667172432,1.653322696685791,-0.06420953571796417,-0.06357589364051819,-0.9125507473945618,0.3988562822341919
462193,1775274370.5528061,3.9952750205993652,0.07149562239646912,1.6614729166030884,-0.058611415326595306,-0.0151820732280612,-0.9416341781616211,0.3311484754085541
462194,1775274370.5639174,4.007455825805664,0.06939294934272766,1.6679751873016357,-0.0545317605137825,0.04226284474134445,-0.9628771543502808,0.26097485423088074
462195,1775274370.5750284,4.018623352050781,0.07070809602737427,1.6757593154907227,-0.04905269294977188,0.09467031061649323,-0.9767434597015381,0.1860203742980957
462196,1775274370.5861394,4.0340800285339355,0.07295390963554382,1.683776617050171,-0.03707453981041908,0.14077848196029663,-0.9814171195030212,0.12500934302806854
462197,1775274370.5972507,4.044640064239502,0.07563848793506622,1.6909348964691162,-0.03289744630455971,0.19574502110481262,-0.9792132377624512,0.04175020754337311
462198,1775274370.6083617,4.056517124176025,0.07956767827272415,1.6993043422698975,-0.02309180237352848,0.2481771558523178,-0.9677861928939819,-0.035565245896577835
462199,1775274370.619473,4.068115234375,0.08438827097415924,1.708775281906128,-0.00940341129899025,0.292434424161911,-0.9488814473152161,-0.11839713156223297
462200,1775274370.630584,4.077812671661377,0.0933755412697792,1.7113679647445679,0.012928924523293972,0.3265196681022644,-0.9275111556053162,-0.18149606883525848
462201,1775274370.641695,4.088540554046631,0.1060553640127182,1.7115975618362427,0.07194972038269043,0.30064842104911804,-0.9306275248527527,-0.19587334990501404
462202,1775274370.6528063,4.098843097686768,0.12133045494556427,1.7062350511550903,0.1406874805688858,0.3182297945022583,-0.9089764952659607,-0.2295616716146469
462203,1775274370.6639173,4.092041015625,0.13859064877033234,1.686885952949524,0.12431829422712326,0.3360579311847687,-0.8907826542854309,-0.27949291467666626
462204,1775274370.6750283,4.089680194854736,0.14990682899951935,1.67670476436615,0.14833307266235352,0.33073630928993225,-0.8658714890480042,-0.3447860777378082
462205,1775274370.6861396,4.091499328613281,0.1624021977186203,1.669095516204834,0.18571846187114716,0.3220594823360443,-0.8425973057746887,-0.3896360397338867
462206,1775274370.6972506,4.095611572265625,0.1730455607175827,1.6602634191513062,0.22036896646022797,0.32199883460998535,-0.8159567713737488,-0.4265780448913574
462207,1775274370.7083619,4.099112033843994,0.18152578175067902,1.6522082090377808,0.25330042839050293,0.3133319318294525,-0.7884860038757324,-0.46470630168914795
462208,1775274370.719473,4.1038713455200195,0.1888876110315323,1.6429078578948975,0.28730374574661255,0.3124588131904602,-0.7558557391166687,-0.4985060691833496
462209,1775274370.730584,4.108567714691162,0.19527171552181244,1.6339064836502075,0.3173809349536896,0.30893903970718384,-0.721296489238739,-0.5325011014938354
462210,1775274370.7416952,4.113059997558594,0.19970686733722687,1.6254218816757202,0.34720560908317566,0.29970622062683105,-0.6831057071685791,-0.5683230757713318
462211,1775274370.7528062,4.118679523468018,0.20310430228710175,1.6170721054077148,0.3762655258178711,0.2940024435520172,-0.6431490778923035,-0.5986202955245972
462212,1775274370.7639172,4.124248504638672,0.205214723944664,1.608460783958435,0.4046831429004669,0.2864954173564911,-0.5998532176017761,-0.627955436706543
462213,1775274370.7750285,4.129248142242432,0.20579564571380615,1.600327730178833,0.4309139847755432,0.276557981967926,-0.5528563261032104,-0.6574029922485352
462214,1775274370.7861395,4.135270595550537,0.20397698879241943,1.591689944267273,0.4564532935619354,0.2678748369216919,-0.5076922178268433,-0.6798103451728821
462215,1775274370.7972507,4.141960144042969,0.2012178897857666,1.5844658613204956,0.47870585322380066,0.25390151143074036,-0.4599829912185669,-0.7034134864807129
462216,1775274370.8083618,4.1484808921813965,0.19647811353206635,1.5763185024261475,0.4987562894821167,0.24472111463546753,-0.4113759398460388,-0.7225812077522278
462217,1775274370.8194728,4.154685020446777,0.19057036936283112,1.568536639213562,0.5173236727714539,0.23167526721954346,-0.3614320755004883,-0.7403172254562378
462218,1775274370.830584,4.160086631774902,0.18341873586177826,1.5613982677459717,0.5327616333961487,0.2150944471359253,-0.30905112624168396,-0.7578832507133484
462219,1775274370.841695,4.166603088378906,0.1751641482114792,1.5543352365493774,0.5446668863296509,0.206840381026268,-0.2591043710708618,-0.770337700843811
462220,1775274370.852806,4.173884391784668,0.1632869392633438,1.5480597019195557,0.5675861835479736,0.19380472600460052,-0.20896153151988983,-0.7724123597145081
462221,1775274370.8639174,4.180200099945068,0.15073531866073608,1.539462685585022,0.5781576037406921,0.18012213706970215,-0.1590295135974884,-0.7797432541847229
462222,1775274370.8750284,4.185011863708496,0.1366581916809082,1.5340385437011719,0.5906323790550232,0.16179026663303375,-0.09889182448387146,-0.7843454480171204
462223,1775274370.8861396,4.189537048339844,0.12135078758001328,1.5270718336105347,0.5961527228355408,0.1440613716840744,-0.04074370115995407,-0.7887892127037048
462224,1775274370.8972507,4.194963455200195,0.11276556551456451,1.5211213827133179,0.6104386448860168,0.1289813220500946,0.002713001798838377,-0.7814865112304688
462225,1775274370.9083617,4.199304580688477,0.10589738935232162,1.5163609981536865,0.6208075881004333,0.11671803146600723,0.037414487451314926,-0.7743223309516907
462226,1775274370.919473,4.199304580688477,0.10589738935232162,1.5163609981536865,0.6208075881004333,0.11671803146600723,0.037414487451314926,-0.7743223309516907
462227,1775274370.930584,4.199304580688477,0.10589738935232162,1.5163609981536865,0.6208075881004333,0.11671803146600723,0.037414487451314926,-0.7743223309516907
462228,1775274370.941695,4.211623191833496,0.1522565484046936,1.5013608932495117,0.6856619119644165,0.3342945873737335,-0.14696606993675232,-0.6296951174736023
462229,1775274370.9528062,4.227697372436523,0.14835608005523682,1.502469539642334,0.7125600576400757,0.17394797503948212,0.04807030409574509,-0.6780041456222534
462230,1775274370.9639173,4.232750415802002,0.14899513125419617,1.498460054397583,0.7165476083755493,0.11600343883037567,0.12202171236276627,-0.6769146919250488
462231,1775274370.9750285,4.238067150115967,0.15140976011753082,1.4924863576889038,0.7235734462738037,0.08501376956701279,0.16047939658164978,-0.6659282445907593
462232,1775274370.9861395,4.244061470031738,0.15295402705669403,1.489640712738037,0.7366490364074707,0.0833902508020401,0.1816612333059311,-0.6460599303245544
462233,1775274370.9972506,4.2498779296875,0.15282244980335236,1.4865872859954834,0.7484035491943359,0.0778329074382782,0.20583534240722656,-0.6256725192070007
462234,1775274371.0083618,4.255229949951172,0.1517021656036377,1.483276128768921,0.7587068676948547,0.07038767635822296,0.22636528313159943,-0.6067688465118408
462235,1775274371.0194728,4.259927272796631,0.14876456558704376,1.4796407222747803,0.7717289924621582,0.060633402317762375,0.24787162244319916,-0.5825098752975464
462236,1775274371.0305839,4.266098499298096,0.14560268819332123,1.4764742851257324,0.7795916795730591,0.05819757282733917,0.26910850405693054,-0.5625215172767639
462237,1775274371.041695,4.27324914932251,0.14025752246379852,1.4745416641235352,0.7869516015052795,0.058712758123874664,0.2961338460445404,-0.538112223148346
462238,1775274371.0528061,4.275222301483154,0.13409364223480225,1.4713011980056763,0.7998278141021729,0.04043654352426529,0.3112502992153168,-0.5116285681724548
462239,1775274371.0639174,4.2814483642578125,0.12697988748550415,1.4690238237380981,0.8057094216346741,0.03932530805468559,0.3343643844127655,-0.4873256981372833
462240,1775274371.0750284,4.285566329956055,0.11887603998184204,1.465904712677002,0.8123949766159058,0.030227040871977806,0.3535152077674866,-0.46273940801620483
462241,1775274371.0861394,4.2904276847839355,0.1095886379480362,1.4630484580993652,0.8174725770950317,0.024147160351276398,0.3736494183540344,-0.43765464425086975
462242,1775274371.0972507,4.294388294219971,0.09900018572807312,1.4603796005249023,0.8229531049728394,0.015448261983692646,0.39284342527389526,-0.4101020395755768
462243,1775274371.1083617,4.298008441925049,0.08797527849674225,1.4576541185379028,0.8268262147903442,0.006165024824440479,0.4115614891052246,-0.3833243250846863
462244,1775274371.119473,4.302884578704834,0.07648146152496338,1.4546648263931274,0.8281340003013611,0.001958429580554366,0.4302522540092468,-0.3592677414417267
462245,1775274371.130584,4.306057929992676,0.07829581201076508,1.4512665271759033,0.8348140120506287,-0.007366189267486334,0.44325754046440125,-0.32642656564712524
462246,1775274371.141695,4.309770584106445,0.08605428040027618,1.4475297927856445,0.8382540345191956,-0.014796826057136059,0.4539508819580078,-0.3017284572124481
462247,1775274371.1528063,4.313157558441162,0.0917663425207138,1.4443501234054565,0.8412339687347412,-0.023780101910233498,0.46505504846572876,-0.27474352717399597
462248,1775274371.1639173,4.316748142242432,0.09687274694442749,1.4410268068313599,0.8428484201431274,-0.03255470469594002,0.47612833976745605,-0.24869388341903687
462249,1775274371.1750283,4.320638656616211,0.1009906753897667,1.4381177425384521,0.8427263498306274,-0.0414554700255394,0.48822999000549316,-0.22299204766750336
462250,1775274371.1861396,4.324093818664551,0.10351060330867767,1.434916615486145,0.8436947464942932,-0.04962212219834328,0.4978419244289398,-0.19460324943065643
462251,1775274371.1972506,4.327341079711914,0.10519231855869293,1.4316519498825073,0.8437073826789856,-0.057848185300827026,0.5072581768035889,-0.1658334732055664
462252,1775274371.2083619,4.330301284790039,0.10557620972394943,1.4288140535354614,0.8436368107795715,-0.06750934571027756,0.5149215459823608,-0.13629180192947388
462253,1775274371.219473,4.333643913269043,0.10508198291063309,1.4255566596984863,0.8411180377006531,-0.07624062150716782,0.5245201587677002,-0.10764113813638687
462254,1775274371.230584,4.337152481079102,0.10334429144859314,1.4222670793533325,0.8388848900794983,-0.08402715623378754,0.5321347117424011,-0.07774503529071808
462255,1775274371.2416952,4.340368747711182,0.10089025646448135,1.4194353818893433,0.8351909518241882,-0.09215369075536728,0.5399989485740662,-0.048631954938173294
462256,1775274371.2528062,4.3437347412109375,0.09730660915374756,1.4169896841049194,0.830341637134552,-0.09911707788705826,0.5480598211288452,-0.01841771975159645
462257,1775274371.2639172,4.347323894500732,0.09244166314601898,1.4138208627700806,0.8245545029640198,-0.1060343086719513,0.5556666254997253,0.010063303634524345
462258,1775274371.2750285,4.350376605987549,0.08683351427316666,1.4102540016174316,0.8191991448402405,-0.11534643173217773,0.5604612231254578,0.0386156290769577
462259,1775274371.2861395,4.354121685028076,0.07982273399829865,1.4079997539520264,0.8115506172180176,-0.12005215883255005,0.5675547122955322,0.06967664510011673
462260,1775274371.2972507,4.357452392578125,0.07236216962337494,1.4048277139663696,0.8039020895957947,-0.12777160108089447,0.5724157094955444,0.09877358376979828
462261,1775274371.3083618,4.360960006713867,0.07548394799232483,1.4016928672790527,0.7945747375488281,-0.13162490725517273,0.5782185196876526,0.13034287095069885
462262,1775274371.3194728,4.364590167999268,0.08244918286800385,1.3981174230575562,0.7866755723953247,-0.137596994638443,0.5802075266838074,0.15989942848682404
462263,1775274371.330584,4.367830276489258,0.08833601325750351,1.394554853439331,0.7788383364677429,-0.14266027510166168,0.5804483294487,0.19010187685489655
462264,1775274371.341695,4.371209621429443,0.09331437200307846,1.3911805152893066,0.7698369026184082,-0.1484178602695465,0.5806300044059753,0.2195274382829666
462265,1775274371.352806,4.375222682952881,0.09738515317440033,1.38738214969635,0.7609321475028992,-0.15226423740386963,0.5814629197120667,0.24433308839797974
462266,1775274371.3639174,4.3791584968566895,0.10044162720441818,1.3832306861877441,0.7504903078079224,-0.15786071121692657,0.5829187631607056,0.26842156052589417
462267,1775274371.3750284,4.382662296295166,0.10163167864084244,1.3795511722564697,0.7390605211257935,-0.1629086285829544,0.5811552405357361,0.29918068647384644
462268,1775274371.3861396,4.3864359855651855,0.10204123705625534,1.3757766485214233,0.7268344163894653,-0.16656523942947388,0.5802971124649048,0.32744932174682617
462269,1775274371.3972507,4.390224456787109,0.1013772264122963,1.3716756105422974,0.7139631509780884,-0.171243354678154,0.5785980224609375,0.35518550872802734
462270,1775274371.4083617,4.39420223236084,0.09967365860939026,1.3675758838653564,0.7000390291213989,-0.17542000114917755,0.5768897533416748,0.3825850784778595
462271,1775274371.419473,4.397884845733643,0.09705447405576706,1.3635045289993286,0.6869359016418457,-0.17952565848827362,0.5723944902420044,0.4101879298686981
462272,1775274371.430584,4.401593208312988,0.0931951031088829,1.3589653968811035,0.6727234721183777,-0.18343132734298706,0.5683250427246094,0.4368096888065338
462273,1775274371.441695,4.405394554138184,0.08925217390060425,1.353721022605896,0.6589430570602417,-0.18793310225009918,0.5620245933532715,0.46325331926345825
462274,1775274371.4528062,4.409963130950928,0.09450176358222961,1.3494489192962646,0.6421180367469788,-0.19065812230110168,0.5579047203063965,0.48997578024864197
462275,1775274371.4639173,4.414231300354004,0.10076723992824554,1.3443540334701538,0.6260786056518555,-0.19464311003684998,0.551930844783783,0.5152785778045654
462276,1775274371.4750285,4.418459415435791,0.10606102645397186,1.340085744857788,0.6082683801651001,-0.1971217542886734,0.5454273223876953,0.5419057011604309
462277,1775274371.4861395,4.422521114349365,0.11019399017095566,1.3351970911026,0.5898928046226501,-0.20110400021076202,0.5365064740180969,0.5689855217933655
462278,1775274371.4972506,4.427011013031006,0.11307407915592194,1.330224871635437,0.5722326040267944,-0.2029736042022705,0.5289265513420105,0.5929487943649292
462279,1775274371.5083618,4.432074069976807,0.11454801261425018,1.3250184059143066,0.5528138279914856,-0.20380571484565735,0.5233039855957031,0.6156403422355652
462280,1775274371.5194728,4.437144756317139,0.115427166223526,1.3201937675476074,0.5344326496124268,-0.20321638882160187,0.5138022303581238,0.6396030783653259
462281,1775274371.5305839,4.443032741546631,0.11429503560066223,1.313934326171875,0.5169858932495117,-0.20191845297813416,0.5085605978965759,0.6582709550857544
462282,1775274371.541695,4.447795867919922,0.11247795820236206,1.3084872961044312,0.4956161677837372,-0.20295895636081696,0.4988692104816437,0.6813969612121582
462283,1775274371.5528061,4.453146934509277,0.10983458906412125,1.3030223846435547,0.47389379143714905,-0.20590052008628845,0.48877599835395813,0.7029421925544739
462284,1775274371.5639174,4.458026885986328,0.11290174722671509,1.2969982624053955,0.45080792903900146,-0.20473185181617737,0.47775280475616455,0.725678563117981
462285,1775274371.5750284,4.462794780731201,0.11856899410486221,1.291709303855896,0.42353343963623047,-0.20484507083892822,0.4653242826461792,0.7497540712356567
462286,1775274371.5861394,4.4689531326293945,0.1226881667971611,1.2868000268936157,0.39821210503578186,-0.20164135098457336,0.45682233572006226,0.7694681882858276
462287,1775274371.5972507,4.474825859069824,0.12573960423469543,1.2802304029464722,0.3761711120605469,-0.2053598165512085,0.44698628783226013,0.7851916551589966
462288,1775274371.6083617,4.480535984039307,0.12673714756965637,1.2743279933929443,0.34861353039741516,-0.20343631505966187,0.43763577938079834,0.803465723991394
462289,1775274371.619473,4.486292362213135,0.12706609070301056,1.2685654163360596,0.32373878359794617,-0.20090101659297943,0.42459532618522644,0.8213104009628296
462290,1775274371.630584,4.491657257080078,0.12628859281539917,1.2621076107025146,0.3009122908115387,-0.19715383648872375,0.4112568199634552,0.8375262022018433
462291,1775274371.641695,4.497250080108643,0.12466408312320709,1.2555211782455444,0.2763445973396301,-0.1953793466091156,0.3970179855823517,0.8531338572502136
462292,1775274371.6528063,4.503010272979736,0.1272871494293213,1.2490352392196655,0.25007838010787964,-0.19289882481098175,0.38252049684524536,0.868290901184082
462293,1775274371.6639173,4.508621692657471,0.13107910752296448,1.2421494722366333,0.22321702539920807,-0.18884199857711792,0.3678421974182129,0.8827258944511414
462294,1775274371.6750283,4.514211177825928,0.13402095437049866,1.2354410886764526,0.1984042376279831,-0.18472924828529358,0.3535896837711334,0.8952571153640747
462295,1775274371.6861396,4.52023983001709,0.13522851467132568,1.2284256219863892,0.17122523486614227,-0.18261310458183289,0.34026122093200684,0.9063976407051086
462296,1775274371.6972506,4.526074409484863,0.13506539165973663,1.220833659172058,0.14357052743434906,-0.17783470451831818,0.3267052173614502,0.9170747399330139
462297,1775274371.7083619,4.531469821929932,0.13387927412986755,1.214568853378296,0.11472560465335846,-0.17038604617118835,0.3084210753440857,0.9288073182106018
462298,1775274371.719473,4.537225246429443,0.13191157579421997,1.2067385911941528,0.08275347948074341,-0.16381651163101196,0.29061099886894226,0.9390747547149658
462299,1775274371.730584,4.543257236480713,0.13471011817455292,1.1995558738708496,0.05839762091636658,-0.16012516617774963,0.2772424519062042,0.9455613493919373
462300,1775274371.7416952,4.549570560455322,0.1365998089313507,1.1922454833984375,0.0313783697783947,-0.15634725987911224,0.26295194029808044,0.9515394568443298
462301,1775274371.7528062,4.555538177490234,0.137642040848732,1.185233235359192,0.004462455399334431,-0.15284469723701477,0.24676889181137085,0.9569346308708191
462302,1775274371.7639172,4.561295032501221,0.13724450767040253,1.178348183631897,-0.021863924339413643,-0.1467556357383728,0.22992362082004547,0.9618315696716309
462303,1775274371.7750285,4.5668110847473145,0.13561543822288513,1.1712602376937866,-0.05209925025701523,-0.13885658979415894,0.214506134390831,0.9653971791267395
462304,1775274371.7861395,4.57277774810791,0.1356222927570343,1.163809061050415,-0.07834967970848083,-0.13391368091106415,0.1981772780418396,0.9678090214729309
462305,1775274371.7972507,4.578436851501465,0.13725823163986206,1.1574946641921997,-0.105963334441185,-0.12739446759223938,0.18097075819969177,0.9694287776947021
462306,1775274371.8083618,4.584545135498047,0.1377282738685608,1.1507508754730225,-0.13226109743118286,-0.1236889660358429,0.1653609722852707,0.9694657921791077
462307,1775274371.8194728,4.589983940124512,0.13775794208049774,1.1442798376083374,-0.15340429544448853,-0.12022116035223007,0.1507701873779297,0.9691658616065979
462308,1775274371.830584,4.588772296905518,0.13370373845100403,1.1399409770965576,-0.17397171258926392,-0.12373705953359604,0.15506674349308014,0.9645607471466064
462309,1775274371.841695,4.583063125610352,0.13398560881614685,1.139150857925415,-0.17815886437892914,-0.13335423171520233,0.17344942688941956,0.9593703150749207
462310,1775274371.852806,4.577759265899658,0.1347980797290802,1.1379541158676147,-0.1825360208749771,-0.1434078961610794,0.1839916855096817,0.9551239609718323
462311,1775274371.8639174,4.573221206665039,0.13480472564697266,1.137855052947998,-0.18032698333263397,-0.15934525430202484,0.20071199536323547,0.9496346116065979
462312,1775274371.8750284,4.56892204284668,0.13417086005210876,1.138102412223816,-0.1765340268611908,-0.17331194877624512,0.2115514874458313,0.9455394148826599
462313,1775274371.8861396,4.564817428588867,0.13426220417022705,1.140383243560791,-0.17238304018974304,-0.19204336404800415,0.22114218771457672,0.9404784440994263
462314,1775274371.8972507,4.559816360473633,0.13425543904304504,1.1414350271224976,-0.16255970299243927,-0.20853911340236664,0.2369600385427475,0.9348453879356384
462315,1775274371.9083617,4.555420875549316,0.13404396176338196,1.1437064409255981,-0.1553240269422531,-0.2208264023065567,0.2481287568807602,0.9303452968597412
462316,1775274371.919473,4.551079750061035,0.13404178619384766,1.145590901374817,-0.1434585154056549,-0.2288416177034378,0.257395476102829,0.9277923703193665
462317,1775274371.930584,4.5472798347473145,0.13354550302028656,1.148045539855957,-0.13328175246715546,-0.23071688413619995,0.2698213458061218,0.9253120422363281
462318,1775274371.941695,4.5436787605285645,0.1337207555770874,1.1497255563735962,-0.11961150169372559,-0.23549385368824005,0.2789233326911926,0.9232754111289978
462319,1775274371.9528062,4.541489601135254,0.1335030496120453,1.1517637968063354,-0.11191052198410034,-0.23325757682323456,0.285673588514328,0.9227445721626282
462320,1775274371.9639173,4.539086818695068,0.13330888748168945,1.1525323390960693,-0.1120123639702797,-0.23367252945899963,0.2905600666999817,0.9211000800132751
462321,1775274371.9750285,4.536571502685547,0.13349030911922455,1.1521730422973633,-0.10933300852775574,-0.23665151000022888,0.2983032166957855,0.9181816577911377
462322,1775274371.9861395,4.535244941711426,0.13333483040332794,1.153217077255249,-0.10894499719142914,-0.23731502890586853,0.3021262288093567,0.9168055653572083
462323,1775274371.9972506,4.53427791595459,0.13340876996517181,1.1537212133407593,-0.10892441123723984,-0.2403717190027237,0.3058769404888153,0.9147656559944153
462324,1775274372.0083618,4.532946586608887,0.1336248517036438,1.1543208360671997,-0.10350508987903595,-0.2447536438703537,0.3130910396575928,0.9117874503135681
462325,1775274372.0194728,4.532169342041016,0.1335538625717163,1.1556556224822998,-0.09937277436256409,-0.24696213006973267,0.31453537940979004,0.9111543297767639
462326,1775274372.0305839,4.5310444831848145,0.133495032787323,1.1573874950408936,-0.09430539608001709,-0.24872054159641266,0.31524088978767395,0.9109708666801453
462327,1775274372.041695,4.530032634735107,0.13329173624515533,1.1601089239120483,-0.08341734111309052,-0.2521490454673767,0.3175618648529053,0.9102839231491089
462328,1775274372.0528061,4.528988361358643,0.13358160853385925,1.1631567478179932,-0.06923681497573853,-0.2574790418148041,0.3167426884174347,0.9102663993835449
462329,1775274372.0639174,4.527373790740967,0.13347023725509644,1.16640043258667,-0.054925646632909775,-0.2596397399902344,0.3161863684654236,0.9108219742774963
462330,1775274372.0750284,4.526620388031006,0.13337738811969757,1.1703211069107056,-0.04327211156487465,-0.2655728757381439,0.3174112141132355,0.9093121886253357
462331,1775274372.0861394,4.52540922164917,0.13373830914497375,1.1743346452713013,-0.027901098132133484,-0.2723195552825928,0.31607529520988464,0.9083832502365112
462332,1775274372.0972507,4.523825645446777,0.13410107791423798,1.1787371635437012,-0.012716821394860744,-0.2790158987045288,0.31445610523223877,0.9072518348693848
462333,1775274372.1083617,4.522536754608154,0.13376733660697937,1.1826125383377075,0.00015433685621246696,-0.2857239246368408,0.3152939975261688,0.9049593806266785
462334,1775274372.119473,4.521111488342285,0.13323251903057098,1.1863694190979004,0.01382317952811718,-0.2933144271373749,0.31654930114746094,0.901982307434082
462335,1775274372.130584,4.519599437713623,0.13317479193210602,1.1908581256866455,0.027841901406645775,-0.3015405833721161,0.3162163496017456,0.8990580439567566
462336,1775274372.141695,4.517688751220703,0.1325128674507141,1.195753574371338,0.04352755472064018,-0.30886027216911316,0.3175886571407318,0.8954598307609558
462337,1775274372.1528063,4.515198707580566,0.13183502852916718,1.2006160020828247,0.05988681688904762,-0.3157489597797394,0.31941789388656616,0.891452968120575
462338,1775274372.1639173,4.512059211730957,0.1311264932155609,1.2057652473449707,0.0782744362950325,-0.32338449358940125,0.3241002857685089,0.8855814933776855
462339,1775274372.1750283,4.508383274078369,0.1307000368833542,1.2099577188491821,0.09619423747062683,-0.33080899715423584,0.33114755153656006,0.8784381151199341
462340,1775274372.1861396,4.504166603088379,0.1299120932817459,1.2147325277328491,0.11674228310585022,-0.3392550051212311,0.3384714424610138,0.8698933124542236
462341,1775274372.1972506,4.499143123626709,0.1290910542011261,1.2202119827270508,0.13796378672122955,-0.3489953279495239,0.3464948832988739,0.8597148060798645
462342,1775274372.2083619,4.493875503540039,0.1280999779701233,1.2255059480667114,0.1597117930650711,-0.3556039333343506,0.3582523465156555,0.8483474254608154
462343,1775274372.219473,4.48850154876709,0.1270240694284439,1.2305065393447876,0.18206270039081573,-0.36259379982948303,0.3690728545188904,0.8361604809761047
462344,1775274372.230584,4.4829912185668945,0.1256701648235321,1.23536217212677,0.20420841872692108,-0.3691418468952179,0.37996017932891846,0.8232033252716064
462345,1775274372.2416952,4.477765083312988,0.12483493238687515,1.2405179738998413,0.2252950668334961,-0.37359899282455444,0.38910868763923645,0.8113325834274292
462346,1775274372.2528062,4.472967147827148,0.123866006731987,1.2459933757781982,0.2425365447998047,-0.37840598821640015,0.3969602584838867,0.8002547025680542
462347,1775274372.2639172,4.468982696533203,0.1230141669511795,1.2502025365829468,0.2618144750595093,-0.381125807762146,0.4067050516605377,0.7879005670547485
462348,1775274372.2750285,4.465005397796631,0.1218629702925682,1.2541580200195312,0.28099480271339417,-0.38388535380363464,0.4100475609302521,0.7781612873077393
462349,1775274372.2861395,4.461431980133057,0.1206764280796051,1.2585688829421997,0.30049893260002136,-0.3878413438796997,0.417130708694458,0.765036940574646
462350,1775274372.2972507,4.457139015197754,0.11980105191469193,1.2623651027679443,0.318672239780426,-0.3877120316028595,0.4203648567199707,0.7559238076210022
462351,1775274372.3083618,4.453812599182129,0.11856894195079803,1.2662937641143799,0.3356685936450958,-0.39143359661102295,0.42460107803344727,0.7441909909248352
462352,1775274372.3194728,4.450150489807129,0.11738702654838562,1.2696865797042847,0.35321730375289917,-0.39279040694236755,0.42917191982269287,0.7326422929763794
462353,1775274372.330584,4.446876049041748,0.11580058932304382,1.2725930213928223,0.3720347583293915,-0.39469099044799805,0.43383002281188965,0.719444751739502
462354,1775274372.341695,4.4431471824646,0.11481686681509018,1.2767447233200073,0.38795962929725647,-0.39665648341178894,0.4364010691642761,0.7083115577697754
462355,1775274372.352806,4.439540863037109,0.11361369490623474,1.281457781791687,0.40626615285873413,-0.3995319604873657,0.4405403137207031,0.6937191486358643
462356,1775274372.3639174,4.436530590057373,0.1121242418885231,1.2845168113708496,0.4224891662597656,-0.3991151750087738,0.44533154368400574,0.6810945868492126
462357,1775274372.3750284,4.433130264282227,0.11071169376373291,1.2880858182907104,0.4383450746536255,-0.40047013759613037,0.450291246175766,0.6668696403503418
462358,1775274372.3861396,4.42978572845459,0.10963853448629379,1.2909718751907349,0.45331770181655884,-0.40023717284202576,0.4527788460254669,0.655213475227356
462359,1775274372.3972507,4.426606178283691,0.10841898620128632,1.2940064668655396,0.46876758337020874,-0.40023595094680786,0.45655205845832825,0.641582727432251
462360,1775274372.4083617,4.423038482666016,0.10674208402633667,1.2985095977783203,0.48036593198776245,-0.39960145950317383,0.4604686200618744,0.6305044889450073
462361,1775274372.419473,4.419785976409912,0.10539804399013519,1.3024282455444336,0.4955097734928131,-0.40142273902893066,0.46561452746391296,0.6136229634284973
462362,1775274372.430584,4.416567802429199,0.10447853058576584,1.3042843341827393,0.5101954936981201,-0.40111005306243896,0.46817895770072937,0.5996831059455872
462363,1775274372.441695,4.414137363433838,0.10350307822227478,1.3071229457855225,0.5249662399291992,-0.40043312311172485,0.4722003936767578,0.5840296745300293
462364,1775274372.4528062,4.4107985496521,0.10180297493934631,1.3106369972229004,0.5375564098358154,-0.4000133275985718,0.4753609299659729,0.5701354742050171
462365,1775274372.4639173,4.407711029052734,0.10081372410058975,1.313236117362976,0.5502229928970337,-0.3974878489971161,0.4785628616809845,0.5569881200790405
462366,1775274372.4750285,4.404607772827148,0.09943166375160217,1.3165838718414307,0.5616289973258972,-0.3959839940071106,0.4822240173816681,0.5433502793312073
462367,1775274372.4861395,4.401230335235596,0.09780916571617126,1.3189201354980469,0.5754125714302063,-0.3952251076698303,0.4821936786174774,0.5293267965316772
462368,1775274372.4972506,4.398243427276611,0.09545032680034637,1.3204946517944336,0.5863856673240662,-0.38870924711227417,0.4897266924381256,0.5149998664855957
462369,1775274372.5083618,4.394962310791016,0.0948149710893631,1.3217835426330566,0.5965177416801453,-0.3829253315925598,0.4930940270423889,0.5043739080429077
462370,1775274372.5194728,4.3921284675598145,0.09369771927595139,1.3223237991333008,0.604905366897583,-0.37626805901527405,0.4966796338558197,0.49580374360084534
462371,1775274372.5305839,4.390170097351074,0.09224529564380646,1.3226252794265747,0.6111935973167419,-0.37225571274757385,0.4989185035228729,0.4888235628604889
462372,1775274372.541695,4.388555526733398,0.09149590134620667,1.3224759101867676,0.6122767329216003,-0.37064406275749207,0.5006721019744873,0.4868958592414856
462373,1775274372.5528061,4.387326717376709,0.09114659577608109,1.321599006652832,0.6125476956367493,-0.3688350319862366,0.5028162598609924,0.4857178330421448
462374,1775274372.5639174,4.386638641357422,0.09061693400144577,1.3210418224334717,0.6117764711380005,-0.36666634678840637,0.5069360136985779,0.4840467870235443
462375,1775274372.5750284,4.385583400726318,0.0907571092247963,1.3206760883331299,0.6108025908470154,-0.3658696711063385,0.5079463720321655,0.4848196804523468
462376,1775274372.5861394,4.384881019592285,0.09188396483659744,1.320727825164795,0.6086871027946472,-0.3601684272289276,0.5126306414604187,0.4868146777153015
462377,1775274372.5972507,4.384212970733643,0.09125323593616486,1.3196674585342407,0.6119478344917297,-0.3611658811569214,0.5103477835655212,0.48438024520874023
462378,1775274372.6083617,4.383418083190918,0.09094787389039993,1.3191040754318237,0.6136687397956848,-0.3613660931587219,0.5106130242347717,0.48176711797714233
462379,1775274372.619473,4.382762432098389,0.09079580008983612,1.3192243576049805,0.6147671341896057,-0.3603934645652771,0.5115576982498169,0.48009029030799866
462380,1775274372.630584,4.382041931152344,0.09036549925804138,1.3199824094772339,0.6163714528083801,-0.358433336019516,0.5125297904014587,0.47846126556396484
462381,1775274372.641695,4.382579326629639,0.09111790359020233,1.3211430311203003,0.6172047853469849,-0.3511442244052887,0.5163516998291016,0.47868260741233826
462382,1775274372.6528063,4.383094310760498,0.09133991599082947,1.3224256038665771,0.6181813478469849,-0.3443887531757355,0.5198696851730347,0.47852256894111633
462383,1775274372.6639173,4.381173610687256,0.09117817133665085,1.3214941024780273,0.6171678304672241,-0.3496088981628418,0.520063042640686,0.475827693939209
462384,1775274372.6750283,4.380940914154053,0.0906539186835289,1.321007251739502,0.6208784580230713,-0.3486381769180298,0.5197327136993408,0.4720585346221924
462385,1775274372.6861396,4.380420207977295,0.09040084481239319,1.3212522268295288,0.6237664818763733,-0.34710007905960083,0.5208596587181091,0.4681262969970703
462386,1775274372.6972506,4.3792219161987305,0.090355783700943,1.3229843378067017,0.6249275803565979,-0.34433621168136597,0.5232743620872498,0.4659207761287689
462387,1775274372.7083619,4.37789249420166,0.089971162378788,1.3220710754394531,0.6279788613319397,-0.34355640411376953,0.5233228802680969,0.4623253345489502
462388,1775274372.719473,4.376908779144287,0.09008096903562546,1.322270154953003,0.6296354532241821,-0.34012672305107117,0.5260995626449585,0.4594479203224182
462389,1775274372.730584,4.376179218292236,0.08806455135345459,1.3226954936981201,0.6362216472625732,-0.34204891324043274,0.5240089297294617,0.45126399397850037
462390,1775274372.7416952,4.37572717666626,0.08820521086454391,1.3241195678710938,0.6364036202430725,-0.3360390365123749,0.5279022455215454,0.4509849548339844
462391,1775274372.7528062,4.374440670013428,0.08661947399377823,1.3238511085510254,0.640505850315094,-0.33828407526016235,0.5275511145591736,0.4438537061214447
462392,1775274372.7639172,4.373760223388672,0.0880739688873291,1.3236582279205322,0.6405091285705566,-0.3295208215713501,0.5335016250610352,0.4433284103870392
462393,1775274372.7750285,4.372725486755371,0.08675646781921387,1.323159098625183,0.6436998248100281,-0.33326661586761475,0.5321188569068909,0.4375309944152832
462394,1775274372.7861395,4.372165203094482,0.0877855196595192,1.3238723278045654,0.6415131092071533,-0.327437162399292,0.5370969176292419,0.4390590190887451
462395,1775274372.7972507,4.371574878692627,0.08806373178958893,1.3252077102661133,0.6390089988708496,-0.3230080008506775,0.5416330099105835,0.4404168725013733
462396,1775274372.8083618,4.3711419105529785,0.08786416798830032,1.3241524696350098,0.6404224634170532,-0.32294130325317383,0.541477620601654,0.4386001527309418
462397,1775274372.8194728,4.371277809143066,0.08762297034263611,1.323843002319336,0.6407221555709839,-0.3205976188182831,0.5429356694221497,0.4380790889263153
462398,1775274372.830584,4.370412826538086,0.0878516137599945,1.3232899904251099,0.6383563280105591,-0.3209399878978729,0.54451584815979,0.4393191635608673
462399,1775274372.841695,4.370410442352295,0.08780751377344131,1.32277512550354,0.6370741128921509,-0.31970012187957764,0.5459626317024231,0.44028767943382263
462400,1775274372.852806,4.370530128479004,0.08793891966342926,1.3223015069961548,0.6359853148460388,-0.318144291639328,0.5470886826515198,0.44158899784088135
462401,1775274372.8639174,4.370983600616455,0.08783337473869324,1.321258306503296,0.6357787847518921,-0.3168419897556305,0.546987771987915,0.4429457187652588
462402,1775274372.8750284,4.370591640472412,0.08814415335655212,1.3195710182189941,0.6335561275482178,-0.31894221901893616,0.5459333658218384,0.44591405987739563
462403,1775274372.8861396,4.371708393096924,0.08814389258623123,1.3192822933197021,0.6324193477630615,-0.3160346448421478,0.5465362668037415,0.448849618434906
462404,1775274372.8972507,4.3716278076171875,0.0882033258676529,1.3177205324172974,0.6295143365859985,-0.317422479391098,0.5462636351585388,0.45227304100990295
462405,1775274372.9083617,4.372153282165527,0.08859515190124512,1.317276120185852,0.6260277628898621,-0.3153791129589081,0.5468540787696838,0.4577946662902832
462406,1775274372.919473,4.373039245605469,0.0884440690279007,1.316628098487854,0.6248546838760376,-0.3152547776699066,0.5441870093345642,0.4626356065273285
462407,1775274372.930584,4.373586177825928,0.08876250684261322,1.3162833452224731,0.6221709847450256,-0.3134061098098755,0.5457519888877869,0.46565505862236023
462408,1775274372.941695,4.373968124389648,0.08885324746370316,1.3157497644424438,0.6214622855186462,-0.31153446435928345,0.5468023419380188,0.46662411093711853
462409,1775274372.9528062,4.3740057945251465,0.08870728313922882,1.3155802488327026,0.6208662390708923,-0.31084340810775757,0.5472218990325928,0.46738600730895996
462410,1775274372.9639173,4.373992443084717,0.0887083113193512,1.315324068069458,0.6214433908462524,-0.3097291588783264,0.547199010848999,0.46738553047180176
462411,1775274372.9750285,4.373876571655273,0.08866135776042938,1.3152556419372559,0.621433675289154,-0.3094213008880615,0.5469631552696228,0.4678783118724823
462412,1775274372.9861395,4.373910903930664,0.08861283957958221,1.315192461013794,0.6214795112609863,-0.30918553471565247,0.5466276407241821,0.46836501359939575
462413,1775274372.9972506,4.3746466636657715,0.08865909278392792,1.3149430751800537,0.6229806542396545,-0.3069342076778412,0.5461722016334534,0.4683828055858612
462414,1775274373.0083618,4.3746418952941895,0.08875785768032074,1.31496262550354,0.6226195096969604,-0.3069123327732086,0.5458261966705322,0.46927976608276367
462415,1775274373.0194728,4.374786376953125,0.08885082602500916,1.31499183177948,0.6226902008056641,-0.30642247200012207,0.5458760857582092,0.469448059797287
462416,1775274373.0305839,4.374797821044922,0.08887101709842682,1.3149876594543457,0.6230261921882629,-0.30617934465408325,0.5458498597145081,0.4691915214061737
462417,1775274373.041695,4.37465763092041,0.0888509601354599,1.3150665760040283,0.6237958669662476,-0.30626872181892395,0.5457838773727417,0.46818602085113525
462418,1775274373.0528061,4.3744120597839355,0.08877469599246979,1.3151453733444214,0.624742865562439,-0.30594468116760254,0.5464267134666443,0.46638190746307373
462419,1775274373.0639174,4.373321056365967,0.08866678923368454,1.3152413368225098,0.6253920197486877,-0.30776312947273254,0.5461037158966064,0.46469059586524963
462420,1775274373.0750284,4.373472213745117,0.08867087960243225,1.3151320219039917,0.6283450126647949,-0.30551737546920776,0.5463162064552307,0.46193113923072815
462421,1775274373.0861394,4.372915267944336,0.0879928395152092,1.315693974494934,0.6302263140678406,-0.3058251440525055,0.5479529500007629,0.4572017192840576
462422,1775274373.0972507,4.371362209320068,0.08772006630897522,1.3160815238952637,0.6289069056510925,-0.3095492720603943,0.5496983528137207,0.4544084966182709
462423,1775274373.1083617,4.370112895965576,0.08809487521648407,1.316782832145691,0.6272221207618713,-0.3096647262573242,0.5522896647453308,0.45351552963256836
462424,1775274373.119473,4.368950843811035,0.0881129652261734,1.3185617923736572,0.6246474981307983,-0.3083319067955017,0.5553231239318848,0.4542722702026367
462425,1775274373.130584,4.368574619293213,0.08838002383708954,1.3188040256500244,0.6259393692016602,-0.3060847818851471,0.557324230670929,0.4515548348426819
462426,1775274373.141695,4.36785888671875,0.0876767560839653,1.3179720640182495,0.628818690776825,-0.30922478437423706,0.5566321015357971,0.44623756408691406
462427,1775274373.1528063,4.368063449859619,0.08661118894815445,1.3177152872085571,0.6325045824050903,-0.3111680746078491,0.5544783473014832,0.4423416256904602
462428,1775274373.1639173,4.368194103240967,0.0864720568060875,1.3181066513061523,0.633082926273346,-0.30989426374435425,0.5554891228675842,0.44113871455192566
462429,1775274373.1750283,4.3676934242248535,0.08639638125896454,1.3180453777313232,0.6329948902130127,-0.31127938628196716,0.555202066898346,0.4406510889530182
462430,1775274373.1861396,4.367707252502441,0.08636078983545303,1.3180264234542847,0.6331406831741333,-0.31150785088539124,0.5549382567405701,0.4406123757362366
462431,1775274373.1972506,4.367536544799805,0.08661912381649017,1.317696452140808,0.631420910358429,-0.31207969784736633,0.555632472038269,0.4417991042137146
462432,1775274373.2083619,4.367690563201904,0.08681345731019974,1.3171958923339844,0.6304553151130676,-0.3115157186985016,0.5563032627105713,0.44273099303245544
462433,1775274373.219473,4.367815017700195,0.08848243951797485,1.3183964490890503,0.62501460313797,-0.30592137575149536,0.5603755116462708,0.4491640031337738
462434,1775274373.230584,4.369034767150879,0.08810029923915863,1.3183687925338745,0.626026451587677,-0.3046436905860901,0.5593372583389282,0.4499167799949646
462435,1775274373.2416952,4.369166851043701,0.08741717040538788,1.317069172859192,0.6282085180282593,-0.3068329393863678,0.5549179911613464,0.4508587419986725
462436,1775274373.2528062,4.368788719177246,0.0879632830619812,1.3174773454666138,0.6236864924430847,-0.30548739433288574,0.5560049414634705,0.4566740393638611
462437,1775274373.2639172,4.370065212249756,0.08827143162488937,1.3167859315872192,0.6247792840003967,-0.30292975902557373,0.5554791688919067,0.45752307772636414
462438,1775274373.2750285,4.3705854415893555,0.0881313681602478,1.3155629634857178,0.6249119639396667,-0.3029312491416931,0.5553864240646362,0.4574533998966217
462439,1775274373.2861395,4.370838165283203,0.08810439705848694,1.3146799802780151,0.6239238381385803,-0.3024739921092987,0.5553877353668213,0.4591001570224762
462440,1775274373.2972507,4.37144136428833,0.08790793269872665,1.314064860343933,0.6229130029678345,-0.30121371150016785,0.5557547211647034,0.4608541429042816
462441,1775274373.3083618,4.37152099609375,0.08807551115751266,1.3130489587783813,0.6207208633422852,-0.30003905296325684,0.556571364402771,0.4635845124721527
462442,1775274373.3194728,4.371706962585449,0.08813715726137161,1.3125674724578857,0.6193819046020508,-0.2985430955886841,0.5573497414588928,0.4654023051261902
462443,1775274373.330584,4.371776580810547,0.08827546238899231,1.3121525049209595,0.6182019710540771,-0.2972594201564789,0.5575189590454102,0.467585027217865
462444,1775274373.341695,4.3719072341918945,0.08856789022684097,1.3118091821670532,0.6171802878379822,-0.2956867218017578,0.5571981072425842,0.4703063666820526
462445,1775274373.352806,4.3720383644104,0.08875769376754761,1.3113892078399658,0.6167867183685303,-0.29424726963043213,0.5569965243339539,0.4719613790512085
462446,1775274373.3639174,4.371917724609375,0.08893506228923798,1.3107953071594238,0.6162200570106506,-0.293795645236969,0.5567574501037598,0.47326335310935974
462447,1775274373.3750284,4.371760845184326,0.08901315927505493,1.3102506399154663,0.6154960989952087,-0.2936846911907196,0.5567931532859802,0.47423121333122253
462448,1775274373.3861396,4.371617794036865,0.0890716016292572,1.309958577156067,0.6144676804542542,-0.29354095458984375,0.5571845769882202,0.4751933515071869
462449,1775274373.3972507,4.371552467346191,0.08912915736436844,1.309661626815796,0.6135943531990051,-0.29345694184303284,0.5573744773864746,0.47614991664886475
462450,1775274373.4083617,4.3716511726379395,0.08911249786615372,1.3095203638076782,0.6130889058113098,-0.2932732403278351,0.5571971535682678,0.47712063789367676
462451,1775274373.419473,4.371703147888184,0.08930414915084839,1.3093351125717163,0.612243115901947,-0.2932267189025879,0.5570793747901917,0.47837135195732117
462452,1775274373.430584,4.371862411499023,0.08939137309789658,1.3092128038406372,0.6118168830871582,-0.29348817467689514,0.5568228363990784,0.47905439138412476
462453,1775274373.441695,4.371786117553711,0.08945354074239731,1.309051275253296,0.6109209060668945,-0.2944220304489136,0.556811511516571,0.47963762283325195
462454,1775274373.4528062,4.371938705444336,0.089512899518013,1.3090732097625732,0.6108406186103821,-0.29481542110443115,0.5564181208610535,0.47995463013648987
462455,1775274373.4639173,4.372459888458252,0.08956867456436157,1.3092774152755737,0.610909640789032,-0.29438692331314087,0.5563174486160278,0.4802466332912445
462456,1775274373.4750285,4.372766494750977,0.08960819244384766,1.3094650506973267,0.6105450391769409,-0.2946029603481293,0.5561966300010681,0.4807173013687134
462457,1775274373.4861395,4.373132228851318,0.0896599143743515,1.3096435070037842,0.6102761030197144,-0.29498574137687683,0.5558726787567139,0.4811987578868866
462458,1775274373.4972506,4.372525691986084,0.08983414620161057,1.30916166305542,0.6089181303977966,-0.29882723093032837,0.5545055270195007,0.48212510347366333
462459,1775274373.5083618,4.373386859893799,0.08982601761817932,1.3100544214248657,0.6088264584541321,-0.29699650406837463,0.553862988948822,0.4841066300868988
462460,1775274373.5194728,4.373918533325195,0.08990597724914551,1.3103164434432983,0.6083113551139832,-0.2974538207054138,0.5531467199325562,0.48529088497161865
462461,1775274373.5305839,4.374434471130371,0.09008952230215073,1.3101482391357422,0.6078118085861206,-0.2986789643764496,0.552233874797821,0.486203134059906
